time,temporada,rodada,data,horario,dia_semana,mes,adversario,resultado,gols_favor,gols_sofridos,condicao,arbitro,idade_media_titular_time,desvio_idade_media_time,altura_media_titular_time,desvio_altura_media_time,idade_media_titular_adv,desvio_idade_media_adv,altura_media_titular_adv,desvio_altura_media_adv,estadio,publico
Atlético Mineiro,2015,1,09/05/2015,18:30,Sábado,05,Palmeiras,Empate,2,2,Visitante,Felipe Gomes Da Silva,27.8,4.0,182.9,8.7,28.2,6.3,178.6,8.8,Nubank Parque,28781
Atlético Mineiro,2015,2,17/05/2015,16:00,Domingo,05,Fluminense,Vitória,4,1,Mandante,Anderson Daronco,26.3,4.9,180.7,7.9,27.3,4.8,181.5,6.6,Arena Independência,11958
Atlético Mineiro,2015,3,24/05/2015,16:00,Domingo,05,Athletico,Derrota,0,1,Visitante,Thiago Duarte Peixoto,26.4,4.9,180.7,7.9,24.9,3.8,178.7,8.5,Arena da Baixada,13510
Atlético Mineiro,2015,4,31/05/2015,16:00,Domingo,05,Vasco da Gama,Vitória,3,0,Mandante,Alisson Sidnei Furtado,26.9,4.7,180.7,7.9,28.3,5.1,179.6,7.8,Arena Independência,17958
Atlético Mineiro,2015,5,03/06/2015,22:00,Quarta,06,Avaí,Vitória,4,1,Visitante,Pablo Dos Santos Alves,26.5,4.5,180.9,7.6,26.8,5.2,180.8,7.4,Estádio da Ressacada,7101
Atlético Mineiro,2015,6,06/06/2015,18:30,Sábado,06,Cruzeiro,Derrota,1,3,Mandante,Marcelo de Lima Henrique,26.6,4.6,180.2,7.7,26.7,4.2,177.8,6.7,Arena Independência,20092
Atlético Mineiro,2015,7,10/06/2015,19:30,Quarta,06,Santos,Empate,2,2,Mandante,Wilton Pereira Sampaio,27.0,4.6,181.4,7.0,25.5,5.0,179.5,8.2,Arena Independência,10536
Atlético Mineiro,2015,8,20/06/2015,16:30,Sábado,06,Flamengo,Vitória,2,0,Visitante,Thiago Duarte Peixoto,27.9,4.1,181.7,6.9,27.6,4.3,179.2,7.0,Estádio do Maracanã,42318
Atlético Mineiro,2015,9,28/06/2015,11:00,Domingo,06,Joinville,Vitória,1,0,Mandante,Emerson Luiz Sobral,28.1,4.0,181.8,6.7,26.1,5.9,181.5,4.6,Arena Independência,55987
Atlético Mineiro,2015,10,01/07/2015,21:00,Quarta,07,Coritiba,Vitória,2,0,Mandante,Braulio Da Silva Machado,27.3,4.8,181.4,7.0,26.4,4.5,180.3,3.6,Arena Independência,13309
Atlético Mineiro,2015,11,05/07/2015,18:30,Domingo,07,Internacional,Vitória,3,1,Visitante,Raphael Claus,27.8,3.5,181.2,6.0,27.1,4.7,180.8,7.3,Estádio Beira-Rio,16812
Atlético Mineiro,2015,12,08/07/2015,22:00,Quarta,07,Sport Recife,Vitória,2,1,Mandante,Elmo Alves Resende Cunha,28.3,4.2,181.8,6.7,27.5,3.9,180.2,8.1,Arena Independência,50684
Atlético Mineiro,2015,13,11/07/2015,21:00,Sábado,07,Ponte Preta,Vitória,2,0,Visitante,Rodolpho Toski Marques,28.3,4.2,181.8,6.7,26.4,2.9,177.9,6.8,Moisés Lucarelli,4733
Atlético Mineiro,2015,14,18/07/2015,21:00,Sábado,07,Corinthians,Derrota,0,1,Visitante,Anderson Daronco,27.8,4.3,181.1,7.4,26.7,3.1,179.9,7.8,Neo Química Arena,36280
Atlético Mineiro,2015,15,25/07/2015,21:00,Sábado,07,Figueirense,Vitória,1,0,Mandante,Luiz Flávio de Oliveira,28.4,4.3,181.5,6.8,26.4,3.7,182.4,6.1,Arena Independência,16056
Atlético Mineiro,2015,16,29/07/2015,22:00,Quarta,07,São Paulo,Vitória,3,1,Mandante,Dewson Fernando Freitas da Silva,27.9,4.3,180.9,7.7,27.6,6.2,182.0,3.6,Arena Independência,47606
Atlético Mineiro,2015,17,09/08/2015,16:00,Domingo,08,Goiás,Empate,0,0,Visitante,Raphael Claus,27.9,4.3,179.6,7.6,25.1,4.3,180.2,4.9,Serra Dourada,7762
Atlético Mineiro,2015,18,13/08/2015,21:00,Quinta,08,Grêmio,Derrota,0,2,Mandante,Dewson Fernando Freitas da Silva,28.1,4.6,180.7,8.1,25.8,4.2,182.1,6.6,Arena Independência,49047
Atlético Mineiro,2015,19,16/08/2015,18:30,Domingo,08,Chapecoense,Derrota,1,2,Visitante,,28.5,3.9,181.2,7.6,29.0,2.9,179.5,7.7,Arena Condá,8133
Atlético Mineiro,2015,20,23/08/2015,18:30,Domingo,08,Palmeiras,Vitória,2,1,Mandante,Sandro Meira Ricci,27.4,3.6,180.5,6.7,29.7,5.6,181.7,7.1,Arena Independência,17464
Atlético Mineiro,2015,21,30/08/2015,16:00,Domingo,08,Fluminense,Vitória,2,1,Visitante,Marielson Alves Silva,27.5,4.5,180.4,8.5,27.0,5.3,181.9,6.4,Estádio do Maracanã,20533
Atlético Mineiro,2015,22,02/09/2015,21:00,Quarta,09,Athletico,Derrota,0,1,Mandante,Marcelo de Lima Henrique,28.9,3.9,180.6,7.7,23.6,3.0,180.1,5.9,Arena Independência,12064
Atlético Mineiro,2015,23,05/09/2015,19:30,Sábado,09,Vasco da Gama,Vitória,2,1,Visitante,Elmo Alves Resende Cunha,29.5,3.4,182.5,6.9,28.7,5.2,181.9,6.5,Estádio do Maracanã,8768
Atlético Mineiro,2015,24,09/09/2015,19:30,Quarta,09,Avaí,Vitória,2,0,Mandante,Luis Teixeira Rocha,28.6,3.9,180.3,7.7,26.8,3.7,179.9,8.6,Arena Independência,10388
Atlético Mineiro,2015,25,13/09/2015,16:00,Domingo,09,Cruzeiro,Empate,1,1,Visitante,Leandro Pedro Vuaden,27.7,4.3,180.2,7.7,28.9,3.7,178.8,5.8,Governador Magalhães Pinto,45991
Atlético Mineiro,2015,26,16/09/2015,22:00,Quarta,09,Santos,Derrota,0,4,Visitante,Heber Roberto Lopes,26.9,4.6,180.2,7.7,26.5,5.8,181.0,7.8,Estádio Urbano Caldeira,6179
Atlético Mineiro,2015,27,20/09/2015,16:00,Domingo,09,Flamengo,Vitória,4,1,Mandante,Sandro Meira Ricci,28.5,4.4,180.9,7.5,26.8,3.2,179.7,5.7,Arena Independência,20203
Atlético Mineiro,2015,28,27/09/2015,16:00,Domingo,09,Joinville,Empate,2,2,Visitante,Raphael Claus,28.2,4.4,180.4,7.6,27.7,5.7,180.0,5.4,Arena Joinville,7486
Atlético Mineiro,2015,29,03/10/2015,18:30,Sábado,10,Coritiba,Vitória,3,0,Visitante,Pericles Bassols Pegado Cortez,28.0,4.3,181.1,7.4,30.2,3.8,176.7,7.6,Estádio Major Antônio Couto Pereira,14469
Atlético Mineiro,2015,30,14/10/2015,19:30,Quarta,10,Internacional,Vitória,2,1,Mandante,Andre Luiz de Freitas Castro,27.5,3.6,180.5,6.7,27.7,4.0,181.3,7.0,Arena Independência,19023
Atlético Mineiro,2015,31,18/10/2015,17:30,Domingo,10,Sport Recife,Derrota,1,4,Visitante,Wilton Pereira Sampaio,26.8,4.0,180.1,6.4,27.6,4.4,180.7,7.4,Ilha do Retiro,15459
Atlético Mineiro,2015,32,25/10/2015,18:30,Domingo,10,Ponte Preta,Vitória,2,1,Mandante,Sandro Meira Ricci,28.2,4.4,180.4,7.6,28.4,4.3,178.5,7.0,Arena Independência,13232
Atlético Mineiro,2015,33,01/11/2015,16:00,Domingo,11,Corinthians,Derrota,0,3,Mandante,Heber Roberto Lopes,28.9,4.1,180.5,7.6,27.3,4.4,180.6,8.7,Arena Independência,21798
Atlético Mineiro,2015,34,08/11/2015,16:00,Domingo,11,Figueirense,Vitória,1,0,Visitante,Marcelo Aparecido Ribeiro de Souza,28.3,4.4,180.4,7.6,27.3,3.6,181.4,7.2,Orlando Scarpelli,11556
Atlético Mineiro,2015,35,19/11/2015,21:00,Quinta,11,São Paulo,Derrota,2,4,Visitante,Leandro Pedro Vuaden,27.8,3.2,180.2,7.5,27.3,4.2,182.2,4.6,MorumBIS,18217
Atlético Mineiro,2015,36,22/11/2015,16:00,Domingo,11,Goiás,Empate,2,2,Mandante,Nielson Nogueira Dias,28.3,4.4,180.4,7.6,26.5,4.2,180.5,4.8,Arena Independência,9373
Atlético Mineiro,2015,37,29/11/2015,16:00,Domingo,11,Grêmio,Derrota,1,2,Visitante,Pericles Bassols Pegado Cortez,28.3,4.4,180.1,7.8,25.4,4.4,181.6,7.4,Arena do Grêmio,36862
Atlético Mineiro,2015,38,06/12/2015,16:00,Domingo,12,Chapecoense,Vitória,3,0,Mandante,Wilton Pereira Sampaio,27.6,3.9,181.7,7.3,29.4,5.1,178.2,6.5,Arena Independência,32229
Atlético Mineiro,2016,1,14/05/2016,18:30,Sábado,05,Santos,Vitória,1,0,Mandante,Jailson Macedo Freitas,24.6,3.5,180.5,6.9,25.8,5.3,180.8,8.1,Arena Independência,5403
Atlético Mineiro,2016,2,22/05/2016,11:00,Domingo,05,Athletico,Empate,1,1,Visitante,Flavio Rodrigues De Souza,25.7,4.1,179.8,7.8,25.1,3.4,180.8,6.1,Arena da Baixada,11804
Atlético Mineiro,2016,3,26/05/2016,21:00,Quinta,05,Grêmio,Derrota,0,3,Mandante,Raphael Claus,27.4,4.2,181.0,6.8,28.2,3.7,182.1,5.9,Arena Independência,15742
Atlético Mineiro,2016,4,29/05/2016,16:00,Domingo,05,Vitória,Empate,1,1,Visitante,Rodolpho Toski Marques,27.0,4.1,181.2,6.8,27.1,3.5,180.0,6.6,Arena Fonte Nova,12791
Atlético Mineiro,2016,5,01/06/2016,21:45,Quarta,06,Fluminense,Empate,1,1,Mandante,Luiz Flávio de Oliveira,27.2,4.4,180.2,6.8,27.4,5.0,181.5,5.8,Arena Independência,8144
Atlético Mineiro,2016,6,05/06/2016,16:00,Domingo,06,Sport Recife,Empate,4,4,Visitante,Rodrigo Nunes De Sa,27.2,4.4,180.2,6.8,28.9,5.8,178.2,8.0,Ilha do Retiro,14170
Atlético Mineiro,2016,7,12/06/2016,16:00,Domingo,06,Cruzeiro,Derrota,2,3,Mandante,Marcelo Aparecido Ribeiro de Souza,29.1,5.0,180.5,7.0,26.6,4.6,177.7,6.7,Arena Independência,19484
Atlético Mineiro,2016,8,16/06/2016,19:30,Quinta,06,Internacional,Derrota,0,2,Visitante,Pericles Bassols Pegado Cortez,28.2,5.1,180.2,7.2,25.7,4.3,180.5,5.1,Estádio Beira-Rio,21881
Atlético Mineiro,2016,9,19/06/2016,11:00,Domingo,06,Ponte Preta,Vitória,3,0,Mandante,Sandro Meira Ricci,29.1,5.0,180.5,8.5,28.2,4.5,178.5,7.9,Arena Independência,16042
Atlético Mineiro,2016,10,22/06/2016,21:45,Quarta,06,Corinthians,Vitória,2,1,Mandante,Wilton Pereira Sampaio,29.0,5.0,180.2,8.5,26.5,2.3,179.7,7.4,Arena Independência,34426
Atlético Mineiro,2016,11,26/06/2016,11:00,Domingo,06,América Mineiro,Vitória,1,0,Visitante,Anderson Daronco,29.1,5.0,180.5,8.5,28.0,3.5,180.3,5.2,Arena Independência,9516
Atlético Mineiro,2016,12,30/06/2016,21:00,Quinta,06,Botafogo,Vitória,5,3,Mandante,Raphael Claus,28.1,5.2,181.3,8.6,27.2,4.8,180.7,6.7,Governador Magalhães Pinto,36129
Atlético Mineiro,2016,13,03/07/2016,19:00,Domingo,07,Figueirense,Empate,1,1,Visitante,Rafael Traci,27.9,5.2,181.5,8.5,26.6,3.4,177.6,7.0,Orlando Scarpelli,5226
Atlético Mineiro,2016,14,10/07/2016,11:00,Domingo,07,Flamengo,Derrota,0,2,Visitante,Marielson Alves Silva,27.7,4.9,180.3,8.1,26.8,4.1,181.1,6.6,Arena BRB Mané Garrincha,23390
Atlético Mineiro,2016,15,18/07/2016,20:00,Segunda,07,Coritiba,Vitória,2,1,Mandante,Leandro Pedro Vuaden,28.7,5.1,182.1,7.5,30.2,4.4,178.4,6.6,Arena Independência,20891
Atlético Mineiro,2016,16,24/07/2016,11:00,Domingo,07,Palmeiras,Vitória,1,0,Visitante,Wagner do Nascimento Magalhaes,30.7,3.8,182.3,7.3,28.2,6.2,178.7,7.3,Nubank Parque,39400
Atlético Mineiro,2016,17,30/07/2016,21:00,Sábado,07,Santa Cruz,Vitória,3,0,Mandante,Dewson Fernando Freitas da Silva,31.3,2.9,182.7,7.5,29.2,5.0,181.7,6.5,Arena Independência,16804
Atlético Mineiro,2016,18,04/08/2016,19:30,Quinta,08,São Paulo,Vitória,2,1,Visitante,Leandro Pedro Vuaden,30.7,2.9,183.4,7.1,28.4,3.4,180.2,6.5,MorumBIS,15717
Atlético Mineiro,2016,19,08/08/2016,20:00,Segunda,08,Chapecoense,Vitória,3,1,Mandante,Pericles Bassols Pegado Cortez,31.3,2.9,182.7,7.5,28.5,4.6,179.8,5.9,Arena Independência,17484
Atlético Mineiro,2016,20,14/08/2016,16:00,Domingo,08,Santos,Derrota,0,3,Visitante,Wagner do Nascimento Magalhaes,31.3,2.9,182.7,7.5,26.6,5.4,182.6,6.3,Estádio Urbano Caldeira,10250
Atlético Mineiro,2016,21,21/08/2016,11:00,Domingo,08,Athletico,Vitória,1,0,Mandante,Braulio Da Silva Machado,29.8,4.6,182.4,7.4,24.2,3.3,181.2,5.0,Arena Independência,17465
Atlético Mineiro,2016,22,28/08/2016,16:00,Domingo,08,Grêmio,Empate,1,1,Visitante,Claudio Francisco Lima E. Silva,29.5,4.3,182.9,5.8,27.3,4.0,181.7,5.7,Arena do Grêmio,30631
Atlético Mineiro,2016,23,07/09/2016,19:30,Quarta,09,Vitória,Vitória,2,1,Mandante,Jean Pierre Goncalves Lima,28.9,3.6,180.0,5.8,26.0,3.6,178.1,7.6,Arena Independência,13532
Atlético Mineiro,2016,24,12/09/2016,20:00,Segunda,09,Fluminense,Derrota,2,4,Visitante,Eduardo Tomaz de Aquino Valadao,30.6,3.6,182.8,6.6,27.0,3.8,178.3,8.6,Estádio Giulite Coutinho,9004
Atlético Mineiro,2016,25,15/09/2016,19:30,Quinta,09,Sport Recife,Vitória,1,0,Mandante,Thiago Duarte Peixoto,28.4,4.9,181.4,7.8,28.1,5.9,177.8,7.5,Arena Independência,11389
Atlético Mineiro,2016,26,18/09/2016,16:00,Domingo,09,Cruzeiro,Empate,1,1,Visitante,Braulio Da Silva Machado,29.5,4.4,180.7,8.8,28.7,2.5,179.8,6.5,Governador Magalhães Pinto,43381
Atlético Mineiro,2016,27,25/09/2016,18:30,Domingo,09,Internacional,Vitória,3,1,Mandante,Pericles Bassols Pegado Cortez,29.0,5.0,180.1,7.5,27.3,4.9,180.2,5.3,Arena Independência,20311
Atlético Mineiro,2016,28,01/10/2016,16:30,Sábado,10,Ponte Preta,Vitória,2,1,Visitante,Diego Almeida Real,28.4,5.1,179.5,8.6,28.0,5.2,182.1,6.5,Moisés Lucarelli,4946
Atlético Mineiro,2016,29,05/10/2016,21:00,Quarta,10,Corinthians,Empate,0,0,Visitante,Rodolpho Toski Marques,29.3,5.5,181.3,7.2,24.8,3.0,180.6,5.6,Neo Química Arena,17135
Atlético Mineiro,2016,30,13/10/2016,19:30,Quinta,10,América Mineiro,Vitória,3,0,Mandante,Raphael Claus,29.6,4.4,180.7,8.8,28.7,4.1,180.2,5.9,Governador Magalhães Pinto,27737
Atlético Mineiro,2016,31,16/10/2016,16:00,Domingo,10,Botafogo,Derrota,2,3,Visitante,Reway Wagner,29.6,4.4,180.7,8.8,27.7,4.0,178.9,6.2,Estádio Luso Brasileiro,14595
Atlético Mineiro,2016,32,23/10/2016,18:30,Domingo,10,Figueirense,Vitória,3,0,Mandante,Grazianni Maciel Rocha,27.2,4.9,178.7,8.5,28.9,2.8,180.5,7.7,Arena Independência,14615
Atlético Mineiro,2016,33,29/10/2016,15:30,Sábado,10,Flamengo,Empate,2,2,Mandante,Braulio Da Silva Machado,29.2,4.1,179.1,8.4,28.9,3.7,180.4,7.0,Arena Independência,45952
Atlético Mineiro,2016,34,06/11/2016,18:30,Domingo,11,Coritiba,Derrota,0,2,Visitante,Anderson Daronco,28.0,3.8,178.8,8.9,27.4,5.6,177.4,6.8,Estádio Major Antônio Couto Pereira,11847
Atlético Mineiro,2016,35,17/11/2016,20:00,Quinta,11,Palmeiras,Empate,1,1,Mandante,Braulio Da Silva Machado,30.0,3.6,180.4,7.4,27.4,5.1,179.2,6.6,Arena Independência,14942
Atlético Mineiro,2016,36,20/11/2016,18:30,Domingo,11,Santa Cruz,Empate,3,3,Visitante,Wagner do Nascimento Magalhaes,26.5,4.1,179.4,6.7,29.5,5.2,178.8,7.4,Estádio do Arruda,3221
Atlético Mineiro,2016,37,27/11/2016,16:00,Domingo,11,São Paulo,Derrota,1,2,Mandante,Dewson Fernando Freitas da Silva,26.5,4.0,180.5,6.5,25.1,2.8,178.4,7.9,Arena Independência,8901
Atlético Mineiro,2017,1,13/05/2017,16:00,Sábado,05,Flamengo,Empate,1,1,Visitante,Jailson Macedo Freitas,30.1,3.6,179.8,8.3,28.2,3.9,180.1,6.9,Estádio do Maracanã,50220
Atlético Mineiro,2017,2,21/05/2017,16:00,Domingo,05,Fluminense,Derrota,1,2,Mandante,Jean Pierre Goncalves Lima,29.2,3.8,179.8,8.4,25.1,4.5,181.3,6.4,Arena Independência,16145
Atlético Mineiro,2017,3,28/05/2017,11:00,Domingo,05,Ponte Preta,Empate,2,2,Mandante,Wagner do Nascimento Magalhaes,30.0,3.6,180.4,7.7,28.7,4.5,181.1,6.7,Arena Independência,19553
Atlético Mineiro,2017,4,04/06/2017,16:00,Domingo,06,Palmeiras,Empate,0,0,Visitante,Marcelo de Lima Henrique,28.1,4.7,180.1,8.5,28.8,5.3,180.3,7.5,Nubank Parque,34240
Atlético Mineiro,2017,5,07/06/2017,19:30,Quarta,06,Avaí,Vitória,1,0,Mandante,Bruno Arleu de Araujo,28.4,4.8,180.9,6.9,28.3,5.0,178.4,7.1,Arena Independência,12648
Atlético Mineiro,2017,6,11/06/2017,16:00,Domingo,06,Vitória,Derrota,0,2,Visitante,Raphael Claus,28.9,4.3,182.5,7.9,28.2,3.9,178.7,8.2,Estádio Manoel Barradas,6812
Atlético Mineiro,2017,7,14/06/2017,19:30,Quarta,06,Athletico,Derrota,0,1,Mandante,Pericles Bassols Pegado Cortez,30.4,4.7,182.6,8.0,27.4,5.6,179.5,7.1,Arena Independência,10924
Atlético Mineiro,2017,8,18/06/2017,16:00,Domingo,06,São Paulo,Vitória,2,1,Visitante,Braulio Da Silva Machado,30.3,4.9,182.1,8.5,25.6,4.1,181.5,8.3,MorumBIS,22704
Atlético Mineiro,2017,9,21/06/2017,21:45,Quarta,06,Sport Recife,Empate,2,2,Mandante,Wilton Pereira Sampaio,30.0,5.3,181.5,8.5,29.0,5.4,178.1,7.2,Arena Independência,12027
Atlético Mineiro,2017,10,25/06/2017,19:00,Domingo,06,Chapecoense,Vitória,1,0,Visitante,Joao Batista de Arruda,25.0,4.3,181.2,7.6,25.9,3.6,182.8,7.2,Arena Condá,9013
Atlético Mineiro,2017,11,02/07/2017,16:00,Domingo,07,Cruzeiro,Vitória,3,1,Mandante,Anderson Daronco,29.8,5.3,181.0,7.4,28.3,4.1,179.2,6.6,Arena Independência,17251
Atlético Mineiro,2017,12,09/07/2017,19:00,Domingo,07,Botafogo,Empate,1,1,Visitante,Wilton Pereira Sampaio,28.5,4.9,181.5,6.9,28.7,4.5,181.2,6.4,Estádio Nilton Santos,9630
Atlético Mineiro,2017,13,12/07/2017,19:30,Quarta,07,Santos,Derrota,0,1,Mandante,Marcelo de Lima Henrique,27.6,4.7,180.3,6.4,27.6,4.6,182.0,6.2,Arena Independência,12949
Atlético Mineiro,2017,14,16/07/2017,16:00,Domingo,07,Atlético Goianiense,Vitória,2,1,Visitante,Pablo Dos Santos Alves,27.0,4.8,180.7,6.6,27.1,1.9,181.9,5.7,Estádio Olímpico Pedro Ludovico,5235
Atlético Mineiro,2017,15,19/07/2017,21:45,Quarta,07,Bahia,Derrota,0,2,Mandante,Marcelo Aparecido Ribeiro de Souza,28.4,4.4,180.5,6.4,25.8,3.9,179.9,6.6,Arena Independência,12177
Atlético Mineiro,2017,16,23/07/2017,19:00,Domingo,07,Vasco da Gama,Derrota,1,2,Mandante,Raphael Claus,27.2,4.3,180.6,6.9,25.7,6.1,180.1,6.2,Arena Independência,12497
Atlético Mineiro,2017,17,30/07/2017,16:00,Domingo,07,Coritiba,Vitória,2,0,Visitante,Wagner do Nascimento Magalhaes,29.2,4.9,180.8,7.4,27.1,2.4,179.9,5.7,Estádio Major Antônio Couto Pereira,11564
Atlético Mineiro,2017,18,02/08/2017,21:00,Quarta,08,Corinthians,Derrota,0,2,Mandante,Anderson Daronco,29.4,5.0,180.1,7.8,25.6,3.7,179.1,9.1,Arena Independência,45283
Atlético Mineiro,2017,19,06/08/2017,16:00,Domingo,08,Grêmio,Derrota,0,2,Visitante,Flavio Rodrigues De Souza,25.4,4.5,181.5,7.6,28.2,5.4,179.7,5.6,Arena do Grêmio,22702
Atlético Mineiro,2017,20,13/08/2017,16:00,Domingo,08,Flamengo,Vitória,2,0,Mandante,Elmo Alves Resende Cunha,30.3,4.3,180.4,7.9,28.3,3.9,180.7,7.2,Arena Independência,11031
Atlético Mineiro,2017,21,21/08/2017,20:00,Segunda,08,Fluminense,Derrota,1,2,Visitante,Vinicius Goncalves Dias Araujo,29.7,5.3,181.2,8.3,25.7,3.6,181.7,5.7,Estádio Giulite Coutinho,10412
Atlético Mineiro,2017,22,27/08/2017,16:00,Domingo,08,Ponte Preta,Vitória,2,1,Visitante,Rodolpho Toski Marques,29.7,5.1,180.5,8.4,28.1,6.0,178.8,8.5,Moisés Lucarelli,5779
Atlético Mineiro,2017,23,09/09/2017,16:00,Sábado,09,Palmeiras,Empate,1,1,Mandante,Leandro Pedro Vuaden,29.4,5.1,180.2,7.8,30.1,4.6,179.6,6.9,Arena Independência,25672
Atlético Mineiro,2017,24,17/09/2017,11:00,Domingo,09,Avaí,Empate,1,1,Visitante,Andre Luiz de Freitas Castro,29.9,4.8,179.5,7.8,27.7,3.0,180.2,6.8,Estádio da Ressacada,9201
Atlético Mineiro,2017,25,24/09/2017,19:00,Domingo,09,Vitória,Derrota,1,3,Mandante,Wilton Pereira Sampaio,28.5,5.4,180.6,7.5,25.4,3.8,182.2,7.9,Arena Independência,10865
Atlético Mineiro,2017,26,01/10/2017,19:00,Domingo,10,Athletico,Vitória,2,0,Visitante,Reway Wagner,30.0,5.2,180.4,7.5,26.8,3.6,181.1,5.8,Arena da Baixada,11418
Atlético Mineiro,2017,27,11/10/2017,21:45,Quarta,10,São Paulo,Vitória,1,0,Mandante,Heber Roberto Lopes,29.9,4.1,180.9,7.6,26.0,4.8,180.8,5.8,Arena Independência,17606
Atlético Mineiro,2017,28,15/10/2017,16:00,Domingo,10,Sport Recife,Empate,1,1,Visitante,Leandro Bizzio Marinho,29.1,4.2,179.4,8.6,29.0,5.0,179.5,5.7,Ilha do Retiro,20273
Atlético Mineiro,2017,29,18/10/2017,20:00,Quarta,10,Chapecoense,Derrota,2,3,Mandante,Vinicius Goncalves Dias Araujo,30.1,4.2,180.2,8.0,27.8,3.3,181.8,5.6,Arena Independência,11927
Atlético Mineiro,2017,30,22/10/2017,16:00,Domingo,10,Cruzeiro,Vitória,3,1,Visitante,Wagner do Nascimento Magalhaes,30.5,4.9,180.4,7.9,28.4,5.0,179.3,5.9,Governador Magalhães Pinto,35921
Atlético Mineiro,2017,31,29/10/2017,16:00,Domingo,10,Botafogo,Empate,0,0,Mandante,Sandro Meira Ricci,30.5,4.9,179.4,8.1,26.9,3.9,181.2,7.2,Arena Independência,17086
Atlético Mineiro,2017,32,04/11/2017,16:00,Sábado,11,Santos,Derrota,1,3,Visitante,Wilton Pereira Sampaio,30.8,4.6,179.0,8.4,28.4,6.0,182.5,5.8,Estádio Urbano Caldeira,11418
Atlético Mineiro,2017,33,09/11/2017,19:00,Quinta,11,Atlético Goianiense,Vitória,3,2,Mandante,Rodolpho Toski Marques,30.6,4.8,179.7,7.6,26.5,2.6,182.1,5.2,Arena Independência,8204
Atlético Mineiro,2017,34,12/11/2017,17:00,Domingo,11,Bahia,Empate,2,2,Visitante,Raphael Claus,28.6,5.4,180.5,8.4,25.7,3.5,177.9,6.6,Arena Fonte Nova,29769
Atlético Mineiro,2017,35,15/11/2017,20:45,Quarta,11,Vasco da Gama,Empate,1,1,Visitante,Flavio Rodrigues De Souza,30.4,5.2,180.0,8.5,26.0,5.1,180.0,6.7,Estádio São Januário,12059
Atlético Mineiro,2017,36,19/11/2017,18:00,Domingo,11,Coritiba,Vitória,3,0,Mandante,Sandro Meira Ricci,29.8,5.4,179.1,8.1,27.5,4.0,178.9,7.0,Arena Independência,8184
Atlético Mineiro,2017,37,26/11/2017,16:00,Domingo,11,Corinthians,Empate,2,2,Visitante,Wagner do Nascimento Magalhaes,29.8,5.4,179.1,8.1,27.1,4.0,178.7,9.6,Neo Química Arena,46030
Atlético Mineiro,2017,38,03/12/2017,16:00,Domingo,12,Grêmio,Vitória,4,3,Mandante,Marcelo Aparecido Ribeiro de Souza,29.9,5.6,180.5,8.4,21.1,3.4,179.9,6.4,Arena Independência,19116
Atlético Mineiro,2018,1,15/04/2018,16:00,Domingo,04,Vasco da Gama,Derrota,1,2,Visitante,Andre Luiz de Freitas Castro,28.6,5.2,177.3,8.2,28.5,4.3,178.7,5.6,Estádio São Januário,7197
Atlético Mineiro,2018,2,22/04/2018,16:00,Domingo,04,Vitória,Vitória,2,1,Mandante,Grazianni Maciel Rocha,28.1,5.4,179.1,7.8,25.9,3.7,181.4,8.8,Arena Independência,10423
Atlético Mineiro,2018,3,29/04/2018,16:00,Domingo,04,Corinthians,Vitória,1,0,Mandante,Dewson Fernando Freitas da Silva,28.1,5.4,179.1,7.8,26.3,3.7,177.5,8.3,Arena Independência,19825
Atlético Mineiro,2018,4,05/05/2018,19:00,Sábado,05,São Paulo,Empate,2,2,Visitante,Rafael Traci,29.7,5.7,179.5,8.2,30.6,3.1,182.4,4.3,MorumBIS,31976
Atlético Mineiro,2018,5,13/05/2018,16:00,Domingo,05,Athletico,Vitória,2,1,Visitante,Luiz Flávio de Oliveira,28.1,5.4,179.1,7.8,26.3,3.8,179.0,5.5,Arena da Baixada,7505
Atlético Mineiro,2018,6,19/05/2018,16:00,Sábado,05,Cruzeiro,Vitória,1,0,Mandante,Raphael Claus,28.1,6.0,180.4,7.0,28.4,4.8,180.4,5.4,Arena Independência,15384
Atlético Mineiro,2018,7,26/05/2018,21:00,Sábado,05,Flamengo,Derrota,0,1,Mandante,Anderson Daronco,25.5,5.4,180.1,6.9,25.7,5.0,179.2,4.8,Arena Independência,15797
Atlético Mineiro,2018,8,30/05/2018,19:30,Quarta,05,Sport Recife,Derrota,2,3,Visitante,Wagner do Nascimento Magalhaes,27.3,6.0,180.4,7.0,29.3,5.0,180.5,5.4,Ilha do Retiro,15605
Atlético Mineiro,2018,9,02/06/2018,16:00,Sábado,06,Chapecoense,Empate,3,3,Mandante,Bruno Arleu de Araujo,27.5,6.1,179.6,7.3,29.1,3.5,180.6,6.9,Arena Independência,10298
Atlético Mineiro,2018,10,07/06/2018,21:00,Quinta,06,América Mineiro,Vitória,3,1,Visitante,Braulio Da Silva Machado,29.0,5.9,180.5,7.9,27.0,4.5,182.0,6.2,Arena Independência,7776
Atlético Mineiro,2018,11,10/06/2018,16:00,Domingo,06,Fluminense,Vitória,5,2,Mandante,Flavio Rodrigues De Souza,29.3,6.2,180.2,7.3,23.9,3.4,182.4,7.4,Arena Independência,14476
Atlético Mineiro,2018,12,13/06/2018,21:45,Quarta,06,Ceará,Vitória,2,1,Mandante,Vinicius Furlan,27.7,5.7,179.8,6.8,30.5,2.4,179.7,8.0,Arena Independência,22119
Atlético Mineiro,2018,13,18/07/2018,21:45,Quarta,07,Grêmio,Derrota,0,2,Visitante,Flavio Rodrigues De Souza,28.9,5.1,176.6,9.2,29.8,4.9,180.6,6.3,Arena do Grêmio,20311
Atlético Mineiro,2018,14,22/07/2018,16:00,Domingo,07,Palmeiras,Derrota,2,3,Visitante,Pericles Bassols Pegado Cortez,29.2,4.9,178.4,7.1,29.6,3.8,180.5,7.1,Nubank Parque,29246
Atlético Mineiro,2018,15,25/07/2018,21:00,Quarta,07,Paraná Clube,Vitória,2,0,Mandante,Leandro Pedro Vuaden,29.7,6.1,180.4,8.7,26.0,2.6,180.5,4.7,Arena Independência,18948
Atlético Mineiro,2018,16,30/07/2018,20:00,Segunda,07,Bahia,Empate,2,2,Visitante,Wilton Pereira Sampaio,28.2,5.1,179.7,8.4,27.7,3.9,182.3,6.5,Arena Fonte Nova,15993
Atlético Mineiro,2018,17,06/08/2018,20:00,Segunda,08,Internacional,Derrota,0,1,Mandante,Jailson Macedo Freitas,28.4,6.8,180.6,8.9,27.1,3.1,182.7,4.6,Arena Independência,22035
Atlético Mineiro,2018,18,12/08/2018,11:00,Domingo,08,Santos,Vitória,3,1,Mandante,Rodrigo Dalonso Ferreira,27.5,7.3,181.0,8.5,25.7,4.2,180.8,6.7,Arena Independência,22062
Atlético Mineiro,2018,19,19/08/2018,16:00,Domingo,08,Botafogo,Vitória,3,0,Visitante,Marcelo Aparecido Ribeiro de Souza,28.6,6.5,181.4,8.4,26.1,4.0,182.3,7.2,Estádio Nilton Santos,8470
Atlético Mineiro,2018,20,23/08/2018,20:00,Quinta,08,Vasco da Gama,Empate,0,0,Mandante,Leandro Pedro Vuaden,29.5,6.4,181.0,8.7,28.0,4.8,178.4,5.4,Arena Independência,22452
Atlético Mineiro,2018,21,26/08/2018,16:00,Domingo,08,Vitória,Derrota,0,1,Visitante,Leandro Bizzio Marinho,27.8,6.0,180.0,8.0,23.4,2.5,178.4,8.1,Estádio Manoel Barradas,5954
Atlético Mineiro,2018,22,01/09/2018,21:00,Sábado,09,Corinthians,Empate,1,1,Visitante,Wagner do Nascimento Magalhaes,29.6,6.2,181.1,8.9,26.3,5.0,180.2,5.7,Neo Química Arena,29371
Atlético Mineiro,2018,23,05/09/2018,21:45,Quarta,09,São Paulo,Vitória,1,0,Mandante,Anderson Daronco,29.3,6.4,181.5,8.4,31.0,2.9,181.5,4.4,Arena Independência,20852
Atlético Mineiro,2018,24,10/09/2018,20:00,Segunda,09,Athletico,Vitória,3,1,Mandante,Luiz Flávio de Oliveira,30.2,5.6,180.6,8.7,27.6,4.9,180.2,6.4,Arena Independência,20922
Atlético Mineiro,2018,25,16/09/2018,16:00,Domingo,09,Cruzeiro,Empate,0,0,Visitante,Rafael Traci,30.5,6.0,180.7,9.1,26.4,3.6,180.8,6.3,Governador Magalhães Pinto,24999
Atlético Mineiro,2018,26,23/09/2018,16:00,Domingo,09,Flamengo,Derrota,1,2,Visitante,Rodolpho Toski Marques,29.4,6.6,180.7,8.9,27.4,4.4,179.6,6.2,Estádio do Maracanã,39462
Atlético Mineiro,2018,27,30/09/2018,16:00,Domingo,09,Sport Recife,Vitória,5,2,Mandante,Leandro Bizzio Marinho,29.8,6.3,180.4,9.2,30.9,5.5,182.0,5.0,Arena Independência,21654
Atlético Mineiro,2018,28,06/10/2018,16:00,Sábado,10,Chapecoense,Derrota,0,1,Visitante,Luiz Flávio de Oliveira,28.5,5.8,180.2,7.9,27.1,3.1,181.3,6.5,Arena Condá,10074
Atlético Mineiro,2018,29,14/10/2018,19:00,Domingo,10,América Mineiro,Empate,0,0,Mandante,Flavio Rodrigues De Souza,31.0,5.6,180.3,8.9,28.6,4.2,178.8,9.0,Arena Independência,20526
Atlético Mineiro,2018,30,21/10/2018,16:00,Domingo,10,Fluminense,Derrota,0,1,Visitante,Jean Pierre Goncalves Lima,29.2,5.6,179.7,8.4,25.9,4.0,180.7,8.3,Estadio Nilton Santos,4762
Atlético Mineiro,2018,31,29/10/2018,20:00,Segunda,10,Ceará,Derrota,1,2,Visitante,Reway Wagner,29.4,6.7,180.4,9.3,28.1,4.9,179.8,8.5,Estádio Governador Plácido Castelo,37394
Atlético Mineiro,2018,32,03/11/2018,17:00,Sábado,11,Grêmio,Derrota,0,1,Mandante,Wagner do Nascimento Magalhaes,30.3,6.2,181.9,8.0,27.0,4.5,179.9,6.6,Arena Independência,16758
Atlético Mineiro,2018,33,11/11/2018,16:00,Domingo,11,Palmeiras,Empate,1,1,Mandante,Wilton Pereira Sampaio,30.7,6.0,180.7,9.1,30.9,3.6,181.1,7.0,Arena Independência,20488
Atlético Mineiro,2018,34,14/11/2018,20:00,Quarta,11,Paraná Clube,Vitória,1,0,Visitante,Wagner do Nascimento Magalhaes,28.1,6.3,180.7,8.6,24.9,3.9,180.7,3.7,Durival Britto e Silva,1140
Atlético Mineiro,2018,35,17/11/2018,20:00,Sábado,11,Bahia,Vitória,1,0,Mandante,Marcelo Aparecido Ribeiro de Souza,31.6,4.9,179.8,9.4,26.8,4.1,181.5,7.6,Arena Independência,17313
Atlético Mineiro,2018,36,21/11/2018,18:30,Quarta,11,Internacional,Vitória,2,1,Visitante,Raphael Claus,29.7,5.9,180.5,9.2,27.8,4.2,182.2,5.1,Estádio Beira-Rio,23085
Atlético Mineiro,2018,37,24/11/2018,19:00,Sábado,11,Santos,Derrota,2,3,Visitante,Leandro Pedro Vuaden,30.3,6.0,179.2,8.2,26.9,4.3,181.4,8.2,Estádio Urbano Caldeira,4591
Atlético Mineiro,2018,38,01/12/2018,18:00,Sábado,12,Botafogo,Vitória,1,0,Mandante,Braulio Da Silva Machado,30.7,6.0,180.7,9.1,25.1,3.9,180.3,6.0,Arena Independência,19171
Atlético Mineiro,2019,1,27/04/2019,19:00,Sábado,04,Avaí,Vitória,2,1,Mandante,Rodolpho Toski Marques,31.1,5.9,180.3,9.0,28.6,4.2,180.3,8.5,Arena Independência,10531
Atlético Mineiro,2019,2,01/05/2019,21:30,Quarta,05,Vasco da Gama,Vitória,2,1,Visitante,Raphael Claus,30.0,5.5,179.5,8.5,25.4,4.5,181.5,6.7,Estádio São Januário,6745
Atlético Mineiro,2019,3,04/05/2019,21:00,Sábado,05,Ceará,Vitória,2,1,Visitante,Flavio Rodrigues De Souza,29.5,5.9,180.2,8.0,31.2,3.2,180.5,7.1,Estádio Governador Plácido Castelo,16815
Atlético Mineiro,2019,4,12/05/2019,16:00,Domingo,05,Palmeiras,Derrota,0,2,Mandante,Anderson Daronco,30.8,5.3,179.9,8.5,28.3,3.2,180.2,6.0,Arena Independência,24368
Atlético Mineiro,2019,5,18/05/2019,19:00,Sábado,05,Flamengo,Vitória,2,1,Mandante,Paulo Roberto Alves Junior,29.7,5.4,178.5,9.1,27.5,3.5,178.6,4.9,Arena Independência,13616
Atlético Mineiro,2019,6,25/05/2019,19:00,Sábado,05,Grêmio,Derrota,0,1,Visitante,Rafael Traci,30.6,5.6,179.5,8.7,26.7,4.7,181.2,5.7,Arena do Grêmio,13714
Atlético Mineiro,2019,7,02/06/2019,19:00,Domingo,06,CSA,Vitória,4,0,Mandante,Diego Pombo Lopez,29.9,4.8,179.2,8.8,28.5,3.4,178.9,6.9,Arena Independência,14116
Atlético Mineiro,2019,8,09/06/2019,19:00,Domingo,06,Santos,Derrota,1,3,Visitante,Dewson Fernando Freitas da Silva,31.0,4.7,179.1,8.9,26.0,3.1,178.4,9.5,Estádio Urbano Caldeira,5794
Atlético Mineiro,2019,9,13/06/2019,20:00,Quinta,06,São Paulo,Empate,1,1,Mandante,Leandro Pedro Vuaden,29.9,4.8,179.2,8.8,27.2,4.7,179.0,5.0,Arena Independência,19761
Atlético Mineiro,2019,10,14/07/2019,19:00,Domingo,07,Chapecoense,Vitória,2,1,Visitante,Marcelo Aparecido Ribeiro de Souza,27.5,6.1,181.1,8.3,29.0,4.4,178.5,6.1,Arena Condá,2600
Atlético Mineiro,2019,11,21/07/2019,16:00,Domingo,07,Fortaleza,Empate,2,2,Mandante,Edina Alves Batista,26.4,4.6,179.6,7.3,29.1,4.7,178.3,6.1,Arena Independência,16043
Atlético Mineiro,2019,12,28/07/2019,19:00,Domingo,07,Goiás,Empate,0,0,Visitante,Luiz Flávio de Oliveira,27.8,4.9,179.5,8.5,26.9,2.9,179.2,5.6,Serra Dourada,10439
Atlético Mineiro,2019,13,04/08/2019,19:00,Domingo,08,Cruzeiro,Vitória,2,0,Mandante,Leandro Pedro Vuaden,29.8,5.0,179.5,7.9,31.7,4.2,182.5,5.1,Arena Independência,13181
Atlético Mineiro,2019,14,10/08/2019,21:00,Sábado,08,Fluminense,Vitória,2,1,Mandante,Wilton Pereira Sampaio,29.7,5.1,180.2,8.1,25.0,4.2,181.9,6.1,Arena Independência,19081
Atlético Mineiro,2019,15,17/08/2019,19:00,Sábado,08,Athletico,Derrota,0,1,Visitante,Dewson Fernando Freitas da Silva,27.1,5.1,179.8,8.0,26.9,4.1,180.6,6.7,Arena da Baixada,13148
Atlético Mineiro,2019,16,24/08/2019,11:00,Sábado,08,Bahia,Derrota,0,1,Mandante,Rodolpho Toski Marques,25.9,5.3,178.9,8.1,27.8,4.2,179.6,7.6,Arena Independência,22401
Atlético Mineiro,2019,17,01/09/2019,19:00,Domingo,09,Corinthians,Derrota,0,1,Visitante,Wilton Pereira Sampaio,29.8,5.0,179.5,7.9,29.3,4.6,179.2,8.9,Neo Química Arena,31961
Atlético Mineiro,2019,18,08/09/2019,16:00,Domingo,09,Botafogo,Derrota,1,2,Visitante,Braulio Da Silva Machado,31.1,4.6,179.0,7.4,28.7,5.6,181.5,5.8,Estadio Nilton Santos,12098
Atlético Mineiro,2019,19,15/09/2019,11:00,Domingo,09,Internacional,Derrota,1,3,Mandante,Bruno Arleu de Araujo,30.5,6.5,180.8,7.9,26.0,4.1,177.0,6.9,Arena Independência,18966
Atlético Mineiro,2019,20,23/09/2019,20:00,Segunda,09,Avaí,Derrota,0,1,Visitante,Caio Max Augusto Vieira,25.1,5.5,180.5,7.3,26.4,4.2,180.4,6.4,Estádio da Ressacada,7463
Atlético Mineiro,2019,22,29/09/2019,19:00,Domingo,09,Ceará,Vitória,2,1,Mandante,Paulo Roberto Alves Junior,29.0,4.2,179.6,9.2,29.1,4.4,180.6,6.9,Arena Independência,6131
Atlético Mineiro,2019,21,02/10/2019,19:15,Quarta,10,Vasco da Gama,Derrota,1,2,Mandante,Heber Roberto Lopes,27.9,4.0,179.5,9.8,25.6,5.1,182.6,6.7,Arena Independência,10485
Atlético Mineiro,2019,23,06/10/2019,16:00,Domingo,10,Palmeiras,Empate,1,1,Visitante,Rafael Traci,28.2,5.8,181.5,9.9,29.8,2.9,179.7,6.4,Nubank Parque,32659
Atlético Mineiro,2019,24,10/10/2019,20:00,Quinta,10,Flamengo,Derrota,1,3,Visitante,Wilton Pereira Sampaio,31.1,5.8,181.2,7.8,28.0,4.8,182.2,6.7,Estádio do Maracanã,58788
Atlético Mineiro,2019,25,13/10/2019,19:00,Domingo,10,Grêmio,Derrota,1,4,Mandante,Luiz Flávio de Oliveira,28.3,5.3,178.9,8.8,29.8,3.5,181.5,5.2,Arena Independência,12974
Atlético Mineiro,2019,26,16/10/2019,19:15,Quarta,10,CSA,Empate,2,2,Visitante,Savio Pereira Sampaio,29.0,6.3,181.7,9.2,30.3,3.9,179.4,8.3,Estádio Rei Pelé,13075
Atlético Mineiro,2019,27,20/10/2019,16:00,Domingo,10,Santos,Vitória,2,0,Mandante,Caio Max Augusto Vieira,29.2,5.9,181.4,9.7,26.8,3.3,178.9,11.0,Arena Independência,21771
Atlético Mineiro,2019,28,27/10/2019,16:00,Domingo,10,São Paulo,Derrota,0,2,Visitante,Bruno Arleu de Araujo,28.7,5.7,181.7,9.5,25.7,3.7,179.8,5.4,MorumBIS,18815
Atlético Mineiro,2019,29,30/10/2019,19:30,Quarta,10,Chapecoense,Derrota,0,2,Mandante,Diego Pombo Lopez,30.1,6.6,180.5,9.0,29.4,3.8,178.7,5.3,Arena Independência,19058
Atlético Mineiro,2019,30,02/11/2019,17:00,Sábado,11,Fortaleza,Empate,2,2,Visitante,Rodolpho Toski Marques,26.7,4.0,180.5,8.3,29.1,4.4,178.6,7.0,Estádio Governador Plácido Castelo,31503
Atlético Mineiro,2019,31,06/11/2019,20:00,Quarta,11,Goiás,Vitória,2,0,Mandante,Thiago Duarte Peixoto,29.1,4.1,179.4,9.6,26.8,4.3,180.1,6.5,Arena Independência,38937
Atlético Mineiro,2019,32,10/11/2019,16:00,Domingo,11,Cruzeiro,Empate,0,0,Visitante,Jean Pierre Goncalves Lima,28.1,4.0,180.5,9.5,29.3,6.2,181.5,6.0,Governador Magalhães Pinto,43205
Atlético Mineiro,2019,33,16/11/2019,19:00,Sábado,11,Fluminense,Empate,1,1,Visitante,Leandro Pedro Vuaden,26.9,5.1,180.6,8.5,25.0,3.4,182.3,5.4,Estádio do Maracanã,24405
Atlético Mineiro,2019,34,24/11/2019,16:00,Domingo,11,Athletico,Derrota,0,1,Mandante,Edina Alves Batista,28.2,5.5,179.5,10.3,25.3,4.1,181.9,5.1,Arena Independência,34432
Atlético Mineiro,2019,35,27/11/2019,21:00,Quarta,11,Bahia,Empate,1,1,Visitante,Thiago Duarte Peixoto,27.9,4.4,179.2,9.8,27.5,3.5,179.0,7.7,Arena Fonte Nova,12759
Atlético Mineiro,2019,36,01/12/2019,18:00,Domingo,12,Corinthians,Vitória,2,1,Mandante,Paulo Roberto Alves Junior,27.7,4.5,180.2,8.9,27.0,4.3,178.3,10.7,Arena Independência,18062
Atlético Mineiro,2019,37,04/12/2019,19:30,Quarta,12,Botafogo,Vitória,2,0,Mandante,Leandro Pedro Vuaden,26.3,4.3,179.3,9.6,27.5,5.4,179.5,7.7,Arena Independência,27924
Atlético Mineiro,2019,38,08/12/2019,16:00,Domingo,12,Internacional,Derrota,1,2,Visitante,Savio Pereira Sampaio,28.6,5.5,183.0,9.1,28.7,5.9,178.7,8.0,Estádio Beira-Rio,18616
Atlético Mineiro,2020,1,09/08/2020,16:00,Domingo,08,Flamengo,Vitória,1,0,Visitante,Raphael Claus,24.4,2.8,178.1,7.5,29.0,4.3,180.6,5.5,Estádio do Maracanã,0
Atlético Mineiro,2020,2,12/08/2020,19:15,Quarta,08,Corinthians,Vitória,3,2,Mandante,Wagner do Nascimento Magalhaes,25.9,4.6,179.9,7.5,27.2,4.4,179.5,7.9,Arena Independência,0
Atlético Mineiro,2020,3,16/08/2020,11:00,Domingo,08,Ceará,Vitória,2,0,Mandante,Savio Pereira Sampaio,26.5,4.4,179.2,8.1,29.7,5.6,179.9,7.7,Arena Independência,0
Atlético Mineiro,2020,4,19/08/2020,21:30,Quarta,08,Botafogo,Derrota,1,2,Visitante,Flavio Rodrigues De Souza,25.0,3.5,178.9,7.7,25.4,4.0,182.5,6.4,Estadio Nilton Santos,0
Atlético Mineiro,2020,5,22/08/2020,19:00,Sábado,08,Internacional,Derrota,0,1,Visitante,Luiz Flávio de Oliveira,27.9,4.4,181.6,7.5,28.2,3.6,180.0,5.2,Estádio Beira-Rio,0
Atlético Mineiro,2020,7,03/09/2020,20:00,Quinta,09,São Paulo,Vitória,3,0,Mandante,Jean Pierre Goncalves Lima,27.3,3.6,178.6,6.7,25.8,4.2,179.5,5.3,Arena Independência,0
Atlético Mineiro,2020,8,06/09/2020,20:30,Domingo,09,Coritiba,Vitória,1,0,Visitante,Diego Pombo Lopez,26.2,3.1,177.6,7.4,28.0,3.8,180.2,4.1,Estádio Major Antônio Couto Pereira,0
Atlético Mineiro,2020,9,09/09/2020,21:30,Quarta,09,Santos,Derrota,1,3,Visitante,Wagner do Nascimento Magalhaes,26.1,3.8,179.5,7.6,26.0,4.1,177.5,8.6,Estádio Urbano Caldeira,0
Atlético Mineiro,2020,10,13/09/2020,18:00,Domingo,09,Red Bull Bragantino,Vitória,2,1,Mandante,Ramon Abatti Abel,25.9,4.1,178.7,8.9,26.1,5.0,179.3,5.7,Arena Independência,0
Atlético Mineiro,2020,11,19/09/2020,21:00,Sábado,09,Atlético Goianiense,Vitória,4,3,Visitante,Edina Alves Batista,26.7,4.1,178.1,7.8,24.9,2.4,179.4,7.4,Serra Dourada,0
Atlético Mineiro,2020,12,26/09/2020,21:00,Sábado,09,Grêmio,Vitória,3,1,Mandante,Caio Max Augusto Vieira,25.9,3.0,178.4,7.3,28.4,4.5,178.9,5.6,Arena Independência,0
Atlético Mineiro,2020,13,04/10/2020,20:30,Domingo,10,Vasco da Gama,Vitória,4,1,Mandante,Leandro Pedro Vuaden,26.9,4.1,178.5,7.6,26.0,5.6,179.4,6.2,Arena Independência,0
Atlético Mineiro,2020,14,07/10/2020,21:30,Quarta,10,Fortaleza,Derrota,1,2,Visitante,Savio Pereira Sampaio,29.2,4.3,179.1,6.9,29.5,4.1,178.5,7.0,Estádio Governador Plácido Castelo,0
Atlético Mineiro,2020,15,10/10/2020,21:00,Sábado,10,Goiás,Vitória,3,0,Mandante,Vinicius Goncalves Dias Araujo,26.5,4.9,179.6,7.5,26.7,4.9,181.8,5.4,Arena Independência,0
Atlético Mineiro,2020,16,14/10/2020,21:30,Quarta,10,Fluminense,Empate,1,1,Mandante,Raphael Claus,26.2,4.9,179.5,7.7,26.9,5.1,180.3,6.6,Arena Independência,0
Atlético Mineiro,2020,17,19/10/2020,20:00,Segunda,10,Bahia,Derrota,1,3,Visitante,Anderson Daronco,26.9,4.1,178.5,7.6,27.6,4.9,179.7,7.6,Arena Fonte Nova,0
Atlético Mineiro,2020,18,24/10/2020,21:00,Sábado,10,Sport Recife,Empate,0,0,Mandante,Paulo Roberto Alves Junior,26.9,4.1,178.5,7.6,29.5,4.5,180.7,6.5,Arena Independência,0
Atlético Mineiro,2020,19,02/11/2020,17:00,Segunda,11,Palmeiras,Derrota,0,3,Visitante,Braulio Da Silva Machado,25.7,4.0,179.5,8.2,27.4,5.1,179.5,6.1,Nubank Parque,0
Atlético Mineiro,2020,20,08/11/2020,18:15,Domingo,11,Flamengo,Vitória,4,0,Mandante,Savio Pereira Sampaio,26.8,4.1,179.2,8.5,27.0,4.7,184.5,7.1,Governador Magalhães Pinto,0
Atlético Mineiro,2020,21,14/11/2020,19:00,Sábado,11,Corinthians,Vitória,2,1,Visitante,Rodrigo Dalonso Ferreira,27.4,4.2,178.8,8.1,27.2,4.4,177.8,8.7,Neo Química Arena,0
Atlético Mineiro,2020,6,18/11/2020,19:00,Quarta,11,Athletico,Derrota,0,2,Mandante,Dyorgines Jose Padovani de Andrade,25.8,3.3,180.6,7.5,25.4,4.2,180.9,5.8,Governador Magalhães Pinto,0
Atlético Mineiro,2020,22,22/11/2020,16:00,Domingo,11,Ceará,Empate,2,2,Visitante,Raphael Claus,25.0,4.1,179.1,7.8,29.4,5.1,181.4,7.2,Estádio Governador Plácido Castelo,0
Atlético Mineiro,2020,23,25/11/2020,21:30,Quarta,11,Botafogo,Vitória,2,1,Mandante,Savio Pereira Sampaio,26.3,3.2,178.2,7.5,25.9,4.5,180.1,6.0,Governador Magalhães Pinto,0
Atlético Mineiro,2020,24,06/12/2020,18:15,Domingo,12,Internacional,Empate,2,2,Mandante,Bruno Arleu de Araujo,27.8,3.9,179.4,7.9,28.4,4.4,181.5,5.6,Governador Magalhães Pinto,0
Atlético Mineiro,2020,25,12/12/2020,17:00,Sábado,12,Athletico,Vitória,1,0,Visitante,Vinicius Goncalves Dias Araujo,26.4,3.2,176.6,6.7,24.9,3.0,180.9,5.9,Arena da Baixada,0
Atlético Mineiro,2020,26,16/12/2020,21:30,Quarta,12,São Paulo,Derrota,0,3,Visitante,Wilton Pereira Sampaio,26.0,3.5,178.3,7.5,28.0,5.6,179.5,5.3,MorumBIS,0
Atlético Mineiro,2020,27,26/12/2020,17:00,Sábado,12,Coritiba,Vitória,2,0,Mandante,Dyorgines Jose Padovani de Andrade,27.5,4.2,178.1,7.8,28.7,5.6,177.7,7.5,Governador Magalhães Pinto,0
Atlético Mineiro,2020,29,11/01/2021,20:00,Segunda,01,Red Bull Bragantino,Empate,2,2,Visitante,Caio Max Augusto Vieira,27.4,4.3,177.9,7.8,25.4,4.4,180.5,6.2,Estádio Nabi Abi Chedid,0
Atlético Mineiro,2020,30,17/01/2021,18:15,Domingo,01,Atlético Goianiense,Vitória,3,1,Mandante,Braulio Da Silva Machado,27.7,4.0,178.3,7.7,26.1,2.4,179.9,6.7,Governador Magalhães Pinto,0
Atlético Mineiro,2020,31,20/01/2021,19:15,Quarta,01,Grêmio,Empate,1,1,Visitante,Raphael Claus,27.7,4.0,179.4,8.4,28.6,4.6,182.3,5.8,Arena do Grêmio,0
Atlético Mineiro,2020,32,23/01/2021,21:00,Sábado,01,Vasco da Gama,Derrota,2,3,Visitante,Vinicius Goncalves Dias Araujo,26.8,3.0,177.3,6.5,28.3,5.7,179.1,7.1,Estádio São Januário,0
Atlético Mineiro,2020,28,26/01/2021,20:00,Terça,01,Santos,Vitória,2,0,Mandante,Paulo Roberto Alves Junior,27.7,3.8,178.5,7.6,24.0,3.3,181.8,7.1,Governador Magalhães Pinto,0
Atlético Mineiro,2020,33,31/01/2021,17:00,Domingo,01,Fortaleza,Vitória,2,0,Mandante,Leandro Pedro Vuaden,27.6,3.8,178.2,7.8,28.8,4.5,179.9,6.3,Governador Magalhães Pinto,0
Atlético Mineiro,2020,34,03/02/2021,21:30,Quarta,02,Goiás,Derrota,0,1,Visitante,Bruno Arleu de Araujo,27.5,3.9,178.5,7.8,24.9,4.9,183.4,6.3,Serra Dourada,0
Atlético Mineiro,2020,35,10/02/2021,21:30,Quarta,02,Fluminense,Empate,0,0,Visitante,Luiz Flávio de Oliveira,27.2,4.1,177.8,7.9,28.8,7.2,180.5,5.7,Estádio do Maracanã,0
Atlético Mineiro,2020,36,13/02/2021,19:00,Sábado,02,Bahia,Empate,1,1,Mandante,Raphael Claus,26.9,3.9,179.8,7.9,27.8,5.2,180.4,7.4,Governador Magalhães Pinto,0
Atlético Mineiro,2020,37,21/02/2021,16:00,Domingo,02,Sport Recife,Vitória,3,2,Visitante,Rodolpho Toski Marques,27.0,4.3,178.0,7.9,27.3,3.9,181.8,5.8,Ilha do Retiro,0
Atlético Mineiro,2020,38,25/02/2021,21:30,Quinta,02,Palmeiras,Vitória,2,0,Mandante,Heber Roberto Lopes,26.0,3.9,179.5,7.9,23.7,4.0,179.6,6.3,Governador Magalhães Pinto,0
Atlético Mineiro,2021,1,30/05/2021,11:00,Domingo,05,Fortaleza,Derrota,1,2,Mandante,Caio Max Augusto Vieira,27.1,3.8,180.3,7.6,28.7,4.4,181.9,3.0,Governador Magalhães Pinto,0
Atlético Mineiro,2021,2,06/06/2021,20:30,Domingo,06,Sport Recife,Vitória,1,0,Visitante,Raphael Claus,29.8,4.2,180.3,7.6,27.3,4.0,181.4,8.0,Ilha do Retiro,0
Atlético Mineiro,2021,3,13/06/2021,16:00,Domingo,06,São Paulo,Vitória,1,0,Mandante,Anderson Daronco,28.9,4.3,180.4,7.5,27.8,4.5,181.2,4.5,Governador Magalhães Pinto,0
Atlético Mineiro,2021,4,16/06/2021,19:00,Quarta,06,Internacional,Vitória,1,0,Visitante,Luiz Flávio de Oliveira,28.1,4.2,179.2,6.8,26.8,5.0,181.0,5.4,Estádio Beira-Rio,0
Atlético Mineiro,2021,5,21/06/2021,20:00,Segunda,06,Chapecoense,Empate,1,1,Mandante,Rodolpho Toski Marques,28.7,4.2,178.9,6.9,26.1,4.5,181.9,6.9,Governador Magalhães Pinto,0
Atlético Mineiro,2021,6,24/06/2021,19:00,Quinta,06,Ceará,Derrota,1,2,Visitante,Leandro Pedro Vuaden,27.4,3.7,177.4,6.1,26.6,3.2,181.5,6.5,Estádio Governador Plácido Castelo,0
Atlético Mineiro,2021,7,27/06/2021,20:30,Domingo,06,Santos,Derrota,0,2,Visitante,Bruno Arleu de Araujo,28.7,4.2,178.9,6.9,25.6,4.9,177.9,7.3,Estádio Urbano Caldeira,0
Atlético Mineiro,2021,8,01/07/2021,19:00,Quinta,07,Atlético Goianiense,Vitória,4,1,Mandante,Flavio Rodrigues De Souza,29.2,4.7,181.4,8.0,26.9,3.8,179.1,8.7,Governador Magalhães Pinto,0
Atlético Mineiro,2021,9,04/07/2021,18:15,Domingo,07,Cuiabá,Vitória,1,0,Visitante,Savio Pereira Sampaio,29.1,4.7,179.7,8.2,29.1,5.2,182.5,4.4,Estádio Eurico Gaspar Dutra,0
Atlético Mineiro,2021,10,07/07/2021,19:00,Quarta,07,Flamengo,Vitória,2,1,Mandante,Paulo Roberto Alves Junior,28.7,4.8,179.3,7.7,28.7,4.7,180.1,6.3,Governador Magalhães Pinto,0
Atlético Mineiro,2021,11,10/07/2021,19:00,Sábado,07,América Mineiro,Vitória,1,0,Visitante,Anderson Daronco,26.7,2.6,178.5,7.6,28.6,5.6,181.5,7.3,Arena Independência,0
Atlético Mineiro,2021,12,17/07/2021,19:00,Sábado,07,Corinthians,Vitória,2,1,Visitante,Jean Pierre Goncalves Lima,28.3,3.9,178.7,6.0,29.1,5.0,180.0,9.0,Neo Química Arena,0
Atlético Mineiro,2021,13,25/07/2021,11:00,Domingo,07,Bahia,Vitória,3,0,Mandante,Antonio Dib Moraes de Sousa,27.7,4.9,179.3,6.0,27.9,5.0,179.9,6.7,Governador Magalhães Pinto,0
Atlético Mineiro,2021,14,01/08/2021,16:00,Domingo,08,Athletico,Vitória,2,0,Mandante,Braulio Da Silva Machado,28.3,3.5,177.8,6.8,27.1,4.7,180.1,7.2,Governador Magalhães Pinto,0
Atlético Mineiro,2021,15,08/08/2021,16:00,Domingo,08,Juventude,Vitória,2,1,Visitante,Andre Luiz de Freitas Castro,27.4,4.2,179.7,6.5,27.0,3.7,178.9,6.2,Estádio Alfredo Jaconi,0
Atlético Mineiro,2021,16,14/08/2021,19:00,Sábado,08,Palmeiras,Vitória,2,0,Mandante,Bruno Arleu de Araujo,29.3,3.8,179.3,6.0,26.3,6.3,179.3,5.0,Governador Magalhães Pinto,0
Atlético Mineiro,2021,17,23/08/2021,20:00,Segunda,08,Fluminense,Empate,1,1,Visitante,Flavio Rodrigues De Souza,27.5,4.0,178.0,6.8,27.5,5.9,179.4,6.4,Estádio do Maracanã,0
Atlético Mineiro,2021,18,29/08/2021,20:30,Domingo,08,Red Bull Bragantino,Empate,1,1,Visitante,Ramon Abatti Abel,29.0,4.1,178.6,6.5,24.5,4.6,180.5,7.0,Estádio Nabi Abi Chedid,0
Atlético Mineiro,2021,20,12/09/2021,16:00,Domingo,09,Fortaleza,Vitória,2,0,Visitante,Braulio Da Silva Machado,28.9,4.2,179.2,6.0,28.4,3.4,180.1,4.7,Estádio Governador Plácido Castelo,0
Atlético Mineiro,2021,21,18/09/2021,19:00,Sábado,09,Sport Recife,Vitória,3,0,Mandante,Vinicius Goncalves Dias Araujo,28.1,4.1,178.9,6.8,28.0,3.9,182.0,7.9,Governador Magalhães Pinto,0
Atlético Mineiro,2021,22,25/09/2021,21:00,Sábado,09,São Paulo,Empate,0,0,Visitante,Wilton Pereira Sampaio,28.1,4.7,179.6,7.3,26.3,4.9,178.8,6.7,MorumBIS,0
Atlético Mineiro,2021,23,02/10/2021,21:00,Sábado,10,Internacional,Vitória,1,0,Mandante,Luiz Flávio de Oliveira,28.7,4.1,179.0,6.1,28.4,4.1,181.4,5.1,Governador Magalhães Pinto,0
Atlético Mineiro,2021,24,06/10/2021,19:00,Quarta,10,Chapecoense,Empate,2,2,Visitante,Andre Luiz de Freitas Castro,27.8,4.4,180.0,6.3,26.2,3.6,181.3,7.1,Arena Condá,733
Atlético Mineiro,2021,25,09/10/2021,16:30,Sábado,10,Ceará,Vitória,3,1,Mandante,Jefferson Ferreira de Moraes,28.0,5.2,179.2,7.1,27.0,3.4,182.4,7.5,Governador Magalhães Pinto,10265
Atlético Mineiro,2021,26,13/10/2021,19:00,Quarta,10,Santos,Vitória,3,1,Mandante,Paulo Roberto Alves Junior,28.9,5.1,180.2,7.2,26.4,3.5,179.7,6.1,Governador Magalhães Pinto,16514
Atlético Mineiro,2021,27,17/10/2021,18:15,Domingo,10,Atlético Goianiense,Derrota,1,2,Visitante,Raphael Claus,28.0,4.0,178.5,6.4,26.9,4.3,179.5,7.5,Estádio Antônio Accioly,2963
Atlético Mineiro,2021,28,24/10/2021,16:00,Domingo,10,Cuiabá,Vitória,2,1,Mandante,Savio Pereira Sampaio,27.9,4.0,178.7,6.3,28.4,4.6,180.6,6.6,Governador Magalhães Pinto,30501
Atlético Mineiro,2021,29,30/10/2021,19:00,Sábado,10,Flamengo,Derrota,0,1,Visitante,Anderson Daronco,27.9,4.0,178.7,6.3,28.6,4.3,180.4,7.6,Estádio do Maracanã,20000
Atlético Mineiro,2021,19,03/11/2021,21:00,Quarta,11,Grêmio,Vitória,2,1,Mandante,Luiz Flávio de Oliveira,29.3,4.6,180.5,7.5,29.1,5.1,181.1,6.3,Governador Magalhães Pinto,55624
Atlético Mineiro,2021,30,07/11/2021,16:00,Domingo,11,América Mineiro,Vitória,1,0,Mandante,Wilton Pereira Sampaio,28.6,4.2,177.7,6.6,30.7,3.6,180.6,7.5,Governador Magalhães Pinto,60142
Atlético Mineiro,2021,31,10/11/2021,19:00,Quarta,11,Corinthians,Vitória,3,0,Mandante,Braulio Da Silva Machado,30.1,4.8,179.9,7.4,29.7,4.9,179.2,9.0,Governador Magalhães Pinto,58714
Atlético Mineiro,2021,33,16/11/2021,16:00,Terça,11,Athletico,Vitória,1,0,Visitante,Savio Pereira Sampaio,29.3,4.6,179.9,7.4,23.5,4.7,179.1,5.6,Arena da Baixada,6233
Atlético Mineiro,2021,34,20/11/2021,19:00,Sábado,11,Juventude,Vitória,2,0,Mandante,Luiz Flávio de Oliveira,29.9,4.8,180.2,7.2,29.1,4.0,179.4,6.9,Governador Magalhães Pinto,61476
Atlético Mineiro,2021,35,23/11/2021,21:30,Terça,11,Palmeiras,Empate,2,2,Visitante,Anderson Daronco,28.1,4.1,179.9,6.5,26.0,6.1,180.8,4.1,Nubank Parque,17744
Atlético Mineiro,2021,36,28/11/2021,16:00,Domingo,11,Fluminense,Vitória,2,1,Mandante,Marielson Alves Silva,29.2,4.3,179.5,6.4,28.0,5.5,179.6,6.6,Governador Magalhães Pinto,59900
Atlético Mineiro,2021,32,02/12/2021,18:00,Quinta,12,Bahia,Vitória,3,2,Visitante,Flavio Rodrigues De Souza,29.9,4.0,179.1,5.9,29.0,4.6,180.3,8.7,Arena Fonte Nova,29415
Atlético Mineiro,2021,37,05/12/2021,16:00,Domingo,12,Red Bull Bragantino,Vitória,4,3,Mandante,Rodolpho Toski Marques,28.8,3.7,179.5,6.2,24.3,4.3,181.5,7.1,Governador Magalhães Pinto,61573
Atlético Mineiro,2021,38,09/12/2021,21:30,Quinta,12,Grêmio,Derrota,3,4,Visitante,Raphael Claus,26.3,4.3,178.0,7.0,28.0,5.3,180.4,7.3,Arena do Grêmio,33577
Atlético Mineiro,2022,1,10/04/2022,16:00,Domingo,04,Internacional,Vitória,2,0,Mandante,Bruno Arleu de Araujo,28.5,3.6,177.5,6.5,26.8,4.3,178.9,8.5,Governador Magalhães Pinto,37531
Atlético Mineiro,2022,2,17/04/2022,18:00,Domingo,04,Athletico,Vitória,1,0,Visitante,Wilton Pereira Sampaio,27.8,4.2,178.3,6.4,24.7,2.6,181.0,5.0,Arena da Baixada,17305
Atlético Mineiro,2022,3,23/04/2022,21:00,Sábado,04,Coritiba,Empate,2,2,Mandante,Savio Pereira Sampaio,30.5,4.6,179.8,6.6,27.8,4.8,181.8,7.5,Governador Magalhães Pinto,19974
Atlético Mineiro,2022,4,30/04/2022,18:30,Sábado,04,Goiás,Empate,2,2,Visitante,Bruno Arleu de Araujo,28.6,3.8,178.8,6.2,28.0,4.2,180.0,8.1,Estádio da Serrinha,10165
Atlético Mineiro,2022,5,07/05/2022,16:30,Sábado,05,América Mineiro,Derrota,1,2,Mandante,Wilton Pereira Sampaio,28.7,5.0,179.6,7.4,30.4,5.8,178.1,8.1,Governador Magalhães Pinto,14629
Atlético Mineiro,2022,7,11/05/2022,20:30,Quarta,05,Red Bull Bragantino,Empate,1,1,Visitante,Braulio Da Silva Machado,27.9,3.3,178.1,6.5,23.4,3.9,179.2,6.5,Estádio Nabi Abi Chedid,5222
Atlético Mineiro,2022,6,14/05/2022,19:00,Sábado,05,Atlético Goianiense,Vitória,2,0,Mandante,Anderson Daronco,28.4,4.0,178.7,6.3,26.1,2.5,180.1,6.0,Governador Magalhães Pinto,20749
Atlético Mineiro,2022,8,29/05/2022,19:00,Domingo,05,Avaí,Vitória,2,1,Mandante,Jefferson Ferreira de Moraes,30.6,4.5,180.3,6.9,28.1,4.1,180.5,6.3,Governador Magalhães Pinto,31551
Atlético Mineiro,2022,9,05/06/2022,16:00,Domingo,06,Palmeiras,Empate,0,0,Visitante,Wilton Pereira Sampaio,29.3,4.4,179.3,6.0,28.2,3.8,178.0,7.0,Nubank Parque,40235
Atlético Mineiro,2022,10,08/06/2022,21:30,Quarta,06,Fluminense,Derrota,3,5,Visitante,Leandro Pedro Vuaden,29.3,4.4,179.3,6.0,30.5,5.9,178.4,6.7,Estádio do Maracanã,16143
Atlético Mineiro,2022,11,11/06/2022,19:00,Sábado,06,Santos,Empate,1,1,Mandante,Marcelo de Lima Henrique,29.1,5.5,180.1,6.9,25.4,4.1,182.8,5.6,Governador Magalhães Pinto,26501
Atlético Mineiro,2022,12,15/06/2022,19:00,Quarta,06,Ceará,Empate,0,0,Visitante,Luiz Flávio de Oliveira,29.1,4.9,180.0,5.4,29.3,3.6,182.2,9.1,Estádio Governador Plácido Castelo,26774
Atlético Mineiro,2022,13,19/06/2022,16:00,Domingo,06,Flamengo,Vitória,2,0,Mandante,Raphael Claus,30.4,3.9,179.5,5.7,27.9,4.4,178.6,5.2,Governador Magalhães Pinto,55373
Atlético Mineiro,2022,14,25/06/2022,21:00,Sábado,06,Fortaleza,Vitória,3,2,Mandante,Jean Pierre Goncalves Lima,26.7,5.1,180.3,7.9,28.5,4.5,179.0,7.5,Governador Magalhães Pinto,30003
Atlético Mineiro,2022,15,02/07/2022,16:30,Sábado,07,Juventude,Vitória,2,1,Visitante,Flavio Rodrigues De Souza,29.0,4.8,179.0,8.1,29.5,3.0,179.2,7.4,Estádio Alfredo Jaconi,6565
Atlético Mineiro,2022,16,10/07/2022,18:00,Domingo,07,São Paulo,Empate,0,0,Mandante,Anderson Daronco,28.4,4.3,179.3,7.2,27.7,6.1,179.5,5.0,Governador Magalhães Pinto,52356
Atlético Mineiro,2022,17,17/07/2022,18:00,Domingo,07,Botafogo,Vitória,1,0,Visitante,Raphael Claus,29.9,4.0,179.9,6.7,26.5,3.2,180.0,5.6,Estádio Nilton Santos,8678
Atlético Mineiro,2022,18,21/07/2022,19:00,Quinta,07,Cuiabá,Empate,1,1,Visitante,Jean Pierre Goncalves Lima,27.6,2.8,179.8,8.1,28.1,4.4,180.0,4.8,Arena Pantanal,18584
Atlético Mineiro,2022,19,24/07/2022,18:00,Domingo,07,Corinthians,Derrota,1,2,Mandante,Ramon Abatti Abel,29.9,4.0,179.8,6.8,27.7,5.5,179.2,9.8,Governador Magalhães Pinto,55706
Atlético Mineiro,2022,20,31/07/2022,16:00,Domingo,07,Internacional,Derrota,0,3,Visitante,Flavio Rodrigues De Souza,30.0,3.9,179.2,5.9,28.0,4.1,177.1,5.9,Estádio Beira-Rio,39451
Atlético Mineiro,2022,21,07/08/2022,19:00,Domingo,08,Athletico,Derrota,2,3,Mandante,Braulio Da Silva Machado,28.3,3.3,178.0,7.5,23.6,3.1,182.0,5.5,Governador Magalhães Pinto,25119
Atlético Mineiro,2022,22,14/08/2022,11:00,Domingo,08,Coritiba,Vitória,1,0,Visitante,Marcelo de Lima Henrique,29.2,4.2,177.9,6.6,29.3,5.3,180.9,5.6,Estádio Major Antônio Couto Pereira,17608
Atlético Mineiro,2022,23,20/08/2022,16:30,Sábado,08,Goiás,Derrota,0,1,Mandante,Vinicius Goncalves Dias Araujo,29.7,4.3,178.3,6.7,27.3,2.5,178.6,7.4,Governador Magalhães Pinto,31650
Atlético Mineiro,2022,24,28/08/2022,16:00,Domingo,08,América Mineiro,Empate,1,1,Visitante,Ramon Abatti Abel,29.9,4.6,178.6,7.8,30.7,3.3,180.5,7.0,Arena Independência,7016
Atlético Mineiro,2022,25,04/09/2022,18:00,Domingo,09,Atlético Goianiense,Vitória,2,0,Visitante,Luiz Flávio de Oliveira,30.8,4.5,180.0,6.9,27.9,3.1,181.7,4.7,Estádio Antônio Accioly,7083
Atlético Mineiro,2022,26,07/09/2022,17:00,Quarta,09,Red Bull Bragantino,Empate,1,1,Mandante,Jean Pierre Goncalves Lima,27.8,3.0,177.2,6.6,24.7,3.1,179.5,6.3,Governador Magalhães Pinto,35
Atlético Mineiro,2022,27,17/09/2022,16:30,Sábado,09,Avaí,Derrota,0,1,Visitante,Andre Luiz de Freitas Castro,28.7,3.9,178.5,6.0,30.5,5.1,180.4,6.8,Estádio da Ressacada,5081
Atlético Mineiro,2022,28,28/09/2022,21:45,Quarta,09,Palmeiras,Derrota,0,1,Mandante,Marcelo de Lima Henrique,30.2,3.9,178.3,6.1,28.8,3.5,179.5,7.0,Governador Magalhães Pinto,28644
Atlético Mineiro,2022,29,01/10/2022,15:00,Sábado,10,Fluminense,Vitória,2,0,Mandante,Luiz Flávio de Oliveira,29.5,4.5,177.8,6.9,29.5,7.4,178.5,6.3,Governador Magalhães Pinto,20858
Atlético Mineiro,2022,30,05/10/2022,21:30,Quarta,10,Santos,Vitória,2,1,Visitante,Bruno Arleu de Araujo,28.7,3.4,177.2,7.1,25.9,5.2,178.3,8.1,Estádio Urbano Caldeira,9278
Atlético Mineiro,2022,31,09/10/2022,18:00,Domingo,10,Ceará,Empate,0,0,Mandante,Flavio Rodrigues De Souza,29.4,3.2,177.8,6.6,30.3,4.5,182.2,7.6,Governador Magalhães Pinto,34718
Atlético Mineiro,2022,32,15/10/2022,20:30,Sábado,10,Flamengo,Derrota,0,1,Visitante,Ramon Abatti Abel,29.4,3.8,178.4,6.5,25.9,5.0,179.7,7.6,Estádio do Maracanã,51179
Atlético Mineiro,2022,33,24/10/2022,20:00,Segunda,10,Fortaleza,Empate,0,0,Visitante,Raphael Claus,27.7,3.2,177.8,6.6,30.6,3.6,180.3,4.5,Estádio Governador Plácido Castelo,43.660
Atlético Mineiro,2022,34,27/10/2022,19:30,Quinta,10,Juventude,Vitória,1,0,Mandante,Savio Pereira Sampaio,29.5,2.8,178.2,6.8,28.4,3.3,179.3,6.3,Governador Magalhães Pinto,18.298
Atlético Mineiro,2022,35,01/11/2022,21:30,Terça,11,São Paulo,Empate,2,2,Visitante,Braulio Da Silva Machado,29.0,3.1,177.6,6.6,28.1,5.2,178.9,5.5,MorumBIS,23.835
Atlético Mineiro,2022,36,07/11/2022,20:00,Segunda,11,Botafogo,Derrota,0,2,Mandante,Leandro Pedro Vuaden,31.4,3.9,179.5,7.1,29.3,4.0,182.5,5.6,Governador Magalhães Pinto,31160
Atlético Mineiro,2022,37,10/11/2022,20:00,Quinta,11,Cuiabá,Vitória,3,0,Mandante,Bruno Arleu de Araujo,31.6,3.6,179.6,7.0,27.7,3.9,181.6,4.3,Governador Magalhães Pinto,28.824
Atlético Mineiro,2022,38,13/11/2022,16:00,Domingo,11,Corinthians,Vitória,1,0,Visitante,Braulio Da Silva Machado,31.4,3.9,179.5,7.1,28.1,6.1,179.9,8.5,Neo Química Arena,43.414
Atlético Mineiro,2023,1,15/04/2023,21:00,Sábado,04,Vasco da Gama,Derrota,1,2,Mandante,Raphael Claus,28.5,4.1,178.3,6.8,25.4,3.9,180.4,5.8,Governador Magalhães Pinto,34980
Atlético Mineiro,2023,2,23/04/2023,16:00,Domingo,04,Santos,Empate,0,0,Visitante,Braulio Da Silva Machado,28.4,4.5,179.4,6.9,24.9,4.2,179.8,7.1,Estádio Urbano Caldeira,11233
Atlético Mineiro,2023,3,29/04/2023,21:00,Sábado,04,Athletico,Vitória,2,1,Mandante,Ramon Abatti Abel,29.0,4.3,178.8,6.2,25.0,4.3,181.0,6.1,Governador Magalhães Pinto,15037
Atlético Mineiro,2023,4,07/05/2023,18:30,Domingo,05,Botafogo,Derrota,0,2,Visitante,Flavio Rodrigues De Souza,30.0,4.9,180.0,6.4,26.9,4.0,183.0,6.5,Estádio Nilton Santos,18218
Atlético Mineiro,2023,5,10/05/2023,20:00,Quarta,05,Cuiabá,Vitória,4,0,Visitante,Wilton Pereira Sampaio,29.9,3.7,180.1,7.5,28.4,3.8,180.7,6.0,Arena Pantanal,12029
Atlético Mineiro,2023,6,13/05/2023,21:00,Sábado,05,Internacional,Vitória,2,0,Mandante,Raphael Claus,29.0,4.5,178.6,6.9,27.1,5.8,180.3,6.6,Governador Magalhães Pinto,36080
Atlético Mineiro,2023,7,20/05/2023,18:30,Sábado,05,Coritiba,Vitória,2,1,Visitante,Rodrigo Jose Pereira de Lima,30.4,3.7,180.5,6.2,28.1,4.3,181.5,7.5,Estádio Major Antônio Couto Pereira,20047
Atlético Mineiro,2023,8,28/05/2023,18:30,Domingo,05,Palmeiras,Empate,1,1,Mandante,Braulio Da Silva Machado,29.3,4.9,179.1,6.8,28.7,4.3,177.1,7.5,Governador Magalhães Pinto,53236
Atlético Mineiro,2023,9,03/06/2023,18:30,Sábado,06,Cruzeiro,Vitória,1,0,Visitante,Savio Pereira Sampaio,29.6,4.3,179.9,5.9,28.6,3.5,180.8,5.1,Parque do Sabiá,34344
Atlético Mineiro,2023,10,10/06/2023,18:30,Sábado,06,Red Bull Bragantino,Empate,1,1,Mandante,Rafael Rodrigo Klein,28.7,4.7,179.7,7.0,24.6,2.9,180.4,7.2,Governador Magalhães Pinto,28786
Atlético Mineiro,2023,11,21/06/2023,21:30,Quarta,06,Fluminense,Empate,1,1,Visitante,Ramon Abatti Abel,29.6,4.6,179.6,7.5,31.0,6.0,180.2,7.3,Estádio Raulino de Oliveira,7788
Atlético Mineiro,2023,12,24/06/2023,18:30,Sábado,06,Fortaleza,Derrota,1,2,Visitante,Leandro Pedro Vuaden,29.0,4.0,179.7,7.5,30.0,3.9,179.0,5.1,Estádio Governador Plácido Castelo,27109
Atlético Mineiro,2023,13,02/07/2023,16:00,Domingo,07,América Mineiro,Empate,2,2,Mandante,Wilton Pereira Sampaio,30.4,4.3,180.0,6.9,30.1,4.7,181.9,6.7,Governador Magalhães Pinto,34507
Atlético Mineiro,2023,14,08/07/2023,18:30,Sábado,07,Corinthians,Derrota,0,1,Mandante,Rodrigo Jose Pereira de Lima,29.9,4.3,180.8,6.7,27.5,6.8,182.2,6.8,Governador Magalhães Pinto,21086
Atlético Mineiro,2023,15,17/07/2023,20:00,Segunda,07,Goiás,Empate,0,0,Visitante,Raphael Claus,29.1,4.1,180.0,6.4,28.5,3.1,180.5,7.1,Estádio da Serrinha,12303
Atlético Mineiro,2023,16,22/07/2023,21:00,Sábado,07,Grêmio,Derrota,0,1,Visitante,Luiz Flávio de Oliveira,29.2,4.9,180.9,7.1,27.3,4.5,182.6,5.2,Arena do Grêmio,37085
Atlético Mineiro,2023,17,29/07/2023,21:00,Sábado,07,Flamengo,Derrota,1,2,Mandante,Flavio Rodrigues De Souza,29.4,3.7,179.6,7.6,27.3,5.6,182.7,6.6,Governador Magalhães Pinto,22441
Atlético Mineiro,2023,18,06/08/2023,16:00,Domingo,08,São Paulo,Vitória,2,0,Visitante,Rodrigo Jose Pereira de Lima,29.0,3.7,179.9,7.3,26.7,5.5,180.5,5.5,MorumBIS,53460
Atlético Mineiro,2023,19,13/08/2023,11:00,Domingo,08,Bahia,Vitória,1,0,Mandante,Savio Pereira Sampaio,29.9,4.5,180.2,6.7,28.9,1.8,181.4,5.4,Governador Magalhães Pinto,29847
Atlético Mineiro,2023,20,20/08/2023,11:00,Domingo,08,Vasco da Gama,Derrota,0,1,Visitante,Braulio Da Silva Machado,29.8,4.0,180.8,5.9,27.2,4.5,180.4,6.0,Estádio São Januário,53540
Atlético Mineiro,2023,21,27/08/2023,16:00,Domingo,08,Santos,Vitória,2,0,Mandante,Rafael Rodrigo Klein,30.0,4.4,179.3,7.1,28.1,4.2,179.6,6.3,Arena MRV,29782
Atlético Mineiro,2023,22,02/09/2023,16:00,Sábado,09,Athletico,Empate,1,1,Visitante,Flavio Rodrigues De Souza,29.9,4.7,178.5,7.2,27.7,6.4,183.1,5.9,Arena da Baixada,18009
Atlético Mineiro,2023,23,16/09/2023,21:00,Sábado,09,Botafogo,Vitória,1,0,Mandante,Ramon Abatti Abel,29.2,4.3,180.3,7.8,30.4,3.1,183.2,6.4,Governador Magalhães Pinto,31729
Atlético Mineiro,2023,24,23/09/2023,21:00,Sábado,09,Cuiabá,Vitória,1,0,Mandante,Rodrigo Jose Pereira de Lima,29.5,4.6,179.8,7.6,29.6,3.9,180.7,6.9,Arena MRV,36104
Atlético Mineiro,2023,25,30/09/2023,21:00,Sábado,09,Internacional,Vitória,2,0,Visitante,Ramon Abatti Abel,29.9,4.8,180.0,7.5,27.7,5.1,181.5,5.1,Estádio Beira-Rio,23937
Atlético Mineiro,2023,26,08/10/2023,18:30,Domingo,10,Coritiba,Derrota,1,2,Mandante,Marcelo de Lima Henrique,28.8,4.8,179.5,7.2,29.9,4.4,182.8,7.3,Governador Magalhães Pinto,38350
Atlético Mineiro,2023,27,19/10/2023,19:00,Quinta,10,Palmeiras,Vitória,2,0,Visitante,Bruno Arleu de Araujo,28.0,4.1,179.8,6.9,27.0,5.0,178.7,6.4,Nubank Parque,27718
Atlético Mineiro,2023,28,22/10/2023,16:00,Domingo,10,Cruzeiro,Derrota,0,1,Mandante,Ramon Abatti Abel,28.0,4.1,179.8,6.9,28.5,3.7,179.7,5.8,Governador Magalhães Pinto,42058
Atlético Mineiro,2023,29,25/10/2023,19:00,Quarta,10,Red Bull Bragantino,Vitória,2,1,Visitante,Marcelo de Lima Henrique,28.3,4.3,179.1,6.9,25.8,4.2,180.9,5.3,Estádio Nabi Abi Chedid,5494
Atlético Mineiro,2023,30,28/10/2023,21:00,Sábado,10,Fluminense,Vitória,2,0,Mandante,Raphael Claus,28.4,4.3,178.9,6.2,28.8,6.5,178.5,6.2,Arena MRV,23003
Atlético Mineiro,2023,31,01/11/2023,21:30,Quarta,11,Fortaleza,Vitória,3,1,Mandante,Matheus Delgado Candançan,28.4,4.3,178.9,6.2,29.8,3.0,178.7,5.6,Governador Magalhães Pinto,28898
Atlético Mineiro,2023,32,04/11/2023,19:30,Sábado,11,América Mineiro,Empate,1,1,Visitante,Rodrigo Jose Pereira de Lima,28.4,4.3,178.9,6.2,30.8,4.3,179.4,6.5,Arena Independência,5706
Atlético Mineiro,2023,33,09/11/2023,19:00,Quinta,11,Corinthians,Empate,1,1,Visitante,Braulio Da Silva Machado,27.6,3.0,178.5,6.6,30.1,6.3,183.1,6.6,Neo Química Arena,30348
Atlético Mineiro,2023,34,12/11/2023,18:30,Domingo,11,Goiás,Vitória,2,1,Mandante,Marcelo de Lima Henrique,27.4,4.0,180.2,6.7,28.6,2.8,181.8,5.7,Arena MRV,29173
Atlético Mineiro,2023,35,26/11/2023,16:00,Domingo,11,Grêmio,Vitória,3,0,Mandante,Braulio Da Silva Machado,29.5,4.1,179.4,6.2,28.8,5.2,181.8,6.3,Arena MRV,39337
Atlético Mineiro,2023,36,29/11/2023,19:30,Quarta,11,Flamengo,Vitória,3,0,Visitante,Ramon Abatti Abel,29.5,4.1,179.4,6.2,27.6,2.3,182.5,7.5,Estádio do Maracanã,65305
Atlético Mineiro,2023,37,02/12/2023,21:00,Sábado,12,São Paulo,Vitória,2,1,Mandante,Savio Pereira Sampaio,30.9,5.3,180.4,7.5,29.2,5.2,179.8,6.6,Arena MRV,53856
Atlético Mineiro,2023,38,06/12/2023,21:30,Quarta,12,Bahia,Derrota,1,4,Visitante,Ramon Abatti Abel,30.4,4.5,179.5,6.9,27.6,2.8,181.5,7.0,Arena Fonte Nova,28019
Atlético Mineiro,2024,1,14/04/2024,16:00,Domingo,04,Corinthians,Empate,0,0,Visitante,Yuri Elino Ferreira Da Cruz,29.7,4.0,180.5,6.4,28.0,5.0,182.1,7.8,Neo Química Arena,44285
Atlético Mineiro,2024,2,17/04/2024,20:00,Quarta,04,Criciúma,Empate,1,1,Mandante,Paulo Belence Alves Dos Prazeres Filho,28.8,4.2,180.5,6.3,31.2,3.6,181.9,5.2,Arena MRV,21726
Atlético Mineiro,2024,3,20/04/2024,21:00,Sábado,04,Cruzeiro,Vitória,3,0,Mandante,Ramon Abatti Abel,30.0,3.9,178.9,6.3,28.5,2.6,179.5,7.1,Arena MRV,39541
Atlético Mineiro,2024,4,27/04/2024,18:30,Sábado,04,Cuiabá,Vitória,3,0,Visitante,Savio Pereira Sampaio,27.9,4.4,179.5,7.0,28.0,4.6,182.8,6.3,Arena Pantanal,6711
Atlético Mineiro,2024,5,04/05/2024,16:00,Sábado,05,Fluminense,Empate,2,2,Visitante,Raphael Claus,30.0,3.9,178.9,6.3,32.5,6.8,178.3,5.4,Estádio do Maracanã,5168
Atlético Mineiro,2024,7,02/06/2024,16:00,Domingo,06,Bahia,Empate,1,1,Mandante,Bruno Arleu de Araujo,28.4,5.1,180.4,6.7,28.4,3.6,180.5,5.6,Arena MRV,37994
Atlético Mineiro,2024,8,11/06/2024,21:30,Terça,06,Red Bull Bragantino,Vitória,2,1,Visitante,Rafael Rodrigo Klein,26.2,5.0,181.6,6.2,25.0,2.1,181.5,7.2,Estádio Nabi Abi Chedid,4617
Atlético Mineiro,2024,9,17/06/2024,20:30,Segunda,06,Palmeiras,Derrota,0,4,Mandante,Rodrigo Jose Pereira de Lima,26.8,4.9,181.6,6.5,27.3,5.5,179.5,6.3,Arena MRV,28251
Atlético Mineiro,2024,10,20/06/2024,18:30,Quinta,06,Vitória,Derrota,2,4,Visitante,Marcelo de Lima Henrique,26.4,5.0,181.4,6.6,27.3,4.2,178.0,7.4,Estádio Manoel Barradas,15044
Atlético Mineiro,2024,11,23/06/2024,18:30,Domingo,06,Fortaleza,Empate,1,1,Mandante,Flavio Rodrigues De Souza,27.9,4.0,182.6,6.7,30.0,3.7,179.2,4.7,Arena MRV,20089
Atlético Mineiro,2024,12,26/06/2024,21:30,Quarta,06,Internacional,Vitória,2,1,Visitante,Luiz Flávio de Oliveira,28.3,5.8,181.6,6.9,29.3,5.1,180.0,5.8,Estádio Beira-Rio,9978
Atlético Mineiro,2024,13,30/06/2024,11:00,Domingo,06,Atlético Goianiense,Empate,1,1,Mandante,Jonathan Benkenstein Pinheiro,26.8,6.5,182.6,5.3,26.6,2.8,183.0,8.6,Arena MRV,36099
Atlético Mineiro,2024,14,03/07/2024,21:30,Quarta,07,Flamengo,Derrota,2,4,Mandante,Ramon Abatti Abel,26.5,5.5,182.2,5.9,28.6,3.9,184.5,7.4,Arena MRV,33993
Atlético Mineiro,2024,15,07/07/2024,20:30,Domingo,07,Botafogo,Derrota,0,3,Visitante,Rafael Rodrigo Klein,27.4,5.2,182.2,6.8,29.8,4.3,184.8,6.4,Estádio Nilton Santos,21582
Atlético Mineiro,2024,16,11/07/2024,21:30,Quinta,07,São Paulo,Vitória,2,1,Mandante,Marcelo de Lima Henrique,29.6,4.2,179.8,6.6,30.4,3.7,179.6,6.9,Arena MRV,28772
Atlético Mineiro,2024,17,16/07/2024,19:00,Terça,07,Juventude,Empate,1,1,Visitante,Alex Gomes Stefano,29.2,3.9,178.6,7.8,28.6,3.9,180.5,7.9,Estádio Alfredo Jaconi,9788
Atlético Mineiro,2024,18,21/07/2024,16:00,Domingo,07,Vasco da Gama,Vitória,2,0,Mandante,Raphael Claus,29.1,4.2,179.9,8.1,27.7,4.5,181.2,6.0,Arena MRV,42353
Atlético Mineiro,2024,20,28/07/2024,19:00,Domingo,07,Corinthians,Vitória,2,1,Mandante,Bruno Arleu de Araujo,29.2,4.2,180.1,8.0,27.9,3.9,180.5,8.2,Arena MRV,44048
Atlético Mineiro,2024,21,03/08/2024,20:00,Sábado,08,Criciúma,Derrota,1,2,Visitante,Jonathan Benkenstein Pinheiro,29.6,3.3,177.9,7.5,30.9,3.9,182.9,5.0,Estádio Heriberto Hülse,15642
Atlético Mineiro,2024,22,10/08/2024,21:30,Sábado,08,Cruzeiro,Empate,0,0,Visitante,Raphael Claus,28.4,4.1,179.9,5.9,27.5,4.1,179.8,6.9,Governador Magalhães Pinto,61583
Atlético Mineiro,2024,23,17/08/2024,16:00,Sábado,08,Cuiabá,Empate,1,1,Mandante,Davi de Oliveira Lacerda,28.3,5.0,180.8,7.7,28.0,4.5,183.9,3.9,Arena MRV,36290
Atlético Mineiro,2024,24,24/08/2024,21:00,Sábado,08,Fluminense,Derrota,0,2,Mandante,Flavio Rodrigues De Souza,29.1,4.3,180.4,8.1,30.8,8.1,179.4,4.9,Arena MRV,32068
Atlético Mineiro,2024,25,01/09/2024,11:00,Domingo,09,Grêmio,Vitória,3,2,Visitante,Raphael Claus,30.4,3.0,179.4,7.6,29.1,4.8,178.0,8.1,Arena do Grêmio,27442
Atlético Mineiro,2024,26,15/09/2024,18:30,Domingo,09,Bahia,Derrota,0,3,Visitante,Rafael Rodrigo Klein,28.4,6.2,183.0,5.1,28.7,3.6,180.5,5.6,Arena Fonte Nova,26420
Atlético Mineiro,2024,27,22/09/2024,16:00,Domingo,09,Red Bull Bragantino,Vitória,3,0,Mandante,Lucas Paulo Torezin,27.9,5.4,181.8,5.1,26.1,3.6,180.6,5.2,Arena MRV,34533
Atlético Mineiro,2024,28,28/09/2024,18:30,Sábado,09,Palmeiras,Derrota,1,2,Visitante,Bruno Arleu de Araujo,29.7,4.7,182.9,5.5,27.1,4.5,181.3,5.4,Estádio Brinco de Ouro da Princesa,16040
Atlético Mineiro,2024,29,05/10/2024,16:30,Sábado,10,Vitória,Empate,2,2,Mandante,Matheus Delgado Candançan,28.5,4.4,182.5,5.9,27.7,3.0,177.8,8.0,Arena MRV,34910
Atlético Mineiro,2024,6,09/10/2024,19:30,Quarta,10,Grêmio,Vitória,2,1,Mandante,Luiz Flávio de Oliveira,29.3,4.5,181.3,5.8,29.8,5.2,179.5,5.7,Arena MRV,22053
Atlético Mineiro,2024,30,16/10/2024,21:45,Quarta,10,Fortaleza,Empate,1,1,Visitante,Rafael Rodrigo Klein,27.8,6.2,183.8,5.1,31.6,3.6,178.7,5.0,Estádio Governador Plácido Castelo,23046
Atlético Mineiro,2024,31,26/10/2024,19:00,Sábado,10,Internacional,Derrota,1,3,Mandante,Marcelo de Lima Henrique,28.2,5.6,182.9,6.2,26.0,4.2,178.3,6.8,Arena MRV,27028
Atlético Mineiro,2024,32,06/11/2024,21:00,Quarta,11,Atlético Goianiense,Derrota,0,1,Visitante,Jonathan Benkenstein Pinheiro,27.0,5.3,181.9,7.7,27.7,3.3,181.2,8.8,Estádio Antônio Accioly,3791
Atlético Mineiro,2024,33,13/11/2024,20:00,Quarta,11,Flamengo,Empate,0,0,Visitante,Davi de Oliveira Lacerda,30.9,4.1,180.3,7.5,27.6,5.7,182.5,7.7,Estádio do Maracanã,63441
Atlético Mineiro,2024,19,16/11/2024,18:30,Sábado,11,Athletico,Derrota,0,1,Visitante,Matheus Delgado Candançan,30.9,4.1,180.3,7.5,27.6,5.0,180.8,6.5,Arena da Baixada,40935
Atlético Mineiro,2024,34,20/11/2024,21:30,Quarta,11,Botafogo,Empate,0,0,Mandante,Luiz Flávio de Oliveira,29.2,4.6,180.7,6.8,29.7,3.8,183.6,6.9,Arena MRV,N.A
Atlético Mineiro,2024,35,23/11/2024,21:30,Sábado,11,São Paulo,Empate,2,2,Visitante,Alex Gomes Stefano,30.0,4.3,180.5,7.5,31.2,4.4,179.8,6.6,MorumBIS,36783
Atlético Mineiro,2024,36,26/11/2024,21:30,Terça,11,Juventude,Derrota,2,3,Mandante,Flavio Rodrigues De Souza,28.6,4.3,181.3,8.3,26.7,2.8,180.5,7.2,Arena MRV,N.A
Atlético Mineiro,2024,37,04/12/2024,19:00,Quarta,12,Vasco da Gama,Derrota,0,2,Visitante,Lucas Paulo Torezin,30.5,4.3,181.3,5.4,29.2,4.0,179.6,5.5,Estádio São Januário,17074
Atlético Mineiro,2024,38,08/12/2024,16:00,Domingo,12,Athletico,Vitória,1,0,Mandante,Rafael Rodrigo Klein,30.6,4.3,181.3,5.4,27.7,5.9,181.2,5.3,Arena MRV,N.A
Atlético Mineiro,2025,1,29/03/2025,18:30,Sábado,03,Grêmio,Derrota,1,2,Visitante,Raphael Claus,29.3,4.4,178.5,7.0,27.1,4.8,177.9,6.1,Arena do Grêmio,20111
Atlético Mineiro,2025,2,06/04/2025,16:00,Domingo,04,São Paulo,Empate,0,0,Mandante,Ramon Abatti Abel,29.3,4.4,178.5,7.0,30.3,3.3,179.6,7.4,Arena MRV,28415
Atlético Mineiro,2025,3,13/04/2025,20:30,Domingo,04,Vitória,Empate,2,2,Mandante,Davi de Oliveira Lacerda,28.3,5.5,178.9,6.5,27.8,2.5,179.5,8.0,Arena MRV,23234
Atlético Mineiro,2025,4,16/04/2025,21:30,Quarta,04,Santos,Derrota,0,2,Visitante,Braulio Da Silva Machado,29.8,4.3,180.5,6.5,29.4,4.8,180.7,6.9,Estádio Urbano Caldeira,10360
Atlético Mineiro,2025,5,20/04/2025,16:00,Domingo,04,Botafogo,Vitória,1,0,Mandante,Ramon Abatti Abel,28.6,4.7,180.5,6.8,25.7,3.6,181.6,9.4,Arena MRV,24528
Atlético Mineiro,2025,6,26/04/2025,18:30,Sábado,04,Mirassol,Empate,2,2,Visitante,Davi de Oliveira Lacerda,29.2,5.3,179.2,7.0,29.1,3.7,179.7,7.1,Estádio José Maria de Campos Maia,4966
Atlético Mineiro,2025,7,05/05/2025,20:00,Segunda,05,Juventude,Vitória,1,0,Visitante,Bruno Pereira Vasconcelos,27.3,4.0,179.7,6.6,29.9,4.9,178.2,6.9,Estádio Alfredo Jaconi,7486
Atlético Mineiro,2025,8,11/05/2025,17:30,Domingo,05,Fluminense,Vitória,3,2,Mandante,Ramon Abatti Abel,29.1,4.7,179.1,7.0,30.4,6.9,178.2,6.4,Arena MRV,25018
Atlético Mineiro,2025,9,18/05/2025,20:30,Domingo,05,Cruzeiro,Empate,0,0,Visitante,Flavio Rodrigues De Souza,29.4,4.4,179.2,7.0,29.7,4.7,178.5,8.5,Governador Magalhães Pinto,61106
Atlético Mineiro,2025,10,24/05/2025,21:00,Sábado,05,Corinthians,Empate,0,0,Mandante,Rafael Rodrigo Klein,29.4,5.1,178.5,8.6,26.6,3.7,181.5,8.6,Arena MRV,38154
Atlético Mineiro,2025,11,01/06/2025,18:30,Domingo,06,Ceará,Vitória,1,0,Visitante,Alex Gomes Stefano,28.4,4.3,180.8,7.5,30.7,4.3,181.0,6.5,Estádio Governador Plácido Castelo,49955
Atlético Mineiro,2025,12,12/06/2025,21:30,Quinta,06,Internacional,Vitória,2,0,Mandante,Flavio Rodrigues De Souza,30.0,4.7,178.1,8.1,27.7,3.3,179.1,5.5,Arena MRV,24781
Atlético Mineiro,2025,13,12/07/2025,21:00,Sábado,07,Bahia,Derrota,1,2,Visitante,Davi de Oliveira Lacerda,28.7,4.8,178.5,6.8,29.1,3.8,180.2,7.4,Arena Fonte Nova,30249
Atlético Mineiro,2025,15,20/07/2025,17:30,Domingo,07,Palmeiras,Derrota,2,3,Visitante,Alex Gomes Stefano,29.7,4.4,179.0,7.0,27.5,4.9,180.5,5.5,Nubank Parque,34970
Atlético Mineiro,2025,17,27/07/2025,20:30,Domingo,07,Flamengo,Derrota,0,1,Visitante,Ramon Abatti Abel,30.3,4.2,179.7,7.0,30.0,2.7,181.2,7.2,Estádio do Maracanã,51345
Atlético Mineiro,2025,18,03/08/2025,18:30,Domingo,08,Red Bull Bragantino,Vitória,2,1,Mandante,Bruno Arleu de Araujo,27.8,3.9,178.2,7.6,26.9,3.8,180.5,8.3,Arena MRV,20092
Atlético Mineiro,2025,19,10/08/2025,16:00,Domingo,08,Vasco da Gama,Empate,1,1,Visitante,Davi de Oliveira Lacerda,28.5,3.4,178.6,7.1,28.7,4.6,180.5,5.9,Estádio São Januário,16157
Atlético Mineiro,2025,20,17/08/2025,16:00,Domingo,08,Grêmio,Derrota,1,3,Mandante,Alex Gomes Stefano,27.9,5.8,179.9,5.8,29.4,5.3,181.5,6.3,Arena MRV,34774
Atlético Mineiro,2025,21,24/08/2025,20:30,Domingo,08,São Paulo,Derrota,0,2,Visitante,Lucas Casagrande,27.7,4.5,181.8,6.9,28.5,3.7,179.7,7.1,MorumBIS,26341
Atlético Mineiro,2025,22,31/08/2025,18:30,Domingo,08,Vitória,Derrota,0,1,Visitante,Alex Gomes Stefano,30.3,5.1,178.6,7.0,28.5,4.6,179.5,6.1,Estádio Manoel Barradas,28586
Atlético Mineiro,2025,23,14/09/2025,16:00,Domingo,09,Santos,Empate,1,1,Mandante,Bruno Arleu de Araujo,29.9,4.5,179.1,7.2,29.0,3.4,180.5,6.4,Arena MRV,38262
Atlético Mineiro,2025,24,20/09/2025,18:30,Sábado,09,Botafogo,Derrota,0,1,Visitante,Flavio Rodrigues De Souza,29.4,4.9,182.7,5.7,27.8,4.4,182.0,9.3,Estádio Nilton Santos,11816
Atlético Mineiro,2025,25,27/09/2025,21:00,Sábado,09,Mirassol,Vitória,1,0,Mandante,Rafael Rodrigo Klein,29.4,3.8,178.5,9.2,30.8,4.0,178.9,6.4,Arena MRV,22864
Atlético Mineiro,2025,26,30/09/2025,21:30,Terça,09,Juventude,Empate,0,0,Mandante,Lucas Casagrande,27.8,4.3,178.7,8.8,28.3,4.0,179.0,7.1,Arena MRV,26567
Atlético Mineiro,2025,27,04/10/2025,18:30,Sábado,10,Fluminense,Derrota,0,3,Visitante,Davi de Oliveira Lacerda,30.0,5.4,178.5,8.4,30.8,6.9,175.8,7.4,Estádio do Maracanã,20198
Atlético Mineiro,2025,14,08/10/2025,19:00,Quarta,10,Sport Recife,Vitória,3,1,Mandante,Alex Gomes Stefano,30.9,3.1,178.1,8.8,29.2,4.8,182.3,8.3,Arena MRV,25093
Atlético Mineiro,2025,28,15/10/2025,21:30,Quarta,10,Cruzeiro,Empate,1,1,Mandante,Paulo Cesar Zanovelli da Silva,29.2,4.6,177.2,8.4,28.8,4.9,178.7,7.2,Arena MRV,40388
Atlético Mineiro,2025,29,18/10/2025,18:30,Sábado,10,Corinthians,Derrota,0,1,Visitante,Alex Gomes Stefano,30.1,4.6,181.8,6.3,26.2,3.0,180.9,8.4,Neo Química Arena,39228
Atlético Mineiro,2025,30,25/10/2025,16:00,Sábado,10,Ceará,Vitória,1,0,Mandante,Bruno Arleu de Araujo,30.0,5.7,179.2,7.7,29.3,3.5,180.9,8.0,Arena MRV,33694
Atlético Mineiro,2025,31,02/11/2025,18:30,Domingo,11,Internacional,Empate,0,0,Visitante,Alex Gomes Stefano,30.9,4.8,179.3,7.5,29.3,4.0,179.6,6.8,Estádio Beira-Rio,32644
Atlético Mineiro,2025,32,05/11/2025,20:00,Quarta,11,Bahia,Vitória,3,0,Mandante,Davi de Oliveira Lacerda,31.2,4.5,178.1,8.0,28.5,3.2,180.1,6.9,Arena MRV,25506
Atlético Mineiro,2025,33,08/11/2025,16:00,Sábado,11,Sport Recife,Vitória,4,2,Visitante,Matheus Delgado Candançan,28.0,4.6,179.7,7.8,29.9,3.3,182.8,8.2,Ilha do Retiro,5095
Atlético Mineiro,2025,16,12/11/2025,20:30,Quarta,11,Fortaleza,Empate,3,3,Mandante,Savio Pereira Sampaio,31.2,4.7,178.1,8.8,28.6,4.4,179.9,5.3,Arena MRV,39246
Atlético Mineiro,2025,37,16/11/2025,19:00,Domingo,11,Red Bull Bragantino,Derrota,0,2,Visitante,Marcelo de Lima Henrique,31.5,4.1,178.4,8.8,26.4,3.9,181.6,8.3,Estádio Cícero de Souza Marques,4472
Atlético Mineiro,2025,36,25/11/2025,21:30,Terça,11,Flamengo,Empate,1,1,Mandante,Rafael Rodrigo Klein,31.2,4.9,177.6,8.1,28.0,3.7,183.3,5.3,Arena MRV,18321
Atlético Mineiro,2025,35,30/11/2025,18:30,Domingo,11,Fortaleza,Derrota,0,1,Visitante,Davi de Oliveira Lacerda,30.9,4.8,179.4,8.4,28.7,4.1,179.0,4.7,Estádio Governador Plácido Castelo,51793
Atlético Mineiro,2025,34,03/12/2025,21:30,Quarta,12,Palmeiras,Derrota,0,3,Mandante,Rafael Rodrigo Klein,31.0,3.1,179.4,7.9,26.8,3.5,182.7,8.4,Arena MRV,13878
Atlético Mineiro,2025,38,07/12/2025,16:00,Domingo,12,Vasco da Gama,Vitória,5,0,Mandante,Lucas Paulo Torezin,32.3,3.6,177.5,8.7,28.9,4.2,181.5,5.1,Arena MRV,20622
Bahia,2017,1,14/05/2017,16:00,Domingo,05,Athletico,Vitória,6,2,Mandante,Flavio Rodrigues De Souza,26.1,3.5,179.2,7.5,25.5,4.4,181.8,6.2,Arena Fonte Nova,8127
Bahia,2017,2,21/05/2017,11:00,Domingo,05,Vasco da Gama,Derrota,1,2,Visitante,Leandro Bizzio Marinho,26.4,3.5,180.3,6.8,26.6,5.9,179.6,5.9,Estádio São Januário,19030
Bahia,2017,3,28/05/2017,19:00,Domingo,05,Botafogo,Derrota,0,1,Visitante,Rodolpho Toski Marques,25.8,3.2,179.6,7.4,26.5,3.3,179.3,6.2,Estádio Nilton Santos,7886
Bahia,2017,4,05/06/2017,20:00,Segunda,06,Atlético Goianiense,Vitória,3,0,Mandante,Rodrigo Batista Raposo,26.0,3.1,180.3,6.8,26.6,2.2,182.0,6.3,Arena Fonte Nova,13364
Bahia,2017,5,08/06/2017,21:00,Quinta,06,Cruzeiro,Vitória,1,0,Mandante,Wagner do Nascimento Magalhaes,26.5,3.5,179.5,6.9,28.5,4.0,178.9,6.3,Arena Fonte Nova,18917
Bahia,2017,6,12/06/2017,20:00,Segunda,06,Grêmio,Derrota,0,1,Visitante,Eduardo Tomaz de Aquino Valadao,26.5,3.5,179.5,6.9,27.3,3.8,179.4,6.4,Arena do Grêmio,22103
Bahia,2017,7,15/06/2017,16:00,Quinta,06,Coritiba,Empate,0,0,Visitante,Reway Wagner,25.9,3.1,179.7,7.2,27.4,4.0,178.5,6.1,Estádio Major Antônio Couto Pereira,19534
Bahia,2017,8,18/06/2017,16:00,Domingo,06,Palmeiras,Derrota,2,4,Mandante,Rodolpho Toski Marques,25.7,3.2,179.7,6.9,28.1,5.1,179.7,7.9,Arena Fonte Nova,33186
Bahia,2017,9,22/06/2017,19:30,Quinta,06,Corinthians,Derrota,0,3,Visitante,Dewson Fernando Freitas da Silva,24.8,2.8,180.0,6.9,26.7,4.0,179.3,8.8,Neo Química Arena,34250
Bahia,2017,10,25/06/2017,18:30,Domingo,06,Flamengo,Derrota,0,1,Mandante,Igor Junio Benevenuto,26.0,3.7,179.4,6.9,27.6,4.4,179.5,7.2,Arena Fonte Nova,21929
Bahia,2017,11,02/07/2017,16:00,Domingo,07,Vitória,Empate,0,0,Visitante,Raphael Claus,25.3,3.1,177.5,6.8,28.8,4.2,180.4,6.4,Estádio Manoel Barradas,10741
Bahia,2017,12,09/07/2017,16:00,Domingo,07,Fluminense,Empate,1,1,Mandante,Flavio Rodrigues De Souza,26.5,3.3,178.7,7.1,25.3,3.7,181.5,7.2,Arena Fonte Nova,18267
Bahia,2017,13,12/07/2017,19:30,Quarta,07,Ponte Preta,Vitória,3,0,Visitante,Rafael Traci,25.6,3.3,180.4,7.2,30.1,5.4,178.9,7.9,Moisés Lucarelli,4181
Bahia,2017,14,16/07/2017,19:00,Domingo,07,Avaí,Empate,1,1,Mandante,Eduardo Tomaz de Aquino Valadao,24.7,3.6,178.6,6.7,26.8,3.4,179.3,7.7,Arena Fonte Nova,12389
Bahia,2017,15,19/07/2017,21:45,Quarta,07,Atlético Mineiro,Vitória,2,0,Visitante,Marcelo Aparecido Ribeiro de Souza,25.8,3.9,179.9,6.6,28.4,4.4,180.5,6.4,Arena Independência,12177
Bahia,2017,16,23/07/2017,11:00,Domingo,07,Santos,Derrota,0,3,Visitante,Wagner do Nascimento Magalhaes,26.1,3.9,180.0,6.7,27.2,3.2,182.8,6.5,Mercado Livre Arena Pacaembu,32869
Bahia,2017,17,30/07/2017,16:00,Domingo,07,Sport Recife,Derrota,1,3,Mandante,Elmo Alves Resende Cunha,25.4,3.0,180.9,6.9,26.6,5.6,179.1,4.7,Arena Fonte Nova,17869
Bahia,2017,18,02/08/2017,19:30,Quarta,08,Chapecoense,Empate,1,1,Visitante,Flavio Rodrigues De Souza,26.0,3.1,180.8,7.2,26.4,3.7,182.0,7.0,Arena Condá,3466
Bahia,2017,19,06/08/2017,16:00,Domingo,08,São Paulo,Vitória,2,1,Mandante,Joao Batista de Arruda,26.7,3.1,180.0,7.4,26.6,3.9,182.0,6.4,Arena Fonte Nova,24072
Bahia,2017,20,13/08/2017,19:00,Domingo,08,Athletico,Derrota,1,4,Visitante,Sandro Meira Ricci,25.1,2.6,180.3,6.7,26.6,3.6,180.1,6.0,Arena da Baixada,11964
Bahia,2017,21,20/08/2017,16:00,Domingo,08,Vasco da Gama,Vitória,3,0,Mandante,Raphael Claus,25.8,3.4,180.2,7.3,28.1,6.1,181.3,5.7,Arena Fonte Nova,21691
Bahia,2017,22,27/08/2017,16:00,Domingo,08,Botafogo,Derrota,1,2,Mandante,Heber Roberto Lopes,25.8,3.4,180.2,7.3,27.6,3.4,181.3,7.2,Arena Fonte Nova,22585
Bahia,2017,23,11/09/2017,20:00,Segunda,09,Atlético Goianiense,Empate,1,1,Visitante,Thiago Duarte Peixoto,25.4,3.6,180.2,7.3,25.7,2.5,180.6,5.3,Serra Dourada,3818
Bahia,2017,24,17/09/2017,19:00,Domingo,09,Cruzeiro,Derrota,0,1,Visitante,Reway Wagner,26.3,3.7,180.4,6.9,28.8,5.1,179.8,6.2,Governador Magalhães Pinto,11754
Bahia,2017,25,24/09/2017,19:00,Domingo,09,Grêmio,Vitória,1,0,Mandante,Luiz Flávio de Oliveira,26.4,3.7,180.4,6.9,28.0,3.3,178.3,6.3,Arena Fonte Nova,12789
Bahia,2017,26,30/09/2017,16:00,Sábado,09,Coritiba,Empate,1,1,Mandante,Pericles Bassols Pegado Cortez,24.5,3.2,181.2,6.2,27.8,2.2,179.1,4.4,Arena Fonte Nova,20860
Bahia,2017,27,12/10/2017,21:00,Quinta,10,Palmeiras,Empate,2,2,Visitante,Rafael Traci,26.3,3.9,179.0,6.7,29.4,4.7,180.4,6.9,Nubank Parque,25234
Bahia,2017,28,15/10/2017,18:00,Domingo,10,Corinthians,Vitória,2,0,Mandante,Ricardo Marques Ribeiro,26.2,3.4,181.1,6.3,26.8,4.2,180.1,8.4,Arena Fonte Nova,23413
Bahia,2017,29,19/10/2017,20:00,Quinta,10,Flamengo,Derrota,1,4,Visitante,Marcelo Aparecido Ribeiro de Souza,26.3,3.3,179.7,6.7,30.3,4.2,179.9,6.1,Estádio Luso Brasileiro,8282
Bahia,2017,30,22/10/2017,16:00,Domingo,10,Vitória,Vitória,2,1,Mandante,Marcelo de Lima Henrique,26.2,3.1,179.7,7.2,25.6,3.5,180.5,9.0,Arena Fonte Nova,31185
Bahia,2017,31,29/10/2017,16:00,Domingo,10,Fluminense,Empate,1,1,Visitante,Wilton Pereira Sampaio,27.5,3.6,180.2,6.9,26.1,4.3,180.1,9.2,Estádio do Maracanã,12841
Bahia,2017,32,05/11/2017,17:00,Domingo,11,Ponte Preta,Vitória,2,0,Mandante,Wagner do Nascimento Magalhaes,26.1,3.4,178.5,7.2,28.2,5.2,176.9,7.6,Arena Fonte Nova,20539
Bahia,2017,33,08/11/2017,18:30,Quarta,11,Avaí,Vitória,2,1,Visitante,Pericles Bassols Pegado Cortez,25.7,3.5,177.9,6.6,28.0,5.5,181.0,6.7,Estádio da Ressacada,4412
Bahia,2017,34,12/11/2017,17:00,Domingo,11,Atlético Mineiro,Empate,2,2,Mandante,Raphael Claus,25.7,3.5,177.9,6.6,28.6,5.4,180.5,8.4,Arena Fonte Nova,29769
Bahia,2017,35,16/11/2017,20:00,Quinta,11,Santos,Vitória,3,1,Mandante,Sandro Meira Ricci,25.7,3.5,177.9,6.6,28.6,5.8,181.5,6.5,Arena Fonte Nova,22896
Bahia,2017,36,19/11/2017,16:00,Domingo,11,Sport Recife,Derrota,0,1,Visitante,Wagner do Nascimento Magalhaes,25.5,3.4,178.2,6.7,30.5,4.4,180.8,4.6,Ilha do Retiro,5556
Bahia,2017,37,26/11/2017,18:00,Domingo,11,Chapecoense,Derrota,0,1,Mandante,Pericles Bassols Pegado Cortez,25.3,3.0,178.1,6.5,28.6,3.6,181.7,4.9,Arena Fonte Nova,35437
Bahia,2017,38,03/12/2017,16:00,Domingo,12,São Paulo,Empate,1,1,Visitante,Elmo Alves Resende Cunha,24.6,2.4,179.2,7.0,26.6,6.0,180.9,6.1,MorumBIS,60485
Bahia,2018,1,15/04/2018,16:00,Domingo,04,Internacional,Derrota,0,2,Visitante,Eduardo Tomaz de Aquino Valadao,26.5,3.2,180.3,7.7,27.5,4.2,181.2,6.2,Estádio Beira-Rio,16663
Bahia,2018,2,21/04/2018,16:00,Sábado,04,Santos,Vitória,1,0,Mandante,Claudio Francisco Lima E. Silva,26.9,3.6,180.4,7.8,25.2,4.3,180.4,6.8,Arena Fonte Nova,15588
Bahia,2018,3,29/04/2018,16:00,Domingo,04,Athletico,Empate,0,0,Mandante,Ricardo Marques Ribeiro,26.9,3.4,180.2,8.1,27.4,5.1,181.8,4.9,Arena Fonte Nova,16235
Bahia,2018,4,06/05/2018,19:00,Domingo,05,Sport Recife,Derrota,0,2,Visitante,Grazianni Maciel Rocha,26.8,3.6,179.8,7.6,26.6,2.8,181.4,6.2,Ilha do Retiro,15165
Bahia,2018,5,13/05/2018,16:00,Domingo,05,São Paulo,Empate,2,2,Mandante,Dewson Fernando Freitas da Silva,25.8,3.4,180.8,6.7,28.5,4.8,182.2,4.6,Arena Fonte Nova,20847
Bahia,2018,6,19/05/2018,21:00,Sábado,05,Palmeiras,Derrota,0,3,Visitante,Rafael Traci,26.0,4.2,181.5,7.9,30.1,4.2,180.6,5.8,Nubank Parque,26351
Bahia,2018,7,27/05/2018,16:00,Domingo,05,Vasco da Gama,Vitória,3,0,Mandante,Rodolpho Toski Marques,26.9,4.3,181.5,7.2,27.9,4.1,180.7,6.6,Arena Fonte Nova,15031
Bahia,2018,8,31/05/2018,16:00,Quinta,05,Flamengo,Derrota,0,2,Visitante,Jean Pierre Goncalves Lima,27.5,3.6,179.7,7.3,26.8,4.8,179.9,6.1,Estádio do Maracanã,55382
Bahia,2018,9,03/06/2018,16:00,Domingo,06,Grêmio,Derrota,0,2,Mandante,Pericles Bassols Pegado Cortez,26.7,4.0,181.2,8.9,26.2,4.0,181.2,6.0,Arena Fonte Nova,15623
Bahia,2018,10,07/06/2018,20:00,Quinta,06,Paraná Clube,Derrota,0,1,Visitante,Marcelo de Lima Henrique,27.1,3.4,180.5,7.9,25.8,3.8,179.8,6.4,Durival Britto e Silva,4153
Bahia,2018,11,10/06/2018,16:00,Domingo,06,Botafogo,Empate,3,3,Mandante,Leandro Bizzio Marinho,27.7,3.2,180.3,8.4,26.2,4.7,181.2,6.0,Arena Fonte Nova,12478
Bahia,2018,12,13/06/2018,21:45,Quarta,06,Corinthians,Vitória,1,0,Mandante,Leandro Pedro Vuaden,27.7,3.2,180.3,8.4,26.3,4.5,178.9,6.0,Arena Fonte Nova,15041
Bahia,2018,13,19/07/2018,19:30,Quinta,07,Chapecoense,Empate,1,1,Visitante,Rodolpho Toski Marques,28.4,3.7,182.6,6.2,28.4,4.7,179.8,7.6,Arena Condá,7534
Bahia,2018,14,22/07/2018,16:00,Domingo,07,Vitória,Vitória,4,1,Mandante,Wagner do Nascimento Magalhaes,28.4,3.7,182.6,6.2,25.8,4.4,177.7,8.0,Arena Fonte Nova,24312
Bahia,2018,16,30/07/2018,20:00,Segunda,07,Atlético Mineiro,Empate,2,2,Mandante,Wilton Pereira Sampaio,27.7,3.9,182.3,6.5,28.2,5.1,179.7,8.4,Arena Fonte Nova,15993
Bahia,2018,17,05/08/2018,19:00,Domingo,08,Fluminense,Empate,1,1,Visitante,Luiz Flávio de Oliveira,28.5,3.5,182.2,6.4,26.3,3.9,178.1,8.8,Estádio do Maracanã,16548
Bahia,2018,18,11/08/2018,19:00,Sábado,08,América Mineiro,Vitória,1,0,Mandante,Pericles Bassols Pegado Cortez,28.3,3.9,182.3,6.4,31.0,3.0,180.4,7.9,Arena Fonte Nova,19100
Bahia,2018,19,19/08/2018,16:00,Domingo,08,Cruzeiro,Empate,1,1,Visitante,Bruno Arleu de Araujo,28.4,3.7,182.1,6.6,30.5,4.4,180.9,7.3,Governador Magalhães Pinto,28807
Bahia,2018,20,22/08/2018,19:30,Quarta,08,Internacional,Derrota,0,1,Mandante,Rodrigo D'alonso Ferreira,28.5,3.7,182.6,6.2,26.9,3.8,180.0,6.0,Arena Fonte Nova,18671
Bahia,2018,21,25/08/2018,16:00,Sábado,08,Santos,Derrota,0,2,Visitante,Heber Roberto Lopes,27.8,3.3,179.8,7.5,26.0,4.6,180.7,8.3,Estádio Urbano Caldeira,11564
Bahia,2018,15,29/08/2018,19:30,Quarta,08,Ceará,Vitória,2,0,Visitante,Dyorgines Jose Padovani de Andrade,26.6,4.5,182.8,6.5,30.4,2.4,179.8,8.3,Estádio Governador Plácido Castelo,11395
Bahia,2018,22,02/09/2018,16:00,Domingo,09,Athletico,Derrota,0,2,Visitante,Leandro Pedro Vuaden,28.2,3.0,182.5,7.3,24.8,3.6,179.2,6.5,Arena da Baixada,13433
Bahia,2018,23,05/09/2018,19:30,Quarta,09,Sport Recife,Vitória,2,0,Mandante,Marcelo Aparecido Ribeiro de Souza,26.7,4.5,179.8,8.0,29.3,5.6,179.4,5.4,Arena Fonte Nova,13816
Bahia,2018,24,08/09/2018,19:00,Sábado,09,São Paulo,Derrota,0,1,Visitante,Andre Luiz de Freitas Castro,27.0,3.9,180.8,6.8,30.7,4.1,180.9,5.3,MorumBIS,43555
Bahia,2018,25,16/09/2018,16:00,Domingo,09,Palmeiras,Empate,1,1,Mandante,Heber Roberto Lopes,27.2,4.2,179.9,8.0,28.4,3.2,180.2,5.5,Arena Fonte Nova,24495
Bahia,2018,26,24/09/2018,20:00,Segunda,09,Vasco da Gama,Derrota,1,2,Visitante,Leandro Pedro Vuaden,26.2,4.4,180.4,7.7,29.5,3.7,180.2,5.5,Estádio São Januário,13293
Bahia,2018,27,29/09/2018,21:00,Sábado,09,Flamengo,Empate,0,0,Mandante,Igor Junio Benevenuto,27.2,5.0,181.4,7.2,26.1,4.5,180.5,6.7,Arena Fonte Nova,31059
Bahia,2018,28,06/10/2018,21:00,Sábado,10,Grêmio,Empate,2,2,Visitante,Rodolpho Toski Marques,27.5,4.4,180.1,7.8,27.8,4.5,181.2,5.2,Arena do Grêmio,29612
Bahia,2018,29,13/10/2018,21:00,Sábado,10,Paraná Clube,Vitória,2,0,Mandante,Jean Pierre Goncalves Lima,26.8,4.4,181.6,7.6,26.8,2.6,181.1,3.3,Estádio de Pituaçu,29215
Bahia,2018,30,20/10/2018,16:00,Sábado,10,Botafogo,Vitória,1,0,Visitante,Anderson Daronco,27.3,4.5,180.8,7.2,26.0,4.1,180.5,5.3,Estadio Nilton Santos,8180
Bahia,2018,31,27/10/2018,19:00,Sábado,10,Corinthians,Derrota,1,2,Visitante,Anderson Daronco,27.5,4.3,179.9,7.9,27.8,6.3,178.6,8.2,Neo Química Arena,35382
Bahia,2018,32,04/11/2018,18:00,Domingo,11,Chapecoense,Vitória,1,0,Mandante,Flavio Rodrigues De Souza,27.4,4.3,179.7,8.0,28.1,3.8,182.6,6.2,Arena Fonte Nova,17448
Bahia,2018,33,11/11/2018,16:00,Domingo,11,Vitória,Empate,2,2,Visitante,Luiz Flávio de Oliveira,26.7,4.9,181.5,8.5,24.4,3.7,179.1,7.3,Estádio Manoel Barradas,21714
Bahia,2018,34,14/11/2018,20:00,Quarta,11,Ceará,Vitória,2,1,Mandante,Raphael Claus,27.2,4.2,181.5,7.7,27.9,4.0,179.8,8.0,Arena Fonte Nova,17825
Bahia,2018,35,17/11/2018,20:00,Sábado,11,Atlético Mineiro,Derrota,0,1,Visitante,Marcelo Aparecido Ribeiro de Souza,26.8,4.1,181.5,7.6,31.6,4.9,179.8,9.4,Arena Independência,17313
Bahia,2018,36,22/11/2018,20:00,Quinta,11,Fluminense,Vitória,2,0,Mandante,Flavio Rodrigues De Souza,27.3,4.1,181.3,8.0,26.4,3.0,179.2,7.8,Arena Fonte Nova,16784
Bahia,2018,37,25/11/2018,18:00,Domingo,11,América Mineiro,Derrota,0,1,Visitante,Marcelo Aparecido Ribeiro de Souza,26.9,4.4,182.0,7.6,28.9,4.4,179.5,9.4,Arena Independência,7409
Bahia,2018,38,02/12/2018,16:00,Domingo,12,Cruzeiro,Empate,0,0,Mandante,Bruno Arleu de Araujo,27.7,4.8,181.2,6.3,24.1,3.2,179.9,6.2,Estádio de Pituaçu,27776
Bahia,2019,1,28/04/2019,16:00,Domingo,04,Corinthians,Vitória,3,2,Mandante,Wilton Pereira Sampaio,28.2,5.2,180.3,8.3,27.3,4.8,177.5,9.7,Arena Fonte Nova,29294
Bahia,2019,2,02/05/2019,20:00,Quinta,05,Botafogo,Derrota,2,3,Visitante,Luiz Flávio de Oliveira,27.8,4.8,180.5,8.7,29.1,4.4,179.6,7.2,Estadio Nilton Santos,7568
Bahia,2019,3,05/05/2019,19:00,Domingo,05,Avaí,Vitória,1,0,Mandante,Bruno Arleu de Araujo,27.0,4.8,178.1,7.9,28.9,4.5,183.8,7.8,Arena Fonte Nova,18673
Bahia,2019,4,12/05/2019,19:00,Domingo,05,Athletico,Derrota,0,1,Visitante,Savio Pereira Sampaio,27.3,5.0,179.4,8.9,26.3,4.6,178.9,7.0,Arena da Baixada,10510
Bahia,2019,5,19/05/2019,11:00,Domingo,05,São Paulo,Empate,0,0,Visitante,Daniel Nobre Bins,27.3,3.7,180.0,7.4,26.2,4.9,179.7,5.1,MorumBIS,44640
Bahia,2019,6,26/05/2019,19:00,Domingo,05,Fluminense,Vitória,3,2,Mandante,Igor Junio Benevenuto,27.0,4.8,178.6,8.1,24.6,4.2,182.5,4.9,Arena Fonte Nova,21776
Bahia,2019,7,01/06/2019,19:00,Sábado,06,Grêmio,Vitória,1,0,Mandante,Dewson Fernando Freitas da Silva,28.2,4.2,180.3,9.0,25.2,4.3,180.9,5.8,Arena Fonte Nova,26930
Bahia,2019,8,08/06/2019,19:30,Sábado,06,Ceará,Empate,0,0,Visitante,Thiago Duarte Peixoto,28.2,4.2,180.3,9.0,29.0,3.8,179.5,7.1,Estádio Governador Plácido Castelo,15566
Bahia,2019,9,12/06/2019,21:30,Quarta,06,Internacional,Derrota,1,3,Visitante,Paulo Roberto Alves Junior,27.7,4.7,180.8,8.3,29.0,5.0,178.9,5.6,Estádio Beira-Rio,15724
Bahia,2019,10,13/07/2019,19:00,Sábado,07,Santos,Derrota,0,1,Mandante,Jean Pierre Goncalves Lima,26.4,4.5,181.6,7.9,27.5,3.7,180.6,10.3,Arena Fonte Nova,18465
Bahia,2019,11,20/07/2019,17:00,Sábado,07,Cruzeiro,Empate,0,0,Mandante,Luiz Flávio de Oliveira,26.5,4.2,180.0,7.2,24.2,4.2,181.4,6.8,Arena Fonte Nova,24864
Bahia,2019,12,28/07/2019,11:00,Domingo,07,Chapecoense,Empate,0,0,Visitante,Dewson Fernando Freitas da Silva,26.3,4.2,180.5,7.0,29.4,3.8,179.0,5.9,Arena Condá,12787
Bahia,2019,13,04/08/2019,16:00,Domingo,08,Flamengo,Vitória,3,0,Mandante,Flavio Rodrigues De Souza,27.9,4.0,180.5,7.6,27.9,4.5,181.0,5.9,Arena Fonte Nova,43099
Bahia,2019,14,11/08/2019,16:00,Domingo,08,Palmeiras,Empate,2,2,Visitante,Igor Junio Benevenuto,28.8,3.3,180.6,7.3,29.2,3.1,180.3,6.0,Nubank Parque,34275
Bahia,2019,15,18/08/2019,16:00,Domingo,08,Goiás,Empate,1,1,Mandante,Raphael Claus,27.0,3.9,181.1,8.2,27.0,3.7,180.0,6.8,Arena Fonte Nova,28866
Bahia,2019,16,24/08/2019,11:00,Sábado,08,Atlético Mineiro,Vitória,1,0,Visitante,Rodolpho Toski Marques,27.8,4.2,179.6,7.6,25.9,5.3,178.9,8.1,Arena Independência,22401
Bahia,2019,17,31/08/2019,17:00,Sábado,08,CSA,Vitória,1,0,Mandante,Vinicius Gomes do Amara,28.4,4.4,179.5,7.9,29.1,4.3,179.0,8.4,Arena Fonte Nova,32483
Bahia,2019,18,07/09/2019,11:00,Sábado,09,Vasco da Gama,Vitória,2,0,Visitante,Caio Max Augusto Vieira,27.9,3.8,180.0,7.4,27.1,4.1,179.4,7.0,Estádio São Januário,20282
Bahia,2019,19,15/09/2019,16:00,Domingo,09,Fortaleza,Empate,1,1,Mandante,Wagner do Nascimento Magalhaes,28.4,4.4,179.5,7.9,28.5,4.0,178.9,7.0,Arena Fonte Nova,38977
Bahia,2019,20,21/09/2019,19:00,Sábado,09,Corinthians,Derrota,1,2,Visitante,Dewson Fernando Freitas da Silva,27.2,4.2,179.1,8.2,28.5,4.9,177.0,10.1,Neo Química Arena,29569
Bahia,2019,21,25/09/2019,21:30,Quarta,09,Botafogo,Vitória,2,0,Mandante,Flavio Rodrigues De Souza,28.2,4.4,178.8,8.4,28.8,4.6,178.5,6.7,Arena Fonte Nova,19656
Bahia,2019,22,30/09/2019,20:00,Segunda,09,Avaí,Vitória,2,0,Visitante,Jean Pierre Goncalves Lima,28.2,4.4,178.8,8.4,26.4,4.2,180.6,6.9,Estádio da Ressacada,7052
Bahia,2019,23,05/10/2019,19:00,Sábado,10,Athletico,Derrota,1,2,Mandante,Raphael Claus,28.3,4.4,178.8,8.4,28.3,4.6,180.4,6.6,Arena Fonte Nova,38096
Bahia,2019,24,09/10/2019,21:00,Quarta,10,São Paulo,Empate,0,0,Mandante,Braulio Da Silva Machado,27.4,4.4,180.4,9.0,28.7,4.3,180.3,4.7,Arena Fonte Nova,31726
Bahia,2019,25,12/10/2019,19:00,Sábado,10,Fluminense,Derrota,0,2,Visitante,Heber Roberto Lopes,27.9,4.1,180.3,6.8,27.3,5.3,180.9,6.5,Estádio do Maracanã,17637
Bahia,2019,26,16/10/2019,19:15,Quarta,10,Grêmio,Vitória,1,0,Visitante,Rodolpho Toski Marques,27.8,4.2,179.6,7.6,30.5,5.4,180.2,5.1,Arena do Grêmio,11757
Bahia,2019,27,21/10/2019,19:30,Segunda,10,Ceará,Derrota,1,2,Mandante,Luiz Flávio de Oliveira,28.8,4.2,178.6,8.3,30.3,3.3,181.5,6.0,Arena Fonte Nova,28415
Bahia,2019,28,26/10/2019,19:00,Sábado,10,Internacional,Derrota,2,3,Mandante,Marcelo de Lima Henrique,27.3,4.5,179.5,7.8,27.4,4.9,178.3,7.8,Arena Fonte Nova,27542
Bahia,2019,29,31/10/2019,19:15,Quinta,10,Santos,Derrota,0,1,Visitante,Wagner do Nascimento Magalhaes,27.3,4.2,179.5,8.1,28.3,4.0,178.7,10.4,Estádio Urbano Caldeira,5634
Bahia,2019,30,03/11/2019,19:00,Domingo,11,Cruzeiro,Empate,1,1,Visitante,Reway Wagner,27.2,4.6,179.9,9.2,29.3,6.2,181.5,3.8,Governador Magalhães Pinto,21933
Bahia,2019,31,06/11/2019,21:30,Quarta,11,Chapecoense,Empate,1,1,Mandante,Vinicius Furlan,27.4,4.5,180.1,9.2,29.9,3.6,180.1,5.5,Arena Fonte Nova,16836
Bahia,2019,32,10/11/2019,18:00,Domingo,11,Flamengo,Derrota,1,3,Visitante,Caio Max Augusto Vieira,27.3,4.2,179.5,8.1,28.0,3.7,181.5,4.9,Estádio do Maracanã,65930
Bahia,2019,33,17/11/2019,16:00,Domingo,11,Palmeiras,Empate,1,1,Mandante,Bruno Arleu de Araujo,27.2,3.5,180.6,6.7,28.6,1.9,180.3,6.1,Arena Fonte Nova,23194
Bahia,2019,34,24/11/2019,16:00,Domingo,11,Goiás,Derrota,3,4,Visitante,Ricardo Marques Ribeiro,26.9,2.7,180.4,6.2,27.5,4.0,180.3,6.5,Serra Dourada,10259
Bahia,2019,35,27/11/2019,21:00,Quarta,11,Atlético Mineiro,Empate,1,1,Mandante,Thiago Duarte Peixoto,27.5,3.5,179.0,7.7,27.9,4.4,179.2,9.8,Arena Fonte Nova,12759
Bahia,2019,36,01/12/2019,18:00,Domingo,12,CSA,Vitória,2,1,Visitante,Vinicius Furlan,26.4,3.8,180.1,7.4,29.6,3.2,181.6,7.0,Estádio Rei Pelé,7371
Bahia,2019,37,05/12/2019,19:15,Quinta,12,Vasco da Gama,Empate,1,1,Mandante,Felipe Fernandes de Lima,27.4,4.2,179.5,8.1,25.9,4.1,181.7,6.6,Arena Fonte Nova,25148
Bahia,2019,38,08/12/2019,16:00,Domingo,12,Fortaleza,Derrota,1,2,Visitante,Wagner do Nascimento Magalhaes,26.8,3.7,178.9,7.8,28.3,4.1,176.5,9.0,Estádio Governador Plácido Castelo,52552
Bahia,2020,2,12/08/2020,20:30,Quarta,08,Coritiba,Vitória,1,0,Mandante,Flavio Rodrigues De Souza,28.0,3.9,177.2,7.3,26.7,5.1,179.5,5.3,Arena Fonte Nova,0
Bahia,2020,3,16/08/2020,16:00,Domingo,08,Red Bull Bragantino,Vitória,2,1,Mandante,Felipe Fernandes de Lima,28.8,3.7,178.0,7.2,26.2,4.2,179.2,7.1,Arena Fonte Nova,0
Bahia,2020,4,20/08/2020,20:00,Quinta,08,São Paulo,Empate,1,1,Visitante,Rodrigo Carvalhaes de Miranda,28.1,3.1,178.5,7.0,27.8,4.2,180.3,5.6,MorumBIS,0
Bahia,2020,5,23/08/2020,20:00,Domingo,08,Ceará,Derrota,0,2,Visitante,Wagner do Nascimento Magalhaes,29.5,3.9,177.2,7.1,28.3,5.4,182.0,8.9,Estádio Governador Plácido Castelo,0
Bahia,2020,6,29/08/2020,19:00,Sábado,08,Palmeiras,Empate,1,1,Mandante,Bruno Arleu de Araujo,29.6,4.4,178.1,7.5,27.6,4.2,178.9,6.1,Arena Fonte Nova,0
Bahia,2020,7,02/09/2020,20:30,Quarta,09,Flamengo,Derrota,3,5,Mandante,Savio Pereira Sampaio,30.3,4.0,177.5,7.8,26.6,3.1,180.2,5.4,Arena Fonte Nova,0
Bahia,2020,8,06/09/2020,16:00,Domingo,09,Internacional,Empate,2,2,Visitante,Braulio Da Silva Machado,28.1,3.8,178.4,7.2,29.0,5.5,180.1,5.1,Estádio Beira-Rio,0
Bahia,2020,9,10/09/2020,19:15,Quinta,09,Grêmio,Derrota,0,2,Mandante,Jose Mendonca da Silva Junior,27.7,4.2,179.1,7.1,29.4,5.1,180.5,6.7,Arena Fonte Nova,0
Bahia,2020,10,13/09/2020,18:00,Domingo,09,Atlético Goianiense,Derrota,0,1,Mandante,Vinicius Gomes do Amara,28.7,3.7,176.7,7.9,24.8,2.4,179.4,7.4,Arena Fonte Nova,0
Bahia,2020,11,16/09/2020,21:30,Quarta,09,Corinthians,Derrota,2,3,Visitante,Wagner do Nascimento Magalhaes,29.2,3.5,178.1,7.1,26.5,4.9,177.5,8.6,Neo Química Arena,0
Bahia,2020,12,26/09/2020,19:00,Sábado,09,Athletico,Derrota,0,1,Visitante,Ricardo Marques Ribeiro,27.1,4.2,179.1,6.3,25.7,5.0,179.5,5.6,Arena da Baixada,0
Bahia,2020,1,30/09/2020,21:30,Quarta,09,Botafogo,Vitória,2,1,Visitante,Savio Pereira Sampaio,29.0,5.2,177.5,8.3,26.6,5.4,182.1,6.0,Estadio Nilton Santos,0
Bahia,2020,13,04/10/2020,18:15,Domingo,10,Sport Recife,Derrota,1,2,Mandante,Rafael Traci,29.3,5.1,177.9,7.9,29.1,4.0,181.6,6.6,Arena Fonte Nova,0
Bahia,2020,14,07/10/2020,19:15,Quarta,10,Vasco da Gama,Vitória,3,0,Mandante,Jean Pierre Goncalves Lima,29.0,4.1,179.1,8.1,26.8,5.8,178.7,6.5,Arena Fonte Nova,0
Bahia,2020,15,11/10/2020,16:00,Domingo,10,Fluminense,Derrota,0,1,Visitante,Jose Mendonca da Silva Junior,29.0,4.1,179.1,8.1,29.6,5.6,180.8,6.6,Estádio do Maracanã,0
Bahia,2020,16,16/10/2020,20:00,Sexta,10,Goiás,Empate,1,1,Visitante,Rodrigo Carvalhaes de Miranda,29.3,4.3,177.6,8.5,28.3,4.7,180.6,8.9,Serra Dourada,0
Bahia,2020,17,19/10/2020,20:00,Segunda,10,Atlético Mineiro,Vitória,3,1,Mandante,Anderson Daronco,27.6,4.9,179.7,7.6,26.9,4.1,178.5,7.6,Arena Fonte Nova,0
Bahia,2020,19,01/11/2020,18:15,Domingo,11,Santos,Derrota,1,3,Visitante,Heber Roberto Lopes,27.8,4.2,178.2,7.0,25.6,3.1,178.8,8.9,Estádio Urbano Caldeira,0
Bahia,2020,20,08/11/2020,18:15,Domingo,11,Botafogo,Vitória,1,0,Mandante,Jefferson Ferreira de Moraes,29.4,4.7,177.6,8.0,25.6,2.8,179.9,6.1,Arena Fonte Nova,0
Bahia,2020,18,11/11/2020,18:45,Quarta,11,Fortaleza,Vitória,2,1,Mandante,Wagner do Nascimento Magalhaes,27.7,4.7,178.5,7.6,30.2,3.6,180.1,6.2,Arena Fonte Nova,0
Bahia,2020,21,16/11/2020,18:00,Segunda,11,Coritiba,Vitória,2,1,Visitante,Igor Junio Benevenuto,28.5,4.9,179.0,7.5,27.5,4.0,179.0,6.4,Estádio Major Antônio Couto Pereira,0
Bahia,2020,22,20/11/2020,20:00,Sexta,11,Red Bull Bragantino,Derrota,0,4,Visitante,Anderson Daronco,29.8,4.6,178.9,7.6,25.5,4.3,180.9,7.3,Estádio Nabi Abi Chedid,0
Bahia,2020,23,28/11/2020,19:00,Sábado,11,São Paulo,Derrota,1,3,Mandante,Leandro Pedro Vuaden,27.4,4.8,179.1,6.5,27.4,5.7,179.9,5.1,Arena Fonte Nova,0
Bahia,2020,24,05/12/2020,19:00,Sábado,12,Ceará,Derrota,0,2,Mandante,Jean Pierre Goncalves Lima,26.7,5.1,179.9,6.4,28.3,3.8,181.5,8.0,Arena Fonte Nova,0
Bahia,2020,25,12/12/2020,19:00,Sábado,12,Palmeiras,Derrota,0,3,Visitante,Rafael Traci,28.2,4.2,181.0,5.8,26.6,3.9,179.0,6.2,Nubank Parque,0
Bahia,2020,26,20/12/2020,18:15,Domingo,12,Flamengo,Derrota,3,4,Visitante,Flavio Rodrigues De Souza,27.6,4.2,179.1,6.9,27.9,5.4,180.5,5.0,Estádio do Maracanã,0
Bahia,2020,27,27/12/2020,16:00,Domingo,12,Internacional,Derrota,1,2,Mandante,Paulo Roberto Alves Junior,27.6,4.3,178.7,7.0,27.7,4.9,181.7,5.8,Arena Fonte Nova,0
Bahia,2020,28,06/01/2021,19:15,Quarta,01,Grêmio,Derrota,1,2,Visitante,Ramon Abatti Abel,27.5,5.2,179.2,6.5,27.1,5.2,181.3,6.5,Arena do Grêmio,0
Bahia,2020,29,10/01/2021,18:15,Domingo,01,Atlético Goianiense,Empate,1,1,Visitante,Anderson Daronco,26.0,4.8,180.5,6.3,26.2,2.2,179.2,6.5,Serra Dourada,0
Bahia,2020,31,20/01/2021,18:00,Quarta,01,Athletico,Vitória,1,0,Mandante,Luiz Flávio de Oliveira,25.9,4.9,180.5,6.2,26.7,5.9,178.7,6.4,Arena Fonte Nova,0
Bahia,2020,32,24/01/2021,18:15,Domingo,01,Sport Recife,Derrota,0,2,Visitante,Raphael Claus,27.4,4.7,179.7,6.7,28.2,4.0,181.5,6.2,Ilha do Retiro,0
Bahia,2020,30,28/01/2021,19:00,Quinta,01,Corinthians,Vitória,2,1,Mandante,Ricardo Marques Ribeiro,28.2,5.2,180.1,7.2,28.7,4.9,179.7,8.8,Arena Fonte Nova,0
Bahia,2020,33,31/01/2021,16:00,Domingo,01,Vasco da Gama,Empate,0,0,Visitante,Wilton Pereira Sampaio,27.6,4.5,179.8,6.6,28.3,5.7,179.5,7.7,Estádio São Januário,0
Bahia,2020,34,03/02/2021,21:30,Quarta,02,Fluminense,Derrota,0,1,Mandante,Flavio Rodrigues De Souza,27.7,5.3,180.6,5.3,27.7,6.9,180.3,5.4,Arena Fonte Nova,0
Bahia,2020,35,06/02/2021,19:00,Sábado,02,Goiás,Empate,3,3,Mandante,Rafael Traci,29.1,5.2,178.9,7.0,25.0,4.8,182.7,7.7,Arena Fonte Nova,0
Bahia,2020,36,13/02/2021,19:00,Sábado,02,Atlético Mineiro,Empate,1,1,Visitante,Raphael Claus,27.8,5.2,180.4,7.4,26.9,3.9,179.8,7.9,Governador Magalhães Pinto,0
Bahia,2020,37,20/02/2021,21:00,Sábado,02,Fortaleza,Vitória,4,0,Visitante,Luiz Flávio de Oliveira,29.2,5.0,179.9,7.2,29.3,4.8,180.5,5.7,Estádio Governador Plácido Castelo,0
Bahia,2020,38,25/02/2021,21:30,Quinta,02,Santos,Vitória,2,0,Mandante,Paulo Roberto Alves Junior,29.3,5.0,179.9,7.2,22.4,3.3,181.2,7.8,Arena Fonte Nova,0
Bahia,2021,1,29/05/2021,20:00,Sábado,05,Santos,Vitória,3,0,Mandante,Bruno Arleu de Araujo,26.5,3.5,181.1,7.0,25.3,5.1,179.2,7.1,Arena Fonte Nova,0
Bahia,2021,2,05/06/2021,21:00,Sábado,06,Red Bull Bragantino,Empate,3,3,Visitante,Vinicius Gomes do Amara,27.1,3.6,182.2,7.5,25.4,5.5,180.4,5.8,Estádio Nabi Abi Chedid,0
Bahia,2021,3,13/06/2021,20:30,Domingo,06,Internacional,Derrota,0,1,Mandante,Wagner do Nascimento Magalhaes,26.1,3.7,180.5,6.1,26.3,5.4,181.1,6.0,Arena Fonte Nova,0
Bahia,2021,4,17/06/2021,16:00,Quinta,06,Ceará,Vitória,2,1,Visitante,Marcelo de Lima Henrique,26.1,3.1,181.1,6.4,26.9,2.6,181.9,5.9,Estádio Governador Plácido Castelo,0
Bahia,2021,5,20/06/2021,16:00,Domingo,06,Corinthians,Empate,0,0,Mandante,Bruno Arleu de Araujo,26.1,3.7,180.5,6.1,29.4,4.8,179.8,9.2,Arena Fonte Nova,0
Bahia,2021,6,24/06/2021,21:30,Quinta,06,Athletico,Vitória,2,1,Mandante,Antonio Dib Moraes de Sousa,26.5,4.2,179.5,7.2,25.7,3.7,182.6,4.8,Arena Fonte Nova,0
Bahia,2021,7,27/06/2021,20:00,Domingo,06,Palmeiras,Derrota,2,3,Visitante,Denis da Silva Ribeiro Serafim,27.4,4.5,179.8,7.4,28.4,5.1,179.7,5.4,Nubank Parque,0
Bahia,2021,8,30/06/2021,19:00,Quarta,06,América Mineiro,Derrota,3,4,Mandante,Leo Simao Holanda,28.0,5.1,179.5,6.7,31.0,4.7,180.7,6.6,Arena Fonte Nova,0
Bahia,2021,9,04/07/2021,11:00,Domingo,07,Chapecoense,Vitória,2,0,Visitante,Edina Alves Batista,27.1,4.2,181.1,6.7,26.8,4.3,181.4,5.7,Arena Condá,0
Bahia,2021,10,07/07/2021,18:00,Quarta,07,Juventude,Vitória,1,0,Mandante,Douglas Marques das Flores,28.2,4.1,179.6,7.3,28.1,3.5,180.8,6.8,Arena Fonte Nova,0
Bahia,2021,11,10/07/2021,19:00,Sábado,07,São Paulo,Derrota,0,1,Visitante,Marcelo de Lima Henrique,28.4,4.7,180.5,7.0,25.8,3.9,181.0,5.0,MorumBIS,0
Bahia,2021,12,18/07/2021,18:15,Domingo,07,Flamengo,Derrota,0,5,Mandante,Wilton Pereira Sampaio,28.0,4.9,180.2,6.8,30.4,4.3,179.5,8.0,Arena Fonte Nova,0
Bahia,2021,13,25/07/2021,11:00,Domingo,07,Atlético Mineiro,Derrota,0,3,Visitante,Antonio Dib Moraes de Sousa,27.9,5.0,179.9,6.7,27.7,4.9,179.3,6.0,Governador Magalhães Pinto,0
Bahia,2021,14,01/08/2021,18:15,Domingo,08,Sport Recife,Derrota,0,1,Mandante,Jefferson Ferreira de Moraes,28.9,4.4,180.4,8.1,26.4,2.0,181.7,8.0,Arena Fonte Nova,0
Bahia,2021,15,07/08/2021,21:00,Sábado,08,Cuiabá,Empate,1,1,Visitante,Heber Roberto Lopes,28.0,3.9,178.8,8.8,29.2,4.2,181.8,4.2,Estádio Eurico Gaspar Dutra,0
Bahia,2021,16,15/08/2021,18:15,Domingo,08,Atlético Goianiense,Derrota,1,2,Mandante,Ricardo Marques Ribeiro,27.8,4.4,181.0,7.5,28.0,4.0,176.9,8.7,Arena Fonte Nova,0
Bahia,2021,17,21/08/2021,19:00,Sábado,08,Grêmio,Derrota,0,2,Visitante,Caio Max Augusto Vieira,27.2,4.4,181.1,8.1,27.3,4.9,179.9,6.8,Arena do Grêmio,0
Bahia,2021,18,30/08/2021,19:00,Segunda,08,Fluminense,Derrota,0,2,Visitante,Edina Alves Batista,28.1,4.3,180.1,8.2,27.4,5.1,179.1,7.2,Estádio do Maracanã,0
Bahia,2021,19,04/09/2021,21:00,Sábado,09,Fortaleza,Vitória,4,2,Mandante,Luiz Flávio de Oliveira,28.5,4.7,180.0,8.1,29.0,3.8,179.9,6.7,Arena Fonte Nova,0
Bahia,2021,20,11/09/2021,21:00,Sábado,09,Santos,Empate,0,0,Visitante,Paulo Cesar Zanovelli da Silva,29.2,4.1,181.2,8.8,27.0,5.4,179.6,8.0,Estádio Urbano Caldeira,0
Bahia,2021,21,18/09/2021,21:00,Sábado,09,Red Bull Bragantino,Empate,1,1,Mandante,Wilton Pereira Sampaio,29.5,4.6,180.5,8.9,24.0,4.3,180.5,5.9,Arena Fonte Nova,0
Bahia,2021,22,26/09/2021,16:00,Domingo,09,Internacional,Derrota,0,2,Visitante,Bruno Arleu de Araujo,30.3,4.4,180.9,8.6,27.1,5.1,180.6,5.3,Estádio Beira-Rio,0
Bahia,2021,24,05/10/2021,21:30,Terça,10,Corinthians,Derrota,1,3,Visitante,Denis da Silva Ribeiro Serafim,26.7,4.4,182.1,8.2,28.8,5.3,180.7,8.0,Neo Química Arena,10470
Bahia,2021,25,09/10/2021,19:00,Sábado,10,Athletico,Vitória,2,0,Visitante,Marcelo de Lima Henrique,27.2,4.8,180.5,8.5,27.0,3.0,181.4,5.9,Arena da Baixada,3270
Bahia,2021,26,12/10/2021,21:30,Terça,10,Palmeiras,Empate,0,0,Mandante,Ramon Abatti Abel,27.7,4.6,180.5,8.5,28.9,6.0,179.4,6.7,Arena Fonte Nova,4509
Bahia,2021,27,16/10/2021,21:00,Sábado,10,América Mineiro,Empate,0,0,Visitante,Alisson Sidnei Furtado,27.7,4.6,180.5,8.5,29.8,3.8,181.1,7.4,Arena Independência,746
Bahia,2021,28,24/10/2021,20:30,Domingo,10,Chapecoense,Vitória,3,0,Mandante,Wilton Pereira Sampaio,28.3,5.2,180.2,8.4,26.2,3.5,183.4,5.7,Arena Fonte Nova,8058
Bahia,2021,23,27/10/2021,19:00,Quarta,10,Ceará,Empate,1,1,Mandante,Antonio Dib Moraes de Sousa,27.8,4.6,180.1,8.4,29.9,3.3,181.1,6.9,Arena Fonte Nova,11446
Bahia,2021,29,30/10/2021,19:15,Sábado,10,Juventude,Empate,0,0,Visitante,Paulo Roberto Alves Junior,26.9,4.7,180.8,7.7,27.7,4.5,179.7,6.2,Estádio Alfredo Jaconi,3738
Bahia,2021,30,07/11/2021,18:15,Domingo,11,São Paulo,Vitória,1,0,Mandante,Savio Pereira Sampaio,27.8,4.6,180.5,8.5,28.0,4.3,181.7,4.0,Arena Fonte Nova,18178
Bahia,2021,31,11/11/2021,19:00,Quinta,11,Flamengo,Derrota,0,3,Visitante,Andre Luiz de Freitas Castro,28.0,4.4,180.1,8.5,27.5,4.6,181.9,8.2,Estádio do Maracanã,3488
Bahia,2021,33,18/11/2021,21:00,Quinta,11,Sport Recife,Derrota,0,1,Visitante,Flavio Rodrigues De Souza,28.1,4.3,180.4,8.5,26.5,4.8,181.5,7.7,Arena de Pernambuco,8096
Bahia,2021,34,21/11/2021,19:00,Domingo,11,Cuiabá,Empate,0,0,Mandante,Raphael Claus,28.2,5.0,180.7,8.5,28.4,4.9,181.5,6.2,Arena Fonte Nova,19790
Bahia,2021,36,26/11/2021,19:00,Sexta,11,Grêmio,Vitória,3,1,Mandante,Bruno Arleu de Araujo,28.3,5.0,180.1,8.5,27.6,5.2,181.2,5.8,Arena Fonte Nova,29576
Bahia,2021,35,29/11/2021,19:00,Segunda,11,Atlético Goianiense,Derrota,1,2,Visitante,Ramon Abatti Abel,27.9,5.1,180.6,8.0,27.7,3.7,179.4,8.5,Serra Dourada,10704
Bahia,2021,32,02/12/2021,18:00,Quinta,12,Atlético Mineiro,Derrota,2,3,Mandante,Flavio Rodrigues De Souza,29.0,4.6,180.3,8.7,29.9,4.0,179.1,5.9,Arena Fonte Nova,29415
Bahia,2021,37,05/12/2021,16:00,Domingo,12,Fluminense,Vitória,2,0,Mandante,Luiz Flávio de Oliveira,28.4,4.8,179.7,8.7,28.2,5.1,179.9,6.5,Arena Fonte Nova,26048
Bahia,2021,38,09/12/2021,21:30,Quinta,12,Fortaleza,Derrota,1,2,Visitante,Flavio Rodrigues De Souza,28.0,5.0,180.3,8.2,30.3,4.7,180.6,6.0,Estádio Governador Plácido Castelo,51125
Bahia,2023,1,15/04/2023,18:30,Sábado,04,Red Bull Bragantino,Derrota,1,2,Visitante,Maguielson Lima Barbosa,26.5,3.0,181.4,5.8,23.6,3.3,181.6,5.4,Estádio Nabi Abi Chedid,3368
Bahia,2023,2,24/04/2023,20:00,Segunda,04,Botafogo,Derrota,1,2,Mandante,Raphael Claus,26.4,3.1,181.1,6.9,29.4,3.3,182.5,6.9,Arena Fonte Nova,27822
Bahia,2023,3,01/05/2023,20:00,Segunda,05,Vasco da Gama,Vitória,1,0,Visitante,Flavio Rodrigues De Souza,27.0,2.4,181.4,6.2,25.3,4.1,181.5,5.1,Estádio São Januário,19223
Bahia,2023,4,07/05/2023,16:00,Domingo,05,Coritiba,Vitória,3,1,Mandante,Bruno Mota Correia,26.8,2.6,181.2,6.6,27.9,5.2,180.7,7.5,Arena Fonte Nova,37936
Bahia,2023,5,10/05/2023,19:00,Quarta,05,Santos,Derrota,0,3,Visitante,Wagner do Nascimento Magalhaes,26.6,4.1,180.4,8.0,26.5,5.0,180.7,7.0,Estádio Urbano Caldeira,7262
Bahia,2023,6,13/05/2023,16:00,Sábado,05,Flamengo,Derrota,2,3,Mandante,Paulo Cesar Zanovelli da Silva,26.2,3.1,181.0,6.0,26.0,4.5,183.2,6.6,Arena Fonte Nova,48502
Bahia,2023,7,20/05/2023,16:00,Sábado,05,Goiás,Empate,1,1,Mandante,Denis da Silva Ribeiro Serafim,26.5,3.7,181.1,7.3,27.9,3.3,179.5,5.6,Arena Fonte Nova,32519
Bahia,2023,8,28/05/2023,16:00,Domingo,05,Internacional,Derrota,0,2,Visitante,Wagner do Nascimento Magalhaes,27.0,3.4,182.5,6.3,27.7,5.0,182.0,6.0,Estádio Beira-Rio,19037
Bahia,2023,9,03/06/2023,16:00,Sábado,06,Fortaleza,Empate,0,0,Visitante,Joao Vitor Gobi,28.2,3.6,181.2,7.4,29.3,4.3,178.1,5.7,Estádio Governador Plácido Castelo,38338
Bahia,2023,10,10/06/2023,18:30,Sábado,06,Cruzeiro,Empate,2,2,Mandante,Rodrigo Jose Pereira de Lima,27.8,4.1,181.6,6.9,28.4,3.4,179.0,4.8,Arena Fonte Nova,34019
Bahia,2023,11,21/06/2023,21:30,Quarta,06,Palmeiras,Vitória,1,0,Mandante,Wilton Pereira Sampaio,26.7,4.1,180.7,6.6,27.3,5.3,177.5,6.6,Arena Fonte Nova,31013
Bahia,2023,12,24/06/2023,18:30,Sábado,06,Fluminense,Derrota,1,2,Visitante,Savio Pereira Sampaio,27.4,4.8,180.7,6.6,29.9,6.4,178.5,8.1,Estádio do Maracanã,24507
Bahia,2023,13,01/07/2023,18:30,Sábado,07,Grêmio,Derrota,1,2,Mandante,Marcelo de Lima Henrique,26.7,4.1,180.3,6.6,28.1,4.7,181.9,5.5,Arena Fonte Nova,34090
Bahia,2023,14,08/07/2023,16:00,Sábado,07,Cuiabá,Empate,1,1,Visitante,Wagner do Nascimento Magalhaes,25.1,4.1,182.8,5.3,28.5,4.6,183.6,3.6,Arena Pantanal,10149
Bahia,2023,15,16/07/2023,18:30,Domingo,07,Athletico,Derrota,0,2,Visitante,Rafael Rodrigo Klein,26.6,4.2,178.9,6.9,26.2,5.6,180.4,4.9,Arena da Baixada,17091
Bahia,2023,16,22/07/2023,18:30,Sábado,07,Corinthians,Empate,0,0,Mandante,Andre Luiz Skettino Policarpo Bento,27.2,2.7,181.5,5.8,30.1,6.2,181.6,7.2,Arena Fonte Nova,43716
Bahia,2023,17,30/07/2023,11:00,Domingo,07,São Paulo,Empate,0,0,Visitante,Ramon Abatti Abel,27.0,3.0,181.9,6.0,27.9,5.4,179.8,6.4,MorumBIS,56078
Bahia,2023,18,06/08/2023,18:30,Domingo,08,América Mineiro,Vitória,3,1,Mandante,Matheus Delgado Candançan,28.9,1.8,181.4,5.4,30.2,3.5,180.3,5.8,Arena Fonte Nova,34313
Bahia,2023,19,13/08/2023,11:00,Domingo,08,Atlético Mineiro,Derrota,0,1,Visitante,Savio Pereira Sampaio,28.9,1.8,181.4,5.4,29.9,4.5,180.2,6.7,Governador Magalhães Pinto,29847
Bahia,2023,20,20/08/2023,16:00,Domingo,08,Red Bull Bragantino,Vitória,4,0,Mandante,Arthur Gomes Rabelo,28.1,2.1,181.7,5.5,23.8,3.7,182.0,5.8,Arena Fonte Nova,38452
Bahia,2023,21,27/08/2023,16:00,Domingo,08,Botafogo,Derrota,0,3,Visitante,Flavio Rodrigues De Souza,28.1,2.1,181.7,5.5,27.9,4.9,182.8,7.6,Estádio Nilton Santos,39610
Bahia,2023,22,03/09/2023,18:30,Domingo,09,Vasco da Gama,Empate,1,1,Mandante,Ramon Abatti Abel,29.1,1.8,181.6,5.1,28.2,4.9,181.5,6.2,Arena Fonte Nova,46705
Bahia,2023,23,14/09/2023,20:00,Quinta,09,Coritiba,Vitória,4,2,Visitante,Wagner do Nascimento Magalhaes,28.3,1.9,181.4,5.6,27.6,5.0,180.9,7.3,Estádio Major Antônio Couto Pereira,22961
Bahia,2023,24,18/09/2023,20:00,Segunda,09,Santos,Derrota,1,2,Mandante,Ramon Abatti Abel,28.6,2.2,180.1,5.7,27.1,4.7,178.9,7.9,Arena Fonte Nova,41431
Bahia,2023,25,30/09/2023,16:00,Sábado,09,Flamengo,Derrota,0,1,Visitante,Savio Pereira Sampaio,29.1,1.8,181.3,5.5,27.8,3.6,184.4,6.0,Estádio do Maracanã,46472
Bahia,2023,26,07/10/2023,16:00,Sábado,10,Goiás,Vitória,6,4,Visitante,Raphael Claus,28.7,2.5,181.0,6.2,28.3,3.0,180.5,6.9,Estádio da Serrinha,9001
Bahia,2023,27,18/10/2023,21:30,Quarta,10,Internacional,Vitória,1,0,Mandante,Marcelo de Lima Henrique,28.6,2.6,180.4,6.2,30.0,4.5,178.7,6.8,Arena Fonte Nova,31385
Bahia,2023,28,21/10/2023,18:30,Sábado,10,Fortaleza,Vitória,2,0,Mandante,Rodrigo Jose Pereira de Lima,27.5,2.7,179.3,6.4,31.0,2.9,178.9,5.4,Arena Fonte Nova,44761
Bahia,2023,29,25/10/2023,20:00,Quarta,10,Cruzeiro,Derrota,0,3,Visitante,Flavio Rodrigues De Souza,27.9,2.5,180.5,6.3,29.0,2.8,180.3,5.3,Governador Magalhães Pinto,36104
Bahia,2023,30,28/10/2023,19:00,Sábado,10,Palmeiras,Derrota,0,1,Visitante,Rodrigo Jose Pereira de Lima,26.4,3.3,181.3,7.4,27.1,4.9,181.7,5.1,Nubank Parque,33747
Bahia,2023,31,31/10/2023,19:00,Terça,10,Fluminense,Vitória,1,0,Mandante,Edina Alves Batista,28.6,2.6,180.4,6.2,26.6,4.9,180.2,7.8,Arena Fonte Nova,34319
Bahia,2023,32,04/11/2023,19:30,Sábado,11,Grêmio,Derrota,0,1,Visitante,Braulio Da Silva Machado,28.5,3.1,180.4,7.7,30.2,3.8,181.7,4.7,Arena do Grêmio,40154
Bahia,2023,33,09/11/2023,20:00,Quinta,11,Cuiabá,Derrota,0,3,Mandante,Felipe Fernandes de Lima,28.3,2.9,179.5,6.5,28.9,4.6,182.2,6.2,Arena Fonte Nova,33931
Bahia,2023,34,12/11/2023,18:30,Domingo,11,Athletico,Empate,1,1,Mandante,Rafael Rodrigo Klein,27.9,3.1,180.5,6.2,27.5,5.9,180.7,5.4,Arena Fonte Nova,33214
Bahia,2023,35,24/11/2023,21:00,Sexta,11,Corinthians,Vitória,5,1,Visitante,Marcelo de Lima Henrique,27.6,2.8,179.8,6.4,31.7,5.1,180.5,8.3,Neo Química Arena,39403
Bahia,2023,36,29/11/2023,20:00,Quarta,11,São Paulo,Derrota,0,1,Mandante,Braulio Da Silva Machado,27.6,2.8,179.8,6.4,28.3,5.7,177.9,7.0,Arena Fonte Nova,46288
Bahia,2023,37,03/12/2023,18:30,Domingo,12,América Mineiro,Derrota,2,3,Visitante,Marcelo de Lima Henrique,27.9,3.1,180.5,6.2,26.7,5.2,179.9,6.8,Arena Independência,2471
Bahia,2023,38,06/12/2023,21:30,Quarta,12,Atlético Mineiro,Vitória,4,1,Mandante,Ramon Abatti Abel,27.6,2.8,181.5,7.0,30.4,4.5,179.5,6.9,Arena Fonte Nova,28019
Bahia,2024,1,13/04/2024,18:30,Sábado,04,Internacional,Derrota,1,2,Visitante,Rodrigo Jose Pereira de Lima,29.0,3.6,181.3,5.1,27.6,4.4,177.8,6.1,Estádio Beira-Rio,19103
Bahia,2024,2,16/04/2024,21:30,Terça,04,Fluminense,Vitória,2,1,Mandante,Joao Vitor Gobi,28.7,3.9,179.7,6.2,30.4,6.6,177.6,6.0,Arena Fonte Nova,23080
Bahia,2024,3,21/04/2024,16:00,Domingo,04,Vitória,Empate,2,2,Visitante,Raphael Claus,28.7,3.9,179.7,6.2,27.8,4.2,177.2,7.7,Estádio Manoel Barradas,27609
Bahia,2024,4,27/04/2024,21:00,Sábado,04,Grêmio,Vitória,1,0,Mandante,Braulio Da Silva Machado,28.3,3.6,180.5,5.6,30.5,3.7,177.2,8.3,Arena Fonte Nova,35836
Bahia,2024,5,05/05/2024,18:30,Domingo,05,Botafogo,Vitória,2,1,Visitante,Rafael Rodrigo Klein,28.3,3.6,180.5,5.6,27.8,4.0,181.6,7.6,Estádio Nilton Santos,22685
Bahia,2024,6,12/05/2024,18:30,Domingo,05,Red Bull Bragantino,Vitória,1,0,Mandante,Gustavo Ervino Bauermann,28.4,3.6,180.5,5.6,24.6,2.8,183.5,6.3,Arena Fonte Nova,36820
Bahia,2024,7,02/06/2024,16:00,Domingo,06,Atlético Mineiro,Empate,1,1,Visitante,Bruno Arleu de Araujo,28.4,3.6,180.5,5.6,28.4,5.1,180.4,6.7,Arena MRV,37994
Bahia,2024,8,13/06/2024,21:30,Quinta,06,Fortaleza,Vitória,1,0,Mandante,Felipe Fernandes de Lima,28.6,3.5,179.9,6.0,29.8,3.6,179.7,3.9,Arena Fonte Nova,29889
Bahia,2024,9,16/06/2024,18:30,Domingo,06,Criciúma,Empate,2,2,Visitante,Flavio Rodrigues De Souza,29.1,4.0,180.9,5.6,30.3,3.6,180.0,7.6,Estádio Heriberto Hülse,8661
Bahia,2024,10,20/06/2024,20:00,Quinta,06,Flamengo,Derrota,1,2,Visitante,Braulio Da Silva Machado,28.4,3.5,180.8,5.5,27.2,4.6,183.3,6.2,Estádio do Maracanã,49909
Bahia,2024,11,23/06/2024,16:00,Domingo,06,Cruzeiro,Vitória,4,1,Mandante,Paulo Belence Alves Dos Prazeres Filho,28.1,3.0,181.1,5.2,26.9,3.7,178.1,7.4,Arena Fonte Nova,35541
Bahia,2024,12,26/06/2024,21:30,Quarta,06,Vasco da Gama,Vitória,2,1,Mandante,Joao Vitor Gobi,28.4,3.5,180.8,5.5,27.2,4.9,181.5,6.2,Arena Fonte Nova,38318
Bahia,2024,13,30/06/2024,16:00,Domingo,06,São Paulo,Derrota,1,3,Visitante,Marcelo de Lima Henrique,28.4,3.5,180.8,5.5,30.1,3.5,179.1,6.0,MorumBIS,28008
Bahia,2024,14,04/07/2024,19:00,Quinta,07,Juventude,Vitória,2,0,Mandante,Wagner do Nascimento Magalhaes,28.4,3.5,180.8,5.5,29.4,3.7,181.0,7.3,Arena Fonte Nova,40442
Bahia,2024,15,07/07/2024,18:30,Domingo,07,Palmeiras,Derrota,0,2,Visitante,Jonathan Benkenstein Pinheiro,28.4,3.5,180.8,5.5,26.5,5.5,180.1,6.4,Nubank Parque,40198
Bahia,2024,16,10/07/2024,19:00,Quarta,07,Athletico,Vitória,3,1,Visitante,Felipe Fernandes de Lima,28.0,3.3,181.0,6.1,27.5,5.7,182.8,6.6,Arena da Baixada,23307
Bahia,2024,17,13/07/2024,16:00,Sábado,07,Cuiabá,Derrota,1,2,Mandante,Davi de Oliveira Lacerda,28.7,3.6,179.3,6.9,28.3,4.3,183.0,4.9,Arena Fonte Nova,48602
Bahia,2024,18,21/07/2024,16:00,Domingo,07,Corinthians,Derrota,0,1,Mandante,Felipe Fernandes de Lima,29.7,3.7,180.2,5.2,26.7,3.4,180.8,7.8,Arena Fonte Nova,48346
Bahia,2024,19,24/07/2024,21:30,Quarta,07,Atlético Goianiense,Empate,1,1,Visitante,Luciano da Silva Miranda Filho,29.9,3.7,182.1,5.2,26.2,2.8,181.5,10.6,Estádio Antônio Accioly,5777
Bahia,2024,20,27/07/2024,20:00,Sábado,07,Internacional,Empate,1,1,Mandante,Matheus Delgado Candançan,28.1,3.3,180.5,7.0,27.8,6.1,176.5,6.9,Arena Fonte Nova,32950
Bahia,2024,21,04/08/2024,16:00,Domingo,08,Fluminense,Derrota,0,1,Visitante,Davi de Oliveira Lacerda,27.5,4.2,180.5,6.1,30.7,7.4,178.5,5.9,Estádio do Maracanã,50262
Bahia,2024,22,11/08/2024,16:00,Domingo,08,Vitória,Vitória,2,0,Mandante,Braulio Da Silva Machado,28.6,3.6,180.5,5.6,27.9,3.9,179.9,7.4,Arena Fonte Nova,45972
Bahia,2024,23,17/08/2024,16:00,Sábado,08,Grêmio,Vitória,2,0,Visitante,Matheus Delgado Candançan,28.6,3.6,180.5,5.6,25.8,5.5,180.9,7.5,Arena do Grêmio,56102
Bahia,2024,24,25/08/2024,16:00,Domingo,08,Botafogo,Empate,0,0,Mandante,Ramon Abatti Abel,28.7,3.6,180.5,5.6,27.7,4.6,181.6,6.5,Arena Fonte Nova,40198
Bahia,2024,25,01/09/2024,18:30,Domingo,09,Red Bull Bragantino,Derrota,1,2,Visitante,Davi de Oliveira Lacerda,28.7,3.6,180.5,5.6,26.0,3.3,180.5,5.4,Estádio Nabi Abi Chedid,3921
Bahia,2024,26,15/09/2024,18:30,Domingo,09,Atlético Mineiro,Vitória,3,0,Mandante,Rafael Rodrigo Klein,28.7,3.6,180.5,5.6,28.4,6.2,183.0,5.1,Arena Fonte Nova,26420
Bahia,2024,27,21/09/2024,21:00,Sábado,09,Fortaleza,Derrota,1,4,Visitante,Raphael Claus,29.5,4.1,180.5,5.7,30.0,3.5,179.1,5.8,Estádio Governador Plácido Castelo,42051
Bahia,2024,28,29/09/2024,18:30,Domingo,09,Criciúma,Vitória,1,0,Mandante,Edina Alves Batista,28.7,3.6,180.5,5.6,30.9,4.0,181.7,4.2,Arena Fonte Nova,24574
Bahia,2024,29,05/10/2024,19:00,Sábado,10,Flamengo,Derrota,0,2,Mandante,Rafael Rodrigo Klein,28.5,3.2,180.7,5.3,28.4,3.0,181.8,7.4,Arena Fonte Nova,43433
Bahia,2024,30,18/10/2024,21:30,Sexta,10,Cruzeiro,Empate,1,1,Visitante,Flavio Rodrigues De Souza,28.5,3.7,180.4,6.2,27.9,4.2,179.5,7.8,Governador Magalhães Pinto,34473
Bahia,2024,31,28/10/2024,21:00,Segunda,10,Vasco da Gama,Derrota,2,3,Visitante,Raphael Claus,28.8,3.6,180.5,5.6,27.5,5.4,181.0,5.8,Estádio São Januário,17213
Bahia,2024,32,05/11/2024,21:30,Terça,11,São Paulo,Derrota,0,3,Mandante,Alex Gomes Stefano,27.8,3.9,179.4,6.0,29.9,3.8,179.5,7.1,Arena Fonte Nova,29599
Bahia,2024,33,09/11/2024,19:00,Sábado,11,Juventude,Derrota,1,2,Visitante,Wilton Pereira Sampaio,28.6,3.6,179.6,6.4,27.8,3.7,182.0,6.5,Estádio Alfredo Jaconi,6091
Bahia,2024,34,20/11/2024,18:00,Quarta,11,Palmeiras,Derrota,1,2,Mandante,Wagner do Nascimento Magalhaes,27.5,4.0,181.5,7.4,28.9,5.1,178.1,7.4,Arena Fonte Nova,36445
Bahia,2024,35,24/11/2024,16:00,Domingo,11,Athletico,Empate,1,1,Mandante,Rodrigo Jose Pereira de Lima,27.3,3.9,180.3,7.0,26.0,4.4,180.8,5.9,Arena Fonte Nova,26307
Bahia,2024,36,30/11/2024,19:30,Sábado,11,Cuiabá,Vitória,2,1,Visitante,David Lacerda,27.3,3.9,180.3,7.0,28.1,4.3,181.7,6.8,Arena Pantanal,2613
Bahia,2024,37,03/12/2024,20:00,Terça,12,Corinthians,Derrota,0,3,Visitante,Bruno Arleu de Araujo,27.8,3.9,179.5,6.0,27.5,4.1,181.4,8.5,Neo Química Arena,46263
Bahia,2024,38,08/12/2024,16:00,Domingo,12,Atlético Goianiense,Vitória,2,0,Mandante,Gustavo Ervino Bauermann,28.5,4.6,180.4,5.8,27.7,2.8,183.1,8.3,Arena Fonte Nova,48476
Bahia,2025,1,30/03/2025,20:00,Domingo,03,Corinthians,Empate,1,1,Mandante,Bruno Arleu de Araujo,27.5,3.9,179.1,6.7,26.2,4.3,181.3,3.6,Arena Fonte Nova,41898
Bahia,2025,2,06/04/2025,20:30,Domingo,04,Santos,Empate,2,2,Visitante,Alex Gomes Stefano,28.1,3.0,181.2,7.2,27.6,5.4,181.4,6.6,Estádio Urbano Caldeira,8796
Bahia,2025,3,13/04/2025,16:00,Domingo,04,Mirassol,Empate,1,1,Mandante,Braulio Da Silva Machado,28.6,3.7,180.0,7.3,29.8,3.4,178.5,8.1,Arena Fonte Nova,39873
Bahia,2025,4,17/04/2025,21:30,Quinta,04,Cruzeiro,Derrota,0,3,Visitante,Flavio Rodrigues De Souza,27.1,4.0,179.5,7.0,29.6,4.7,178.5,8.5,Governador Magalhães Pinto,26557
Bahia,2025,5,21/04/2025,20:00,Segunda,04,Ceará,Vitória,1,0,Mandante,Rafael Rodrigo Klein,27.5,3.1,179.7,6.3,30.6,4.1,180.3,7.1,Arena Fonte Nova,28047
Bahia,2025,6,27/04/2025,18:30,Domingo,04,Palmeiras,Vitória,1,0,Visitante,Wilton Pereira Sampaio,28.9,3.8,180.2,7.4,26.6,5.0,182.7,6.7,Nubank Parque,29033
Bahia,2025,7,03/05/2025,21:00,Sábado,05,Botafogo,Vitória,1,0,Mandante,Flavio Rodrigues De Souza,27.4,3.7,179.1,6.7,25.8,3.4,183.4,8.6,Arena Fonte Nova,37206
Bahia,2025,8,10/05/2025,21:00,Sábado,05,Flamengo,Derrota,0,1,Visitante,Anderson Daronco,25.7,2.7,180.8,5.7,30.6,2.1,180.6,8.5,Estádio do Maracanã,62204
Bahia,2025,9,18/05/2025,16:00,Domingo,05,Vitória,Vitória,2,1,Mandante,Ramon Abatti Abel,27.8,3.9,179.5,6.6,28.6,3.9,178.8,6.6,Arena Fonte Nova,47273
Bahia,2025,10,25/05/2025,11:00,Domingo,05,Grêmio,Derrota,0,1,Visitante,Bruno Arleu de Araujo,28.0,3.9,179.3,6.6,29.1,3.5,177.9,6.3,Arena do Grêmio,13859
Bahia,2025,11,31/05/2025,18:30,Sábado,05,São Paulo,Vitória,2,1,Mandante,Anderson Daronco,29.0,3.8,180.2,7.4,28.2,5.8,180.8,6.0,Arena Fonte Nova,41041
Bahia,2025,12,12/06/2025,19:00,Quinta,06,Red Bull Bragantino,Vitória,3,0,Visitante,Lucas Paulo Torezin,29.0,3.8,180.2,7.4,26.3,3.9,180.0,7.4,Estádio Cícero de Souza Marques,2957
Bahia,2025,13,12/07/2025,21:00,Sábado,07,Atlético Mineiro,Vitória,2,1,Mandante,Davi de Oliveira Lacerda,29.1,3.8,180.2,7.4,28.7,4.8,178.5,6.8,Arena Fonte Nova,30249
Bahia,2025,15,19/07/2025,16:00,Sábado,07,Fortaleza,Empate,1,1,Visitante,Wilton Pereira Sampaio,28.1,4.0,179.3,6.9,30.4,3.8,180.4,6.5,Estádio Governador Plácido Castelo,15954
Bahia,2025,17,27/07/2025,18:30,Domingo,07,Juventude,Vitória,3,0,Mandante,Matheus Delgado Candançan,29.3,3.8,180.6,8.4,28.0,4.0,179.6,6.0,Arena Fonte Nova,32822
Bahia,2025,18,02/08/2025,16:00,Sábado,08,Sport Recife,Empate,0,0,Visitante,Anderson Daronco,29.4,3.5,181.6,7.0,27.4,4.5,182.3,8.3,Ilha do Retiro,16080
Bahia,2025,19,09/08/2025,21:00,Sábado,08,Fluminense,Empate,3,3,Mandante,Jefferson Ferreira de Moraes,28.9,4.1,181.1,7.3,30.9,7.8,180.8,4.5,Arena Fonte Nova,35505
Bahia,2025,20,16/08/2025,21:00,Sábado,08,Corinthians,Vitória,2,1,Visitante,Paulo Cesar Zanovelli da Silva,28.2,3.4,181.5,7.0,26.5,4.7,181.0,8.5,Neo Química Arena,38277
Bahia,2025,21,24/08/2025,16:00,Domingo,08,Santos,Vitória,2,0,Mandante,Rafael Rodrigo Klein,29.0,4.2,180.6,7.5,28.6,5.2,181.4,7.4,Arena Fonte Nova,45233
Bahia,2025,22,31/08/2025,18:30,Domingo,08,Mirassol,Derrota,1,5,Visitante,Marcelo de Lima Henrique,28.2,4.1,179.5,7.3,29.9,3.8,179.5,6.5,Estádio José Maria de Campos Maia,4759
Bahia,2025,23,15/09/2025,20:00,Segunda,09,Cruzeiro,Derrota,1,2,Mandante,Flavio Rodrigues De Souza,27.7,4.8,181.0,6.8,29.1,4.2,178.5,7.9,Arena Fonte Nova,32160
Bahia,2025,24,20/09/2025,18:30,Sábado,09,Ceará,Empate,1,1,Visitante,Lucas Casagrande,28.3,4.5,181.3,6.6,29.7,2.5,179.3,7.9,Estádio Governador Plácido Castelo,24873
Bahia,2025,16,24/09/2025,19:30,Quarta,09,Vasco da Gama,Derrota,1,3,Visitante,Joao Vitor Gobi,28.6,4.4,182.8,5.9,28.0,4.3,179.4,5.7,Estádio São Januário,16188
Bahia,2025,25,28/09/2025,16:00,Domingo,09,Palmeiras,Vitória,1,0,Mandante,Anderson Daronco,27.4,4.7,180.7,7.0,28.3,4.8,182.2,5.0,Arena Fonte Nova,45615
Bahia,2025,26,01/10/2025,21:30,Quarta,10,Botafogo,Derrota,1,2,Visitante,Felipe Fernandes de Lima,28.1,4.8,182.2,6.4,27.1,2.5,182.2,7.9,Estádio Nilton Santos,8059
Bahia,2025,27,05/10/2025,18:30,Domingo,10,Flamengo,Vitória,1,0,Mandante,Rodrigo Jose Pereira de Lima,29.7,4.0,181.8,7.1,29.5,2.6,180.9,6.9,Arena Fonte Nova,48634
Bahia,2025,28,16/10/2025,21:30,Quinta,10,Vitória,Derrota,1,2,Visitante,Anderson Daronco,27.3,4.0,181.3,7.4,28.5,2.6,180.8,6.5,Estádio Manoel Barradas,28027
Bahia,2025,29,19/10/2025,20:30,Domingo,10,Grêmio,Vitória,4,0,Mandante,Raphael Claus,28.5,3.6,182.1,6.7,29.5,4.9,180.7,7.5,Arena Fonte Nova,29272
Bahia,2025,14,22/10/2025,19:00,Quarta,10,Internacional,Vitória,1,0,Mandante,Flavio Rodrigues De Souza,27.8,3.6,181.5,6.7,27.2,5.1,180.3,6.7,Arena Fonte Nova,27349
Bahia,2025,30,25/10/2025,21:30,Sábado,10,São Paulo,Derrota,0,2,Visitante,Lucas Paulo Torezin,28.2,3.9,181.4,7.2,28.9,4.7,179.5,7.0,MorumBIS,15253
Bahia,2025,31,02/11/2025,16:00,Domingo,11,Red Bull Bragantino,Vitória,2,1,Mandante,Marcelo de Lima Henrique,27.7,3.7,180.4,7.8,27.3,3.6,181.4,8.6,Arena Fonte Nova,43129
Bahia,2025,32,05/11/2025,20:00,Quarta,11,Atlético Mineiro,Derrota,0,3,Visitante,Davi de Oliveira Lacerda,28.5,3.2,180.1,6.9,31.2,4.5,178.1,8.0,Arena MRV,25506
Bahia,2025,33,08/11/2025,18:30,Sábado,11,Internacional,Empate,2,2,Visitante,Lucas Paulo Torezin,28.9,3.1,180.7,7.7,28.0,5.0,178.7,6.9,Estádio Beira-Rio,18524
Bahia,2025,34,20/11/2025,18:00,Quinta,11,Fortaleza,Derrota,2,3,Mandante,Rafael Rodrigo Klein,28.6,3.0,180.7,7.8,27.3,3.1,179.6,5.4,Arena Fonte Nova,39941
Bahia,2025,35,23/11/2025,16:00,Domingo,11,Vasco da Gama,Vitória,1,0,Mandante,Jefferson Ferreira de Moraes,29.3,3.9,179.5,7.4,24.9,3.5,179.8,5.3,Arena Fonte Nova,43074
Bahia,2025,36,28/11/2025,19:00,Sexta,11,Juventude,Empate,1,1,Visitante,Fernando Antonio Mendes de Salles Nascimento Filho,29.3,3.7,180.4,7.8,29.8,5.6,179.6,4.2,Estádio Alfredo Jaconi,4536
Bahia,2025,37,03/12/2025,20:00,Quarta,12,Sport Recife,Vitória,2,0,Mandante,Flavio Rodrigues De Souza,28.7,3.9,179.1,7.9,30.0,4.4,180.4,8.1,Arena Fonte Nova,39847
Bahia,2025,38,07/12/2025,16:00,Domingo,12,Fluminense,Derrota,0,2,Visitante,Matheus Delgado Candançan,28.9,3.8,179.8,7.7,32.2,6.3,176.2,7.5,Estádio do Maracanã,52268
Botafogo,2016,1,15/05/2016,11:00,Domingo,05,São Paulo,Derrota,0,1,Mandante,Braulio Da Silva Machado,24.5,4.1,181.0,7.9,23.4,4.7,181.5,6.9,Estádio Raulino de Oliveira,5465
Botafogo,2016,2,22/05/2016,18:30,Domingo,05,Sport Recife,Empate,1,1,Visitante,Vinicius Furlan,24.9,4.4,181.3,8.3,28.6,5.2,178.3,6.8,Ilha do Retiro,5218
Botafogo,2016,3,25/05/2016,19:30,Quarta,05,Athletico,Vitória,2,1,Mandante,Dewson Fernando Freitas da Silva,26.6,5.0,181.1,6.6,25.1,3.4,180.8,6.1,Estádio Luso Brasileiro,4445
Botafogo,2016,4,29/05/2016,16:00,Domingo,05,Fluminense,Derrota,0,1,Visitante,Marcelo Aparecido Ribeiro de Souza,25.9,5.2,181.0,6.3,28.7,4.6,181.5,6.0,Estádio Raulino de Oliveira,4550
Botafogo,2016,5,01/06/2016,21:45,Quarta,06,Cruzeiro,Derrota,0,1,Mandante,Elmo Alves Resende Cunha,25.6,5.1,180.7,6.5,27.1,4.5,177.4,7.0,Estádio Luso Brasileiro,7057
Botafogo,2016,6,05/06/2016,11:00,Domingo,06,Santos,Derrota,0,3,Visitante,Sandro Meira Ricci,25.5,5.2,180.6,7.1,26.0,5.2,181.5,7.5,Estádio Urbano Caldeira,16530
Botafogo,2016,7,12/06/2016,11:00,Domingo,06,Vitória,Empate,1,1,Mandante,Ricardo Marques Ribeiro,26.2,4.8,180.5,5.9,26.9,3.7,178.7,7.1,Estádio Luso Brasileiro,2208
Botafogo,2016,8,15/06/2016,21:00,Quarta,06,América Mineiro,Vitória,3,1,Mandante,Rodrigo Batista Raposo,27.1,4.5,180.2,6.6,27.5,3.2,179.5,5.9,Estádio Luso Brasileiro,1255
Botafogo,2016,9,19/06/2016,16:00,Domingo,06,Corinthians,Derrota,1,3,Visitante,Rodolpho Toski Marques,26.6,4.8,179.7,6.8,26.2,2.2,179.8,7.3,Neo Química Arena,34747
Botafogo,2016,10,22/06/2016,21:00,Quarta,06,Figueirense,Empate,0,0,Mandante,Emerson De Almeida Ferreira,27.9,4.1,180.2,6.6,27.4,3.4,179.4,8.8,Estádio Luso Brasileiro,3012
Botafogo,2016,11,26/06/2016,16:00,Domingo,06,Internacional,Vitória,3,2,Visitante,Wilton Pereira Sampaio,27.1,4.8,180.5,6.7,24.1,3.1,180.5,6.9,Estádio Beira-Rio,21562
Botafogo,2016,12,30/06/2016,21:00,Quinta,06,Atlético Mineiro,Derrota,3,5,Visitante,Raphael Claus,27.2,4.8,180.7,6.7,28.1,5.2,181.3,8.6,Governador Magalhães Pinto,36129
Botafogo,2016,13,03/07/2016,16:00,Domingo,07,Santa Cruz,Vitória,2,1,Mandante,Braulio Da Silva Machado,28.2,3.9,179.7,7.0,29.1,5.6,181.4,6.5,Estádio Municipal Radialista Mario Helenio,5423
Botafogo,2016,14,09/07/2016,16:30,Sábado,07,Coritiba,Empate,0,0,Visitante,Luiz Flávio de Oliveira,26.8,4.0,179.6,6.8,29.3,4.6,179.1,5.7,Estádio Major Antônio Couto Pereira,10922
Botafogo,2016,15,16/07/2016,16:00,Sábado,07,Flamengo,Empate,3,3,Mandante,Flavio Rodrigues De Souza,27.5,3.8,180.8,5.3,28.6,4.6,181.0,6.0,Estádio Luso Brasileiro,11692
Botafogo,2016,16,24/07/2016,16:00,Domingo,07,Chapecoense,Derrota,1,2,Visitante,Anderson Daronco,28.9,4.6,182.0,5.9,28.8,4.3,180.3,6.1,Arena Condá,7012
Botafogo,2016,17,31/07/2016,18:30,Domingo,07,Palmeiras,Vitória,3,1,Mandante,Heber Roberto Lopes,28.0,4.3,181.4,6.7,28.6,6.0,181.6,6.7,Estádio Luso Brasileiro,8477
Botafogo,2016,18,04/08/2016,19:15,Quinta,08,Ponte Preta,Derrota,0,2,Visitante,Ricardo Marques Ribeiro,27.5,4.7,180.7,6.9,27.5,4.3,180.5,7.0,Moisés Lucarelli,5050
Botafogo,2016,20,14/08/2016,16:15,Domingo,08,São Paulo,Vitória,1,0,Visitante,Caio Max Augusto Vieira,28.1,4.3,181.4,6.7,25.7,2.9,179.5,7.2,MorumBIS,14399
Botafogo,2016,21,20/08/2016,21:00,Sábado,08,Sport Recife,Vitória,3,0,Mandante,Jean Pierre Goncalves Lima,26.2,4.2,179.7,6.8,27.7,5.3,176.9,7.7,Estádio Luso Brasileiro,4771
Botafogo,2016,22,29/08/2016,20:00,Segunda,08,Athletico,Derrota,0,1,Visitante,Leandro Pedro Vuaden,27.0,4.0,180.1,6.6,25.7,3.9,182.2,6.3,Arena da Baixada,11453
Botafogo,2016,19,04/09/2016,16:00,Domingo,09,Grêmio,Vitória,2,1,Mandante,Reway Wagner,26.8,4.5,179.7,7.2,27.5,4.2,183.5,5.0,Estádio Luso Brasileiro,5199
Botafogo,2016,23,07/09/2016,16:00,Quarta,09,Fluminense,Vitória,1,0,Mandante,Rodolpho Toski Marques,27.9,4.6,180.2,7.5,28.5,3.9,181.5,6.4,Estádio Luso Brasileiro,10156
Botafogo,2016,24,11/09/2016,16:00,Domingo,09,Cruzeiro,Vitória,2,0,Visitante,Rafael Traci,27.7,4.7,181.0,7.4,28.5,2.6,179.6,6.4,Governador Magalhães Pinto,26611
Botafogo,2016,25,14/09/2016,19:30,Quarta,09,Santos,Derrota,0,1,Mandante,Paulo Schleich Vollkopf,28.5,4.8,182.0,6.9,27.3,5.8,181.3,8.0,Estádio Luso Brasileiro,11883
Botafogo,2016,26,18/09/2016,18:30,Domingo,09,Vitória,Vitória,1,0,Visitante,Rodrigo D'Alonso Ferreira,28.6,4.9,183.4,5.7,26.1,3.3,178.3,7.3,Estádio Manoel Barradas,9900
Botafogo,2016,27,24/09/2016,21:00,Sábado,09,América Mineiro,Derrota,0,1,Visitante,Luiz Flávio de Oliveira,29.1,4.5,182.3,7.2,28.3,5.3,179.6,7.3,Arena Independência,1789
Botafogo,2016,28,01/10/2016,16:30,Sábado,10,Corinthians,Vitória,2,0,Mandante,Caio Max Augusto Vieira,26.5,4.0,180.4,7.0,25.3,3.0,179.7,6.2,Estádio Luso Brasileiro,8375
Botafogo,2016,29,09/10/2016,17:00,Domingo,10,Figueirense,Vitória,1,0,Visitante,Wilton Pereira Sampaio,26.7,3.9,180.4,7.0,27.5,3.8,179.4,7.7,Orlando Scarpelli,12325
Botafogo,2016,30,12/10/2016,21:45,Quarta,10,Internacional,Vitória,1,0,Mandante,Marielson Alves Silva,27.0,4.3,181.0,7.2,26.2,5.4,180.5,5.4,Estádio Luso Brasileiro,10176
Botafogo,2016,31,16/10/2016,16:00,Domingo,10,Atlético Mineiro,Vitória,3,2,Mandante,Reway Wagner,27.7,4.0,178.9,6.2,29.6,4.4,180.7,8.8,Estádio Luso Brasileiro,14595
Botafogo,2016,32,19/10/2016,20:45,Quarta,10,Santa Cruz,Vitória,1,0,Visitante,Braulio Da Silva Machado,28.0,4.0,180.1,7.5,28.4,4.1,180.7,6.7,Estádio do Arruda,3480
Botafogo,2016,33,29/10/2016,17:30,Sábado,10,Coritiba,Empate,0,0,Mandante,Luiz Flávio de Oliveira,27.1,3.9,179.0,7.4,27.7,3.8,178.8,6.4,Estádio Luso Brasileiro,15170
Botafogo,2016,34,05/11/2016,16:00,Sábado,11,Flamengo,Empate,0,0,Visitante,Jean Pierre Goncalves Lima,27.5,3.6,179.5,7.2,28.9,3.7,180.4,7.0,Estádio do Maracanã,44388
Botafogo,2016,35,16/11/2016,18:30,Quarta,11,Chapecoense,Derrota,0,2,Mandante,Dewson Fernando Freitas da Silva,26.9,3.6,179.6,7.2,28.0,4.7,181.6,6.1,Estádio Luso Brasileiro,10170
Botafogo,2016,36,20/11/2016,16:00,Domingo,11,Palmeiras,Derrota,0,1,Visitante,Elmo Alves Resende Cunha,28.5,4.2,180.7,7.6,27.9,6.7,179.5,7.8,Nubank Parque,39690
Botafogo,2016,37,26/11/2016,19:00,Sábado,11,Ponte Preta,Empate,1,1,Mandante,Wilton Pereira Sampaio,26.7,4.1,180.5,6.8,25.7,4.8,180.3,8.7,Estádio Luso Brasileiro,11118
Botafogo,2016,38,11/12/2016,16:00,Domingo,12,Grêmio,Vitória,1,0,Visitante,Jailson Macedo Freitas,28.4,3.7,180.3,6.3,23.2,2.0,178.3,7.0,Arena do Grêmio,14101
Botafogo,2017,1,14/05/2017,19:00,Domingo,05,Grêmio,Derrota,0,2,Visitante,Braulio Da Silva Machado,26.9,3.8,180.6,6.0,28.0,5.0,180.2,7.1,Arena do Grêmio,18551
Botafogo,2017,2,21/05/2017,18:00,Domingo,05,Ponte Preta,Vitória,2,0,Mandante,Rafael Traci,28.1,3.2,181.0,7.4,27.9,4.2,179.9,7.2,Estádio Nilton Santos,9160
Botafogo,2017,3,28/05/2017,19:00,Domingo,05,Bahia,Vitória,1,0,Mandante,Rodolpho Toski Marques,26.5,3.3,179.3,6.2,25.8,3.2,179.6,7.4,Estádio Nilton Santos,7886
Botafogo,2017,4,04/06/2017,11:00,Domingo,06,Flamengo,Empate,0,0,Visitante,Dewson Fernando Freitas da Silva,26.9,3.9,181.6,7.1,30.0,4.1,179.8,6.3,Estádio do Maracanã,10577
Botafogo,2017,5,07/06/2017,21:00,Quarta,06,Santos,Derrota,0,1,Visitante,Dewson Fernando Freitas da Silva,26.6,4.1,181.6,8.1,27.0,5.6,181.6,5.9,Estádio Urbano Caldeira,14486
Botafogo,2017,6,11/06/2017,11:00,Domingo,06,Coritiba,Empate,2,2,Mandante,Flavio Rodrigues De Souza,27.7,4.0,181.5,7.2,27.3,4.0,179.5,6.6,Estádio Nilton Santos,14866
Botafogo,2017,7,14/06/2017,19:30,Quarta,06,Vitória,Empate,2,2,Visitante,Anderson Daronco,27.0,4.0,181.8,7.1,27.7,3.7,179.2,7.9,Estádio Manoel Barradas,8877
Botafogo,2017,8,18/06/2017,16:00,Domingo,06,Chapecoense,Vitória,2,0,Visitante,Marcelo Aparecido Ribeiro de Souza,27.0,4.0,181.8,7.1,27.4,3.1,182.5,6.3,Arena Condá,11603
Botafogo,2017,9,21/06/2017,21:00,Quarta,06,Vasco da Gama,Vitória,3,1,Mandante,Leandro Pedro Vuaden,27.1,4.0,181.8,7.1,27.2,6.1,180.7,6.4,Estádio Nilton Santos,15048
Botafogo,2017,10,26/06/2017,20:00,Segunda,06,Avaí,Derrota,0,2,Mandante,Caio Max Augusto Vieira,28.0,3.9,179.7,6.5,27.3,4.0,178.8,7.6,Estádio Nilton Santos,22819
Botafogo,2017,11,02/07/2017,16:00,Domingo,07,Corinthians,Derrota,0,1,Visitante,Rodolpho Toski Marques,27.1,4.2,179.9,6.3,26.4,4.2,178.3,9.6,Neo Química Arena,40341
Botafogo,2017,12,09/07/2017,19:00,Domingo,07,Atlético Mineiro,Empate,1,1,Mandante,Wilton Pereira Sampaio,28.7,4.5,181.2,6.4,28.5,4.9,181.5,6.9,Estádio Nilton Santos,9630
Botafogo,2017,13,12/07/2017,21:00,Quarta,07,Fluminense,Vitória,1,0,Visitante,Reway Wagner,26.8,4.5,181.4,6.9,24.3,4.2,182.3,6.6,Estádio Giulite Coutinho,14851
Botafogo,2017,14,17/07/2017,20:00,Segunda,07,Sport Recife,Vitória,2,1,Mandante,Ricardo Marques Ribeiro,27.5,4.6,181.1,7.0,27.8,4.0,178.5,6.9,Estádio Nilton Santos,17313
Botafogo,2017,15,20/07/2017,21:00,Quinta,07,Athletico,Empate,0,0,Visitante,Anderson Daronco,27.3,4.7,182.5,6.2,27.6,4.6,181.4,6.5,Arena da Baixada,15134
Botafogo,2017,16,23/07/2017,19:00,Domingo,07,Atlético Goianiense,Empate,1,1,Visitante,Caio Max Augusto Vieira,28.2,5.5,181.1,4.1,26.6,2.2,180.1,5.8,Estádio Olímpico Pedro Ludovico,5462
Botafogo,2017,17,29/07/2017,16:00,Sábado,07,São Paulo,Derrota,3,4,Mandante,Andre Luiz de Freitas Castro,27.1,4.4,182.5,6.6,27.9,3.1,183.0,6.5,Estádio Nilton Santos,17139
Botafogo,2017,18,02/08/2017,21:45,Quarta,08,Palmeiras,Derrota,1,2,Mandante,Rafael Traci,27.9,4.3,182.7,6.5,26.8,4.0,180.2,5.7,Estádio Nilton Santos,7517
Botafogo,2017,19,06/08/2017,16:00,Domingo,08,Cruzeiro,Empate,0,0,Visitante,Claudio Francisco Lima E. Silva,27.7,4.6,181.2,5.7,26.6,5.5,178.7,7.0,Governador Magalhães Pinto,22691
Botafogo,2017,20,13/08/2017,19:00,Domingo,08,Grêmio,Vitória,1,0,Mandante,Reway Wagner,25.9,4.7,179.3,6.0,25.2,4.8,179.9,5.7,Estádio Nilton Santos,6352
Botafogo,2017,21,20/08/2017,16:00,Domingo,08,Ponte Preta,Derrota,1,2,Visitante,Dewson Fernando Freitas da Silva,27.6,4.8,180.2,6.9,28.3,5.1,179.9,7.5,Moisés Lucarelli,3208
Botafogo,2017,22,27/08/2017,16:00,Domingo,08,Bahia,Vitória,2,1,Visitante,Heber Roberto Lopes,27.6,3.4,181.3,7.2,25.8,3.4,180.2,7.3,Arena Fonte Nova,22585
Botafogo,2017,23,10/09/2017,19:00,Domingo,09,Flamengo,Vitória,2,0,Mandante,Ricardo Marques Ribeiro,25.8,4.3,179.7,6.7,27.5,3.7,180.4,6.9,Estádio Nilton Santos,6311
Botafogo,2017,24,16/09/2017,19:00,Sábado,09,Santos,Vitória,2,0,Mandante,Igor Junio Benevenuto,28.3,4.2,180.2,6.1,27.3,4.4,180.4,9.2,Estádio Nilton Santos,5780
Botafogo,2017,25,24/09/2017,16:00,Domingo,09,Coritiba,Vitória,3,2,Visitante,Braulio Da Silva Machado,27.4,4.1,182.1,6.8,28.0,2.3,178.9,4.9,Estádio Major Antônio Couto Pereira,8315
Botafogo,2017,26,01/10/2017,16:00,Domingo,10,Vitória,Derrota,2,3,Mandante,Eduardo Tomaz de Aquino Valadao,27.6,3.7,182.0,6.7,25.0,3.1,180.7,8.0,Estádio Nilton Santos,14780
Botafogo,2017,27,11/10/2017,19:30,Quarta,10,Chapecoense,Vitória,2,1,Mandante,Leandro Pedro Vuaden,25.8,3.7,182.0,6.7,27.8,3.9,183.2,6.4,Estádio Nilton Santos,7613
Botafogo,2017,28,14/10/2017,19:00,Sábado,10,Vasco da Gama,Derrota,0,1,Visitante,Vinicius Goncalves Dias Araujo,26.9,3.2,181.1,7.1,28.1,5.0,180.8,5.8,Estádio São Januário,31406
Botafogo,2017,29,18/10/2017,20:45,Quarta,10,Avaí,Empate,1,1,Visitante,Rafael Traci,25.7,3.6,180.5,6.1,26.2,4.1,180.3,6.6,Estádio da Ressacada,5156
Botafogo,2017,30,23/10/2017,19:00,Segunda,10,Corinthians,Vitória,2,1,Mandante,Rodrigo Batista Raposo,26.9,3.2,181.1,7.1,26.8,4.2,179.0,8.9,Estádio Nilton Santos,8466
Botafogo,2017,31,29/10/2017,16:00,Domingo,10,Atlético Mineiro,Empate,0,0,Visitante,Sandro Meira Ricci,26.9,3.9,181.2,7.2,30.5,4.9,179.4,8.1,Arena Independência,17086
Botafogo,2017,32,04/11/2017,18:00,Sábado,11,Fluminense,Derrota,1,2,Mandante,Luiz Flávio de Oliveira,26.2,3.8,182.2,6.4,25.5,4.3,178.9,8.2,Estádio Nilton Santos,11776
Botafogo,2017,33,08/11/2017,20:00,Quarta,11,Sport Recife,Vitória,2,1,Visitante,Wilton Pereira Sampaio,26.9,3.2,181.1,7.1,29.8,4.6,177.7,6.6,Ilha do Retiro,24119
Botafogo,2017,34,11/11/2017,16:00,Sábado,11,Athletico,Derrota,0,1,Mandante,Anderson Daronco,28.0,3.5,180.7,6.8,29.1,4.3,182.0,5.9,Estádio Nilton Santos,8399
Botafogo,2017,35,16/11/2017,19:00,Quinta,11,Atlético Goianiense,Derrota,1,2,Mandante,Claudio Francisco Lima E. Silva,26.9,3.5,181.2,7.0,26.4,2.6,181.7,5.1,Estádio Nilton Santos,10076
Botafogo,2017,36,19/11/2017,16:00,Domingo,11,São Paulo,Empate,0,0,Visitante,Wilton Pereira Sampaio,27.2,3.0,179.9,8.0,26.2,4.9,182.3,4.8,Mercado Livre Arena Pacaembu,25711
Botafogo,2017,37,27/11/2017,19:00,Segunda,11,Palmeiras,Derrota,0,2,Visitante,Elmo Alves Resende Cunha,27.8,3.1,179.6,8.1,30.3,6.2,180.7,7.3,Nubank Parque,23562
Botafogo,2017,38,03/12/2017,16:00,Domingo,12,Cruzeiro,Empate,2,2,Mandante,Leandro Bizzio Marinho,26.3,4.2,182.4,7.3,27.8,4.2,178.5,8.2,Estádio Nilton Santos,20636
Botafogo,2018,1,16/04/2018,20:00,Segunda,04,Palmeiras,Empate,1,1,Mandante,Ricardo Marques Ribeiro,25.7,4.1,180.8,7.8,28.8,3.9,179.0,6.7,Estádio Nilton Santos,8033
Botafogo,2018,2,23/04/2018,20:00,Segunda,04,Sport Recife,Empate,1,1,Visitante,Rafael Traci,26.4,4.2,181.0,7.6,26.8,3.1,180.2,7.0,Ilha do Retiro,7083
Botafogo,2018,3,28/04/2018,16:00,Sábado,04,Grêmio,Vitória,2,1,Mandante,Vinicius Goncalves Dias Araujo,27.3,4.6,181.2,7.0,27.6,2.9,182.1,4.2,Estádio Nilton Santos,10748
Botafogo,2018,4,06/05/2018,16:00,Domingo,05,Cruzeiro,Derrota,0,1,Visitante,Leandro Bizzio Marinho,27.3,4.6,181.2,7.0,29.8,4.6,178.7,7.7,Governador Magalhães Pinto,20908
Botafogo,2018,5,14/05/2018,20:00,Segunda,05,Fluminense,Vitória,2,1,Mandante,Raphael Claus,27.0,5.0,182.6,5.2,25.6,3.6,181.5,9.1,Estádio Nilton Santos,10382
Botafogo,2018,6,20/05/2018,16:00,Domingo,05,América Mineiro,Derrota,0,1,Visitante,Rodolpho Toski Marques,26.1,4.9,182.0,5.8,27.7,4.3,181.9,5.9,Arena Independência,6052
Botafogo,2018,7,27/05/2018,16:00,Domingo,05,Vitória,Empate,1,1,Mandante,Flavio Rodrigues De Souza,25.0,4.7,181.9,4.6,25.1,3.2,178.5,8.0,Estádio Nilton Santos,5857
Botafogo,2018,8,30/05/2018,21:00,Quarta,05,São Paulo,Derrota,2,3,Visitante,Savio Pereira Sampaio,26.0,5.0,182.2,6.5,30.5,3.7,181.7,5.0,MorumBIS,25427
Botafogo,2018,9,02/06/2018,19:00,Sábado,06,Vasco da Gama,Vitória,2,1,Visitante,Raphael Claus,26.7,4.3,182.6,6.6,27.8,4.2,180.0,6.5,Estádio São Januário,9454
Botafogo,2018,10,06/06/2018,19:30,Quarta,06,Ceará,Empate,0,0,Mandante,Leandro Pedro Vuaden,26.5,4.5,182.9,6.4,28.8,3.7,180.4,6.9,Estádio Nilton Santos,8825
Botafogo,2018,11,10/06/2018,16:00,Domingo,06,Bahia,Empate,3,3,Visitante,Leandro Bizzio Marinho,26.2,4.7,181.2,6.0,27.7,3.2,180.3,8.4,Arena Fonte Nova,12478
Botafogo,2018,12,13/06/2018,21:00,Quarta,06,Athletico,Vitória,2,0,Mandante,Rodrigo Batista Raposo,27.5,5.0,181.4,6.0,26.0,3.3,179.9,4.5,Estádio Nilton Santos,10965
Botafogo,2018,14,21/07/2018,19:00,Sábado,07,Flamengo,Derrota,0,2,Visitante,Luiz Flávio de Oliveira,28.3,4.9,182.5,6.7,27.9,5.0,179.8,6.2,Estádio Luso Brasileiro,42182
Botafogo,2018,15,26/07/2018,19:30,Quinta,07,Chapecoense,Vitória,1,0,Mandante,Savio Pereira Sampaio,26.8,4.3,181.7,7.1,27.7,4.2,179.8,7.5,Estádio Nilton Santos,7602
Botafogo,2018,16,29/07/2018,16:00,Domingo,07,Internacional,Derrota,0,3,Visitante,Igor Junio Benevenuto,24.9,4.2,184.2,4.9,26.0,2.8,181.4,5.7,Estádio Beira-Rio,26608
Botafogo,2018,17,04/08/2018,16:00,Sábado,08,Santos,Empate,0,0,Mandante,Paulo Roberto Alves Junior,25.8,4.2,180.8,7.5,27.9,5.9,181.5,7.8,Estádio Nilton Santos,6940
Botafogo,2018,18,12/08/2018,11:00,Domingo,08,Paraná Clube,Empate,1,1,Visitante,Raphael Claus,25.2,3.7,182.4,7.1,27.3,2.8,180.5,3.7,Durival Britto e Silva,4831
Botafogo,2018,19,19/08/2018,16:00,Domingo,08,Atlético Mineiro,Derrota,0,3,Mandante,Marcelo Aparecido Ribeiro de Souza,26.1,4.0,182.3,7.2,28.6,6.5,181.4,8.4,Estádio Nilton Santos,8470
Botafogo,2018,20,22/08/2018,21:00,Quarta,08,Palmeiras,Derrota,0,2,Visitante,Anderson Daronco,23.8,2.7,181.8,5.4,29.4,3.9,181.2,6.9,Nubank Parque,24882
Botafogo,2018,21,25/08/2018,21:00,Sábado,08,Sport Recife,Vitória,2,0,Mandante,Savio Pereira Sampaio,24.7,4.0,181.2,7.3,30.7,4.6,179.9,5.3,Estádio Nilton Santos,6031
Botafogo,2018,22,01/09/2018,16:00,Sábado,09,Grêmio,Derrota,0,4,Visitante,Jailson Macedo Freitas,24.5,3.0,181.5,6.9,30.3,4.7,180.5,6.2,Arena do Grêmio,14852
Botafogo,2018,23,05/09/2018,19:30,Quarta,09,Cruzeiro,Empate,1,1,Mandante,Raphael Claus,25.3,3.7,182.1,6.5,30.3,5.2,180.9,5.9,Estadio Nilton Santos,5779
Botafogo,2018,24,09/09/2018,16:00,Domingo,09,Fluminense,Derrota,0,1,Visitante,Leandro Pedro Vuaden,24.1,3.3,180.9,5.6,26.8,3.8,180.4,8.1,Estádio do Maracanã,10699
Botafogo,2018,25,16/09/2018,11:00,Domingo,09,América Mineiro,Vitória,1,0,Mandante,Rodrigo Batista Raposo,25.8,3.6,181.6,7.3,30.3,4.5,178.7,8.8,Estadio Nilton Santos,25382
Botafogo,2018,26,23/09/2018,18:00,Domingo,09,Vitória,Vitória,4,3,Visitante,Vinicius Goncalves Dias Araujo,25.3,3.7,182.1,6.5,23.4,2.4,179.5,7.5,Estádio Manoel Barradas,9481
Botafogo,2018,27,30/09/2018,16:00,Domingo,09,São Paulo,Empate,2,2,Mandante,Rafael Traci,25.3,3.7,182.1,6.5,31.4,2.9,181.5,4.5,Estadio Nilton Santos,19976
Botafogo,2018,28,09/10/2018,21:00,Terça,10,Vasco da Gama,Empate,1,1,Mandante,Ricardo Marques Ribeiro,25.0,3.9,182.1,6.5,28.0,4.3,179.6,6.5,Estadio Nilton Santos,10059
Botafogo,2018,29,15/10/2018,20:00,Segunda,10,Ceará,Empate,0,0,Visitante,Raphael Claus,27.6,5.0,182.1,6.3,28.4,4.8,178.8,7.9,Estádio Governador Plácido Castelo,29946
Botafogo,2018,30,20/10/2018,16:00,Sábado,10,Bahia,Derrota,0,1,Mandante,Anderson Daronco,26.0,4.1,180.5,5.3,27.3,4.5,180.8,7.2,Estadio Nilton Santos,8180
Botafogo,2018,31,27/10/2018,21:00,Sábado,10,Athletico,Derrota,1,2,Visitante,Marcelo Aparecido Ribeiro de Souza,25.7,3.9,181.4,7.3,27.1,3.6,178.6,6.1,Arena da Baixada,7133
Botafogo,2018,32,04/11/2018,16:00,Domingo,11,Corinthians,Vitória,1,0,Mandante,Leandro Pedro Vuaden,27.1,3.4,181.3,7.5,28.3,5.8,180.2,7.9,Estadio Nilton Santos,21463
Botafogo,2018,33,10/11/2018,18:00,Sábado,11,Flamengo,Vitória,2,1,Mandante,Braulio Da Silva Machado,26.3,4.1,181.3,7.5,27.4,3.8,180.5,6.7,Estadio Nilton Santos,19267
Botafogo,2018,34,15/11/2018,16:00,Quinta,11,Chapecoense,Vitória,1,0,Visitante,Luiz Flávio de Oliveira,26.1,4.5,182.3,7.5,28.9,3.9,181.9,6.5,Arena Condá,17261
Botafogo,2018,35,18/11/2018,16:00,Domingo,11,Internacional,Vitória,1,0,Mandante,Rafael Traci,25.5,3.6,181.9,7.4,28.3,4.3,180.9,6.2,Estadio Nilton Santos,19006
Botafogo,2018,36,21/11/2018,20:00,Quarta,11,Santos,Empate,1,1,Visitante,Heber Roberto Lopes,24.7,3.0,180.7,6.5,24.6,3.8,181.6,6.9,Estádio Urbano Caldeira,3620
Botafogo,2018,37,26/11/2018,19:00,Segunda,11,Paraná Clube,Vitória,2,1,Mandante,Igor Junio Benevenuto,25.4,4.0,179.5,6.4,23.5,3.6,180.3,5.1,Estadio Nilton Santos,28972
Botafogo,2018,38,01/12/2018,18:00,Sábado,12,Atlético Mineiro,Derrota,0,1,Visitante,Braulio Da Silva Machado,25.1,3.9,180.3,6.0,30.7,6.0,180.7,9.1,Arena Independência,19171
Botafogo,2019,1,27/04/2019,16:00,Sábado,04,São Paulo,Derrota,0,2,Visitante,Caio Max Augusto Vieira,26.8,4.7,178.4,7.2,26.6,4.0,179.4,5.4,MorumBIS,26533
Botafogo,2019,2,02/05/2019,20:00,Quinta,05,Bahia,Vitória,3,2,Mandante,Luiz Flávio de Oliveira,29.1,4.4,179.6,7.2,27.8,4.8,180.5,8.7,Estadio Nilton Santos,7568
Botafogo,2019,3,05/05/2019,16:00,Domingo,05,Fortaleza,Vitória,1,0,Mandante,Reway Wagner,28.8,4.7,180.0,7.2,28.7,4.2,178.5,7.4,Estadio Nilton Santos,13749
Botafogo,2019,4,11/05/2019,16:00,Sábado,05,Fluminense,Vitória,1,0,Visitante,Marcelo Aparecido Ribeiro de Souza,27.4,5.1,180.5,7.0,25.5,3.8,182.2,5.8,Estádio do Maracanã,24600
Botafogo,2019,5,19/05/2019,16:00,Domingo,05,Goiás,Derrota,0,1,Visitante,Rodolpho Toski Marques,27.1,5.0,180.3,7.3,25.6,2.6,179.8,6.7,Serra Dourada,16347
Botafogo,2019,6,25/05/2019,16:00,Sábado,05,Palmeiras,Derrota,0,1,Mandante,Paulo Roberto Alves Junior,27.6,4.8,179.6,6.0,28.2,1.8,180.0,6.0,Estadio Nilton Santos,33143
Botafogo,2019,7,02/06/2019,11:00,Domingo,06,Vasco da Gama,Vitória,1,0,Mandante,Vinicius Goncalves Dias Araujo,28.1,5.0,180.4,7.0,26.1,4.7,181.6,6.4,Estadio Nilton Santos,19503
Botafogo,2019,8,09/06/2019,19:00,Domingo,06,CSA,Vitória,2,1,Visitante,Jean Pierre Goncalves Lima,28.7,5.4,181.0,6.3,29.0,2.8,178.4,7.3,Estádio Rei Pelé,11602
Botafogo,2019,9,12/06/2019,19:15,Quarta,06,Grêmio,Derrota,0,1,Mandante,Marcelo Aparecido Ribeiro de Souza,28.7,5.4,181.0,6.3,25.9,4.4,181.2,4.7,Estadio Nilton Santos,17757
Botafogo,2019,10,14/07/2019,16:00,Domingo,07,Cruzeiro,Empate,0,0,Visitante,Leandro Pedro Vuaden,27.5,4.3,180.2,7.0,29.9,5.3,181.7,5.6,Governador Magalhães Pinto,18012
Botafogo,2019,11,21/07/2019,11:00,Domingo,07,Santos,Derrota,0,1,Mandante,Heber Roberto Lopes,28.6,4.6,180.8,6.6,27.0,3.5,180.2,10.5,Estadio Nilton Santos,16248
Botafogo,2019,12,28/07/2019,16:00,Domingo,07,Flamengo,Derrota,2,3,Visitante,Raphael Claus,28.1,4.8,180.5,6.9,26.7,4.4,181.0,5.5,Estádio do Maracanã,45622
Botafogo,2019,13,04/08/2019,16:00,Domingo,08,Avaí,Vitória,2,0,Visitante,Vinicius Furlan,28.4,4.6,179.8,5.2,28.2,4.4,180.5,8.4,Estádio da Ressacada,7140
Botafogo,2019,14,11/08/2019,16:00,Domingo,08,Athletico,Vitória,2,1,Mandante,Douglas Marques das Flores,29.1,4.7,180.1,6.8,24.7,5.2,183.0,5.2,Estadio Nilton Santos,7992
Botafogo,2019,15,17/08/2019,17:00,Sábado,08,Corinthians,Derrota,0,2,Visitante,Rafael Traci,27.7,5.1,179.3,5.1,27.6,4.6,178.7,7.2,Neo Química Arena,38882
Botafogo,2019,16,26/08/2019,20:00,Segunda,08,Chapecoense,Empate,0,0,Mandante,Edina Alves Batista,27.3,4.6,179.5,8.0,29.3,4.7,178.4,5.3,Estadio Nilton Santos,8241
Botafogo,2019,17,31/08/2019,21:00,Sábado,08,Internacional,Derrota,2,3,Visitante,Dewson Fernando Freitas da Silva,28.4,4.9,180.2,7.7,30.4,3.1,180.3,5.7,Estádio Beira-Rio,8534
Botafogo,2019,18,08/09/2019,16:00,Domingo,09,Atlético Mineiro,Vitória,2,1,Mandante,Braulio Da Silva Machado,28.7,5.6,181.5,5.8,31.1,4.6,179.0,7.4,Estadio Nilton Santos,12098
Botafogo,2019,19,14/09/2019,21:00,Sábado,09,Ceará,Empate,0,0,Visitante,Luiz Flávio de Oliveira,26.3,5.0,180.8,4.7,29.0,4.4,180.6,6.9,Estádio Governador Plácido Castelo,20906
Botafogo,2019,20,21/09/2019,11:00,Sábado,09,São Paulo,Derrota,1,2,Mandante,Jean Pierre Goncalves Lima,26.9,4.6,179.2,4.9,28.7,5.0,180.0,5.4,Estadio Nilton Santos,18471
Botafogo,2019,21,25/09/2019,21:30,Quarta,09,Bahia,Derrota,0,2,Visitante,Flavio Rodrigues De Souza,28.8,4.6,178.5,6.7,28.2,4.4,178.8,8.4,Arena Fonte Nova,19656
Botafogo,2019,22,30/09/2019,20:00,Segunda,09,Fortaleza,Derrota,0,1,Visitante,Andre Luiz de Freitas Castro,26.2,5.0,180.0,5.2,29.7,4.3,176.7,9.5,Estádio Governador Plácido Castelo,20884
Botafogo,2019,23,06/10/2019,16:00,Domingo,10,Fluminense,Derrota,0,1,Mandante,Rodolpho Toski Marques,28.6,4.7,181.0,6.6,26.6,5.6,181.6,5.4,Estadio Nilton Santos,12404
Botafogo,2019,24,09/10/2019,19:15,Quarta,10,Goiás,Vitória,3,1,Mandante,Rodrigo D'alonso Ferreira,27.8,5.5,178.8,5.4,27.5,3.9,180.0,6.7,Estadio Nilton Santos,5574
Botafogo,2019,25,12/10/2019,21:00,Sábado,10,Palmeiras,Derrota,0,1,Visitante,Anderson Daronco,27.7,4.8,179.7,7.1,29.3,4.1,180.5,6.4,Mercado Livre Arena Pacaembu,21010
Botafogo,2019,26,16/10/2019,21:30,Quarta,10,Vasco da Gama,Derrota,1,2,Visitante,Flavio Rodrigues De Souza,28.1,5.2,178.5,5.3,26.4,4.7,181.3,7.6,Estádio São Januário,16604
Botafogo,2019,27,21/10/2019,20:00,Segunda,10,CSA,Vitória,2,1,Mandante,Leandro Pedro Vuaden,27.8,4.2,178.7,6.2,29.9,4.7,180.1,7.2,Estadio Nilton Santos,18199
Botafogo,2019,28,27/10/2019,16:00,Domingo,10,Grêmio,Derrota,0,3,Visitante,Rafael Traci,28.7,4.3,179.9,7.4,30.5,5.4,180.3,5.1,Arena do Grêmio,7608
Botafogo,2019,29,31/10/2019,21:30,Quinta,10,Cruzeiro,Derrota,0,2,Mandante,Caio Max Augusto Vieira,27.6,4.0,179.3,7.7,29.1,6.4,182.3,4.9,Estadio Nilton Santos,20690
Botafogo,2019,30,03/11/2019,19:00,Domingo,11,Santos,Derrota,1,4,Visitante,Rodrigo D'alonso Ferreira,25.6,4.1,180.3,6.8,28.4,4.0,178.1,10.4,Estádio Urbano Caldeira,7524
Botafogo,2019,31,07/11/2019,20:00,Quinta,11,Flamengo,Derrota,0,1,Mandante,Leandro Pedro Vuaden,26.9,4.6,180.3,7.3,27.9,3.7,180.6,5.7,Estadio Nilton Santos,20958
Botafogo,2019,32,11/11/2019,20:00,Segunda,11,Avaí,Vitória,2,0,Mandante,Savio Pereira Sampaio,26.6,4.9,178.8,8.0,27.1,4.3,181.4,6.2,Estadio Nilton Santos,19075
Botafogo,2019,33,17/11/2019,18:00,Domingo,11,Athletico,Derrota,0,1,Visitante,Braulio Da Silva Machado,27.0,5.6,180.7,6.7,26.8,4.3,179.1,7.1,Arena da Baixada,17027
Botafogo,2019,34,24/11/2019,18:00,Domingo,11,Corinthians,Vitória,1,0,Mandante,Andre Luiz de Freitas Castro,26.3,5.2,180.0,6.1,29.4,3.6,179.4,9.4,Estadio Nilton Santos,22558
Botafogo,2019,35,27/11/2019,19:30,Quarta,11,Chapecoense,Vitória,1,0,Visitante,Anderson Daronco,26.3,5.2,180.0,6.1,31.0,2.5,179.4,5.9,Arena Condá,3582
Botafogo,2019,36,30/11/2019,19:00,Sábado,11,Internacional,Derrota,0,1,Mandante,Rodolpho Toski Marques,27.2,5.3,180.5,7.2,29.1,4.5,179.5,6.7,Estadio Nilton Santos,30956
Botafogo,2019,37,04/12/2019,19:30,Quarta,12,Atlético Mineiro,Derrota,0,2,Visitante,Leandro Pedro Vuaden,27.5,5.4,179.5,7.7,26.3,4.3,179.3,9.6,Arena Independência,27924
Botafogo,2019,38,08/12/2019,16:00,Domingo,12,Ceará,Empate,1,1,Mandante,Luiz Flávio de Oliveira,24.6,4.8,179.4,5.1,29.6,2.4,179.2,7.9,Estadio Nilton Santos,25900
Botafogo,2020,2,12/08/2020,19:15,Quarta,08,Red Bull Bragantino,Empate,1,1,Visitante,Andre Luiz de Freitas Castro,25.0,4.5,180.8,6.3,25.5,3.7,179.7,7.8,Arena Barueri,0
Botafogo,2020,3,16/08/2020,19:30,Domingo,08,Fortaleza,Empate,0,0,Visitante,Marielson Alves Silva,26.1,4.7,181.2,5.7,29.9,3.8,178.8,7.2,Estádio Governador Plácido Castelo,0
Botafogo,2020,4,19/08/2020,21:30,Quarta,08,Atlético Mineiro,Vitória,2,1,Mandante,Flavio Rodrigues De Souza,25.4,4.0,182.5,6.4,25.0,3.5,178.9,7.7,Estadio Nilton Santos,0
Botafogo,2020,5,23/08/2020,11:00,Domingo,08,Flamengo,Empate,1,1,Visitante,Leandro Pedro Vuaden,26.3,4.9,181.1,5.9,28.8,4.9,179.9,5.5,Estádio do Maracanã,0
Botafogo,2020,6,29/08/2020,17:00,Sábado,08,Internacional,Derrota,0,2,Mandante,Thiago Duarte Peixoto,26.0,4.1,181.8,7.3,29.5,4.7,180.2,4.9,Estadio Nilton Santos,0
Botafogo,2020,7,02/09/2020,20:30,Quarta,09,Coritiba,Empate,0,0,Mandante,Felipe Fernandes de Lima,27.6,5.2,182.0,5.5,27.6,3.7,179.2,5.7,Estadio Nilton Santos,0
Botafogo,2020,8,05/09/2020,19:00,Sábado,09,Corinthians,Empate,2,2,Visitante,Rafael Traci,27.8,4.9,181.4,6.0,28.5,4.5,179.5,9.2,Neo Química Arena,0
Botafogo,2020,9,09/09/2020,17:30,Quarta,09,Athletico,Empate,1,1,Visitante,Vinicius Goncalves Dias Araujo,26.8,5.1,181.0,5.7,29.1,5.5,179.4,6.5,Arena da Baixada,0
Botafogo,2020,10,13/09/2020,20:30,Domingo,09,Vasco da Gama,Derrota,2,3,Mandante,Wilton Pereira Sampaio,26.5,5.2,180.5,6.2,27.6,5.0,179.8,6.2,Estadio Nilton Santos,0
Botafogo,2020,11,20/09/2020,18:15,Domingo,09,Santos,Empate,0,0,Mandante,Jose Mendonca da Silva Junior,25.2,4.5,181.2,6.3,27.4,4.3,177.9,7.3,Estadio Nilton Santos,0
Botafogo,2020,12,27/09/2020,18:15,Domingo,09,Atlético Goianiense,Empate,1,1,Visitante,Leandro Pedro Vuaden,25.5,4.8,182.7,6.5,26.3,3.0,180.1,9.2,Serra Dourada,0
Botafogo,2020,1,30/09/2020,21:30,Quarta,09,Bahia,Derrota,1,2,Mandante,Savio Pereira Sampaio,26.6,5.4,182.1,6.0,29.0,5.2,177.5,8.3,Estadio Nilton Santos,0
Botafogo,2020,13,04/10/2020,11:00,Domingo,10,Fluminense,Empate,1,1,Mandante,Anderson Daronco,26.6,5.3,180.5,6.3,29.7,5.9,181.5,6.6,Estadio Nilton Santos,0
Botafogo,2020,14,07/10/2020,21:30,Quarta,10,Palmeiras,Vitória,2,1,Mandante,Rodolpho Toski Marques,26.4,5.2,181.6,6.8,29.3,5.7,178.0,5.6,Estadio Nilton Santos,0
Botafogo,2020,15,11/10/2020,18:15,Domingo,10,Sport Recife,Vitória,2,1,Visitante,Rodrigo D'alonso Ferreira,27.5,5.7,181.0,6.2,28.0,4.9,180.1,6.1,Ilha do Retiro,0
Botafogo,2020,16,14/10/2020,19:15,Quarta,10,Grêmio,Derrota,1,3,Visitante,Luiz Flávio de Oliveira,25.3,5.2,181.4,7.8,30.3,5.1,181.3,7.5,Arena do Grêmio,0
Botafogo,2020,17,19/10/2020,20:00,Segunda,10,Goiás,Empate,0,0,Mandante,Edina Alves Batista,26.7,5.2,180.5,6.2,27.1,4.2,179.7,8.4,Estadio Nilton Santos,0
Botafogo,2020,19,31/10/2020,17:00,Sábado,10,Ceará,Empate,2,2,Mandante,Diego Pombo Lopez,25.8,5.3,179.4,7.0,29.5,5.8,183.4,7.3,Estadio Nilton Santos,0
Botafogo,2020,20,08/11/2020,18:15,Domingo,11,Bahia,Derrota,0,1,Visitante,Jefferson Ferreira de Moraes,25.6,2.8,179.9,6.1,29.4,4.7,177.6,8.0,Arena Fonte Nova,0
Botafogo,2020,21,16/11/2020,20:00,Segunda,11,Red Bull Bragantino,Derrota,1,2,Mandante,Rodolpho Toski Marques,27.0,4.8,179.9,6.5,25.7,4.2,179.7,6.5,Estadio Nilton Santos,0
Botafogo,2020,22,22/11/2020,18:15,Domingo,11,Fortaleza,Derrota,1,2,Mandante,Heber Roberto Lopes,27.6,5.4,181.4,5.4,30.0,3.6,180.5,5.6,Estadio Nilton Santos,0
Botafogo,2020,23,25/11/2020,21:30,Quarta,11,Atlético Mineiro,Derrota,1,2,Visitante,Savio Pereira Sampaio,25.9,4.5,180.1,6.0,26.3,3.2,178.2,7.5,Governador Magalhães Pinto,0
Botafogo,2020,24,05/12/2020,17:00,Sábado,12,Flamengo,Derrota,0,1,Mandante,Anderson Daronco,27.1,5.0,180.0,5.7,29.3,4.0,182.4,6.0,Estadio Nilton Santos,0
Botafogo,2020,18,09/12/2020,21:30,Quarta,12,São Paulo,Derrota,0,4,Visitante,Ricardo Marques Ribeiro,27.1,5.0,180.3,7.0,27.0,4.7,180.3,4.7,MorumBIS,0
Botafogo,2020,25,12/12/2020,19:00,Sábado,12,Internacional,Derrota,1,2,Visitante,Caio Max Augusto Vieira,26.3,5.1,181.2,6.6,29.2,4.0,181.0,5.3,Estádio Beira-Rio,0
Botafogo,2020,26,19/12/2020,21:00,Sábado,12,Coritiba,Vitória,2,1,Visitante,Luiz Flávio de Oliveira,27.6,5.7,180.9,6.0,29.6,4.9,179.4,7.7,Estádio Major Antônio Couto Pereira,0
Botafogo,2020,27,27/12/2020,16:00,Domingo,12,Corinthians,Derrota,0,2,Mandante,Heber Roberto Lopes,27.0,5.4,180.4,5.9,30.2,3.4,176.5,9.4,Estadio Nilton Santos,0
Botafogo,2020,28,06/01/2021,19:15,Quarta,01,Athletico,Derrota,0,2,Mandante,Rodrigo D'alonso Ferreira,26.4,4.9,182.1,6.0,26.8,4.4,180.4,6.5,Estadio Nilton Santos,0
Botafogo,2020,29,10/01/2021,20:30,Domingo,01,Vasco da Gama,Derrota,0,3,Visitante,Raphael Claus,25.2,5.5,181.2,8.1,27.3,6.1,178.0,6.8,Estádio São Januário,0
Botafogo,2020,30,17/01/2021,16:00,Domingo,01,Santos,Derrota,1,2,Visitante,Leandro Pedro Vuaden,24.7,1.8,181.4,6.4,25.7,5.1,178.4,9.3,Estádio Urbano Caldeira,0
Botafogo,2020,31,20/01/2021,17:00,Quarta,01,Atlético Goianiense,Derrota,1,3,Mandante,Ramon Abatti Abel,23.3,2.6,183.4,6.0,25.2,2.6,178.1,8.6,Estadio Nilton Santos,0
Botafogo,2020,32,24/01/2021,20:30,Domingo,01,Fluminense,Derrota,0,2,Visitante,Edina Alves Batista,25.7,5.1,181.4,5.5,26.0,6.6,179.2,5.6,Estádio do Maracanã,0
Botafogo,2020,33,02/02/2021,16:00,Terça,02,Palmeiras,Empate,1,1,Visitante,Felipe Fernandes de Lima,24.2,6.2,181.7,6.4,28.1,5.3,180.5,4.9,Nubank Parque,0
Botafogo,2020,34,05/02/2021,20:00,Sexta,02,Sport Recife,Derrota,0,1,Mandante,Luiz Flávio de Oliveira,21.5,2.6,181.8,6.8,27.1,4.2,180.8,6.9,Estadio Nilton Santos,0
Botafogo,2020,35,08/02/2021,20:00,Segunda,02,Grêmio,Derrota,2,5,Mandante,Rodrigo D'alonso Ferreira,21.4,2.4,180.4,6.4,28.9,5.4,180.7,5.3,Estadio Nilton Santos,0
Botafogo,2020,36,13/02/2021,17:00,Sábado,02,Goiás,Derrota,0,2,Visitante,Felipe Fernandes de Lima,21.2,2.4,181.3,6.6,26.1,6.1,183.2,5.4,Serra Dourada,0
Botafogo,2020,37,22/02/2021,20:00,Segunda,02,São Paulo,Vitória,1,0,Mandante,Braulio Da Silva Machado,22.1,2.2,178.1,6.6,27.3,4.6,180.4,4.7,Estadio Nilton Santos,0
Botafogo,2020,38,25/02/2021,21:30,Quinta,02,Ceará,Derrota,1,2,Visitante,Raphael Claus,21.8,1.9,178.1,7.9,25.6,4.0,181.5,5.4,Estádio Governador Plácido Castelo,0
Botafogo,2022,1,10/04/2022,16:00,Domingo,04,Corinthians,Derrota,1,3,Mandante,Wilton Pereira Sampaio,27.1,3.4,180.5,6.3,26.3,5.0,180.5,6.7,Estádio Nilton Santos,36898
Botafogo,2022,2,17/04/2022,19:00,Domingo,04,Ceará,Vitória,3,1,Visitante,Raphael Claus,26.6,2.7,180.5,5.8,30.7,3.0,181.3,8.2,Estádio Governador Plácido Castelo,33734
Botafogo,2022,3,24/04/2022,18:30,Domingo,04,Atlético Goianiense,Empate,1,1,Visitante,Luiz Flávio de Oliveira,26.6,2.2,180.5,5.9,27.1,3.1,180.9,6.4,Estádio Antônio Accioly,4427
Botafogo,2022,4,01/05/2022,11:00,Domingo,05,Juventude,Empate,1,1,Mandante,Braulio Da Silva Machado,28.4,3.6,180.7,6.2,29.0,3.1,179.2,7.1,Estádio Nilton Santos,34734
Botafogo,2022,5,08/05/2022,11:00,Domingo,05,Flamengo,Vitória,1,0,Visitante,Anderson Daronco,28.2,3.4,179.7,5.8,29.9,4.3,181.1,7.1,Estádio do Maracanã,54981
Botafogo,2022,6,15/05/2022,18:00,Domingo,05,Fortaleza,Vitória,3,1,Mandante,Jefferson Ferreira de Moraes,28.1,3.3,179.7,5.8,28.4,4.7,179.7,5.8,Estádio Nilton Santos,23616
Botafogo,2022,7,21/05/2022,21:00,Sábado,05,América Mineiro,Empate,1,1,Visitante,Raphael Claus,28.0,3.6,180.1,5.7,28.7,6.6,178.8,6.2,Arena Independência,4236
Botafogo,2022,8,29/05/2022,16:00,Domingo,05,Coritiba,Derrota,0,1,Visitante,Braulio Da Silva Machado,28.1,3.8,180.4,5.6,26.9,5.1,182.6,6.9,Estádio Major Antônio Couto Pereira,20302
Botafogo,2022,9,06/06/2022,20:00,Segunda,06,Goiás,Derrota,1,2,Mandante,Paulo Schleich Vollkopf,27.0,4.1,178.9,6.1,27.6,3.4,178.6,7.4,Estádio Nilton Santos,30954
Botafogo,2022,10,09/06/2022,19:00,Quinta,06,Palmeiras,Derrota,0,4,Visitante,Anderson Daronco,27.6,4.0,178.7,6.1,27.4,4.5,178.3,7.2,Nubank Parque,33431
Botafogo,2022,11,13/06/2022,19:00,Segunda,06,Avaí,Derrota,0,1,Mandante,Flavio Rodrigues De Souza,27.7,4.3,179.0,6.0,29.3,5.1,180.0,6.0,Estádio Nilton Santos,12627
Botafogo,2022,12,16/06/2022,16:00,Quinta,06,São Paulo,Vitória,1,0,Mandante,Wilton Pereira Sampaio,27.1,5.1,182.1,6.0,27.3,4.5,179.6,5.5,Estádio Nilton Santos,18677
Botafogo,2022,13,19/06/2022,18:00,Domingo,06,Internacional,Vitória,3,2,Visitante,Savio Pereira Sampaio,26.8,4.7,182.5,6.5,28.9,3.3,178.0,5.9,Estádio Beira-Rio,26219
Botafogo,2022,14,26/06/2022,16:00,Domingo,06,Fluminense,Derrota,0,1,Mandante,Anderson Daronco,27.6,5.7,182.1,6.3,28.6,6.2,179.1,6.9,Estádio Nilton Santos,29791
Botafogo,2022,15,04/07/2022,20:00,Segunda,07,Red Bull Bragantino,Vitória,1,0,Visitante,Ramon Abatti Abel,25.9,5.0,182.5,5.9,25.1,3.3,180.7,6.3,Estádio Nabi Abi Chedid,4509
Botafogo,2022,16,10/07/2022,19:00,Domingo,07,Cuiabá,Derrota,0,2,Visitante,Jefferson Ferreira de Moraes,27.5,5.0,182.7,6.5,28.5,4.2,179.8,4.7,Arena Pantanal,14719
Botafogo,2022,17,17/07/2022,18:00,Domingo,07,Atlético Mineiro,Derrota,0,1,Mandante,Raphael Claus,26.5,3.2,180.0,5.6,29.9,4.0,179.9,6.7,Estádio Nilton Santos,8678
Botafogo,2022,18,20/07/2022,21:30,Quarta,07,Santos,Derrota,0,2,Visitante,Ramon Abatti Abel,26.7,4.5,180.3,6.5,25.1,4.0,180.9,5.0,Estádio Urbano Caldeira,8453
Botafogo,2022,19,23/07/2022,21:00,Sábado,07,Athletico,Vitória,2,0,Mandante,Anderson Daronco,27.9,4.4,181.5,6.0,25.8,5.2,181.7,5.7,Estádio Nilton Santos,8105
Botafogo,2022,20,30/07/2022,19:00,Sábado,07,Corinthians,Derrota,0,1,Visitante,Jean Pierre Goncalves Lima,27.1,4.3,181.1,5.9,27.3,5.5,179.9,7.6,Neo Química Arena,42632
Botafogo,2022,21,06/08/2022,16:30,Sábado,08,Ceará,Empate,1,1,Mandante,Raphael Claus,28.0,4.5,181.3,5.9,29.8,3.8,181.3,7.8,Estádio Nilton Santos,21657
Botafogo,2022,22,13/08/2022,21:00,Sábado,08,Atlético Goianiense,Empate,0,0,Mandante,Edina Alves Batista,28.8,4.8,181.0,6.6,28.4,3.3,181.5,5.4,Estádio Nilton Santos,12230
Botafogo,2022,23,21/08/2022,11:00,Domingo,08,Juventude,Empate,2,2,Visitante,Raphael Claus,29.3,3.9,181.5,5.3,28.9,3.1,180.5,6.0,Estádio Alfredo Jaconi,3095
Botafogo,2022,24,28/08/2022,18:00,Domingo,08,Flamengo,Derrota,0,1,Mandante,Flavio Rodrigues De Souza,29.3,3.9,181.5,5.3,27.4,5.8,180.8,6.4,Estádio Nilton Santos,14442
Botafogo,2022,25,04/09/2022,16:00,Domingo,09,Fortaleza,Vitória,3,1,Visitante,Ramon Abatti Abel,29.9,4.0,180.8,5.8,30.3,3.7,179.3,5.7,Estádio Governador Plácido Castelo,54505
Botafogo,2022,26,11/09/2022,11:00,Domingo,09,América Mineiro,Empate,0,0,Mandante,Jose Mendonca da Silva Junior,29.7,3.9,181.4,5.2,30.7,3.3,180.5,7.0,Estádio Nilton Santos,32285
Botafogo,2022,27,17/09/2022,19:00,Sábado,09,Coritiba,Vitória,2,0,Mandante,Paulo Cesar Zanovelli da Silva,29.6,3.9,182.3,5.4,27.3,4.5,182.2,8.5,Estádio Nilton Santos,32285
Botafogo,2022,28,28/09/2022,21:45,Quarta,09,Goiás,Vitória,1,0,Visitante,Luiz Flávio de Oliveira,29.3,2.9,183.5,5.8,28.3,3.9,180.9,5.7,Estádio da Serrinha,10774
Botafogo,2022,29,03/10/2022,20:00,Segunda,10,Palmeiras,Derrota,1,3,Mandante,Wilton Pereira Sampaio,28.1,4.1,182.8,5.3,29.0,3.6,178.2,6.8,Estádio Nilton Santos,16545
Botafogo,2022,30,06/10/2022,20:00,Quinta,10,Avaí,Vitória,2,1,Visitante,Paulo Cesar Zanovelli da Silva,30.3,3.7,182.6,5.9,30.0,5.2,181.3,6.3,Estádio da Ressacada,6097
Botafogo,2022,31,09/10/2022,16:00,Domingo,10,São Paulo,Vitória,1,0,Visitante,Jean Pierre Goncalves Lima,30.5,3.4,181.8,6.0,29.0,5.7,178.4,5.4,MorumBIS,23918
Botafogo,2022,32,16/10/2022,18:00,Domingo,10,Internacional,Derrota,0,1,Mandante,Braulio Da Silva Machado,29.8,3.0,182.9,5.8,28.1,4.1,179.9,7.2,Estádio Nilton Santos,24445
Botafogo,2022,33,23/10/2022,16:00,Domingo,10,Fluminense,Empate,2,2,Visitante,Ramon Abatti Abel,29.5,4.2,183.3,5.1,28.7,6.5,177.4,7.0,Estádio do Maracanã,N.A
Botafogo,2022,34,26/10/2022,19:30,Quarta,10,Red Bull Bragantino,Vitória,2,1,Mandante,Dyorgines Jose Padovani de Andrade,29.7,3.6,182.3,5.7,24.0,3.4,182.5,7.2,Estádio Nilton Santos,11093
Botafogo,2022,35,01/11/2022,19:00,Terça,11,Cuiabá,Derrota,0,2,Mandante,Jean Pierre Goncalves Lima,29.7,3.6,182.3,5.7,29.3,3.2,183.0,3.9,Estádio Nilton Santos,16365
Botafogo,2022,36,07/11/2022,20:00,Segunda,11,Atlético Mineiro,Vitória,2,0,Visitante,Leandro Pedro Vuaden,29.3,4.0,182.5,5.6,31.4,3.9,179.5,7.1,Governador Magalhães Pinto,31160
Botafogo,2022,37,10/11/2022,20:00,Quinta,11,Santos,Vitória,3,0,Mandante,Braulio Da Silva Machado,27.4,3.8,182.3,6.9,26.2,5.2,181.7,5.1,Estádio Nilton Santos,N.A
Botafogo,2022,38,13/11/2022,16:00,Domingo,11,Athletico,Derrota,0,3,Visitante,Anderson Daronco,28.0,3.9,182.0,6.6,25.9,5.4,180.5,4.8,Arena da Baixada,N.A
Botafogo,2023,1,15/04/2023,18:30,Sábado,04,São Paulo,Vitória,2,1,Mandante,Ramon Abatti Abel,29.9,3.0,182.6,6.9,29.1,4.1,179.9,6.1,Estádio Nilton Santos,11708
Botafogo,2023,2,24/04/2023,20:00,Segunda,04,Bahia,Vitória,2,1,Visitante,Raphael Claus,29.4,3.3,182.5,6.9,26.4,3.1,181.1,6.9,Arena Fonte Nova,27822
Botafogo,2023,3,30/04/2023,16:00,Domingo,04,Flamengo,Vitória,3,2,Visitante,Edina Alves Batista,30.3,3.3,182.8,6.5,28.3,4.7,183.0,5.7,Estádio do Maracanã,53138
Botafogo,2023,4,07/05/2023,18:30,Domingo,05,Atlético Mineiro,Vitória,2,0,Mandante,Flavio Rodrigues De Souza,26.9,4.0,183.0,6.5,30.0,4.9,180.0,6.4,Estádio Nilton Santos,18218
Botafogo,2023,5,11/05/2023,19:30,Quinta,05,Corinthians,Vitória,3,0,Mandante,Anderson Daronco,30.0,3.1,184.2,5.8,27.9,6.3,179.5,7.7,Estádio Nilton Santos,22388
Botafogo,2023,6,14/05/2023,18:30,Domingo,05,Goiás,Derrota,1,2,Visitante,Rafael Rodrigo Klein,29.4,3.0,182.1,6.0,28.6,3.6,180.5,5.4,Estádio da Serrinha,6674
Botafogo,2023,7,20/05/2023,18:30,Sábado,05,Fluminense,Vitória,1,0,Mandante,Braulio Da Silva Machado,29.9,4.1,183.5,6.4,30.1,6.9,177.7,7.2,Estádio Nilton Santos,24732
Botafogo,2023,8,28/05/2023,19:00,Domingo,05,América Mineiro,Vitória,2,0,Mandante,Raphael Claus,28.8,4.0,182.5,6.4,28.4,5.0,182.5,6.6,Estádio Nilton Santos,23708
Botafogo,2023,9,03/06/2023,18:30,Sábado,06,Athletico,Derrota,0,1,Visitante,Vinicius Goncalves Dias Araujo,27.6,4.0,182.5,6.8,24.8,2.9,180.0,5.3,Arena da Baixada,18684
Botafogo,2023,10,10/06/2023,21:00,Sábado,06,Fortaleza,Vitória,2,0,Mandante,Wilton Pereira Sampaio,28.6,4.5,183.1,6.6,29.6,4.4,179.1,4.7,Estádio Nilton Santos,19297
Botafogo,2023,11,22/06/2023,20:00,Quinta,06,Cuiabá,Vitória,1,0,Visitante,Flavio Rodrigues De Souza,28.8,3.6,182.6,6.8,27.6,4.5,181.8,5.3,Arena Pantanal,13981
Botafogo,2023,12,25/06/2023,16:00,Domingo,06,Palmeiras,Vitória,1,0,Visitante,Anderson Daronco,29.4,3.8,182.8,6.8,28.8,3.3,178.1,7.8,Nubank Parque,38877
Botafogo,2023,13,02/07/2023,16:00,Domingo,07,Vasco da Gama,Vitória,2,0,Mandante,Raphael Claus,28.7,4.5,183.1,6.6,25.4,3.6,181.3,6.0,Estádio Nilton Santos,38798
Botafogo,2023,14,09/07/2023,18:30,Domingo,07,Grêmio,Vitória,2,0,Visitante,Flavio Rodrigues De Souza,28.4,4.3,183.2,6.5,29.1,4.2,181.3,4.7,Arena do Grêmio,47029
Botafogo,2023,15,15/07/2023,21:00,Sábado,07,Red Bull Bragantino,Vitória,2,0,Mandante,Anderson Daronco,29.6,4.0,183.5,6.2,24.5,3.1,180.5,6.3,Estádio Nilton Santos,37036
Botafogo,2023,16,23/07/2023,16:00,Domingo,07,Santos,Empate,2,2,Visitante,Ramon Abatti Abel,28.5,3.4,183.6,6.5,27.5,3.5,179.2,7.1,Estádio Urbano Caldeira,N.A
Botafogo,2023,17,30/07/2023,16:00,Domingo,07,Coritiba,Vitória,4,1,Mandante,Joao Vitor Gobi,30.7,2.7,183.2,6.7,27.4,4.2,181.6,7.2,Estádio Nilton Santos,43071
Botafogo,2023,18,06/08/2023,18:30,Domingo,08,Cruzeiro,Empate,0,0,Visitante,Raphael Claus,30.3,3.1,183.2,6.4,28.8,3.0,180.7,5.8,Governador Magalhães Pinto,44759
Botafogo,2023,19,12/08/2023,21:00,Sábado,08,Internacional,Vitória,3,1,Mandante,Flavio Rodrigues De Souza,28.7,3.6,181.3,6.5,30.1,4.2,176.5,6.3,Estádio Nilton Santos,39598
Botafogo,2023,20,19/08/2023,16:00,Sábado,08,São Paulo,Empate,0,0,Visitante,Ramon Abatti Abel,29.0,4.2,182.7,6.4,26.2,4.2,179.4,5.3,MorumBIS,51946
Botafogo,2023,21,27/08/2023,16:00,Domingo,08,Bahia,Vitória,3,0,Mandante,Flavio Rodrigues De Souza,27.9,4.9,182.8,7.6,28.1,2.1,181.7,5.5,Estádio Nilton Santos,39610
Botafogo,2023,22,02/09/2023,21:00,Sábado,09,Flamengo,Derrota,1,2,Mandante,Raphael Claus,28.9,4.7,183.1,7.3,25.8,3.8,184.5,5.8,Estádio Nilton Santos,40769
Botafogo,2023,23,16/09/2023,21:00,Sábado,09,Atlético Mineiro,Derrota,0,1,Visitante,Ramon Abatti Abel,30.4,3.1,183.2,6.4,29.2,4.3,180.3,7.8,Governador Magalhães Pinto,31729
Botafogo,2023,24,22/09/2023,20:00,Sexta,09,Corinthians,Derrota,0,1,Visitante,Paulo Cesar Zanovelli da Silva,29.8,4.0,182.5,6.2,25.5,6.2,182.1,7.4,Neo Química Arena,37237
Botafogo,2023,25,02/10/2023,20:00,Segunda,10,Goiás,Empate,1,1,Mandante,Braulio Da Silva Machado,29.6,3.9,184.1,5.9,28.4,3.0,181.1,6.7,Estádio Nilton Santos,34294
Botafogo,2023,26,08/10/2023,16:00,Domingo,10,Fluminense,Vitória,2,0,Visitante,Leandro Pedro Vuaden,30.5,3.1,183.2,6.4,30.9,6.3,177.4,6.9,Estádio do Maracanã,45193
Botafogo,2023,27,18/10/2023,20:00,Quarta,10,América Mineiro,Vitória,2,1,Visitante,Anderson Daronco,29.3,3.6,183.9,6.2,30.9,4.7,181.7,7.6,Arena Independência,6230
Botafogo,2023,28,21/10/2023,21:00,Sábado,10,Athletico,Empate,1,1,Mandante,Matheus Delgado Candançan,30.5,3.1,183.2,6.4,27.1,5.4,183.5,5.4,Estádio Nilton Santos,N.A
Botafogo,2023,30,29/10/2023,20:00,Domingo,10,Cuiabá,Derrota,0,1,Mandante,Wilton Pereira Sampaio,29.9,4.0,183.5,6.2,27.7,4.4,183.3,5.9,Estádio Nilton Santos,30659
Botafogo,2023,31,01/11/2023,21:30,Quarta,11,Palmeiras,Derrota,3,4,Mandante,Braulio Da Silva Machado,30.6,3.1,183.2,6.4,27.9,4.6,181.5,5.3,Estádio Nilton Santos,34913
Botafogo,2023,32,06/11/2023,19:00,Segunda,11,Vasco da Gama,Derrota,0,1,Visitante,Leandro Pedro Vuaden,30.6,2.6,183.3,6.7,27.4,5.5,180.0,6.9,Estádio São Januário,21043
Botafogo,2023,33,09/11/2023,20:00,Quinta,11,Grêmio,Derrota,3,4,Mandante,Ramon Abatti Abel,29.1,3.7,182.7,6.6,28.1,5.1,181.1,4.7,Estádio São Januário,17708
Botafogo,2023,34,12/11/2023,16:00,Domingo,11,Red Bull Bragantino,Empate,2,2,Visitante,Anderson Daronco,30.6,3.1,183.2,6.4,25.1,3.2,180.6,5.3,Estádio Nabi Abi Chedid,9869
Botafogo,2023,29,23/11/2023,19:00,Quinta,11,Fortaleza,Empate,2,2,Visitante,Flavio Rodrigues De Souza,30.6,3.1,183.2,6.4,30.3,3.6,177.9,5.3,Estádio Governador Plácido Castelo,25828
Botafogo,2023,35,26/11/2023,16:00,Domingo,11,Santos,Empate,1,1,Mandante,Wilton Pereira Sampaio,30.0,2.9,184.7,5.2,26.3,3.7,179.0,8.6,Estádio Nilton Santos,26548
Botafogo,2023,36,29/11/2023,21:30,Quarta,11,Coritiba,Empate,1,1,Visitante,Rodrigo Jose Pereira de Lima,30.5,2.9,184.9,5.1,25.3,3.4,181.9,7.3,Estádio Major Antônio Couto Pereira,N.A
Botafogo,2023,37,03/12/2023,18:30,Domingo,12,Cruzeiro,Empate,0,0,Mandante,Wilton Pereira Sampaio,28.9,3.4,184.5,5.3,28.0,4.5,181.4,5.1,Estádio Nilton Santos,15462
Botafogo,2023,38,06/12/2023,21:30,Quarta,12,Internacional,Derrota,1,3,Visitante,Flavio Rodrigues De Souza,27.5,4.5,184.0,6.2,29.9,5.1,178.0,6.3,Estádio Beira-Rio,27365
Botafogo,2024,1,14/04/2024,17:00,Domingo,04,Cruzeiro,Derrota,2,3,Visitante,Matheus Delgado Candançan,29.0,4.9,183.9,4.1,29.0,2.2,178.5,7.5,Governador Magalhães Pinto,20701
Botafogo,2024,2,18/04/2024,21:30,Quinta,04,Atlético Goianiense,Vitória,1,0,Mandante,Luiz Flávio de Oliveira,26.9,5.1,182.5,5.0,26.8,2.9,182.5,6.7,Estádio Nilton Santos,7801
Botafogo,2024,3,21/04/2024,18:30,Domingo,04,Juventude,Vitória,5,1,Mandante,Arthur Gomes Rabelo,28.0,4.6,182.5,6.2,28.5,5.5,181.5,6.4,Estádio Nilton Santos,13273
Botafogo,2024,4,28/04/2024,11:00,Domingo,04,Flamengo,Vitória,2,0,Visitante,Raphael Claus,28.7,4.2,182.3,7.5,28.9,1.9,181.6,8.7,Estádio do Maracanã,53683
Botafogo,2024,5,05/05/2024,18:30,Domingo,05,Bahia,Derrota,1,2,Mandante,Rafael Rodrigo Klein,27.8,4.0,181.6,7.6,28.3,3.6,180.5,5.6,Estádio Nilton Santos,22685
Botafogo,2024,6,12/05/2024,16:00,Domingo,05,Fortaleza,Empate,1,1,Visitante,Wilton Pereira Sampaio,27.5,4.1,182.6,6.5,29.7,3.8,179.6,5.1,Estádio Governador Plácido Castelo,15914
Botafogo,2024,7,01/06/2024,21:00,Sábado,06,Corinthians,Vitória,1,0,Visitante,Anderson Daronco,28.4,4.2,181.8,7.5,25.1,3.5,181.5,8.9,Neo Química Arena,41281
Botafogo,2024,8,11/06/2024,20:00,Terça,06,Fluminense,Vitória,1,0,Mandante,Flavio Rodrigues De Souza,29.6,4.1,183.9,7.0,31.1,6.8,177.9,5.9,Estádio Nilton Santos,27239
Botafogo,2024,9,16/06/2024,18:30,Domingo,06,Grêmio,Vitória,2,1,Visitante,Paulo Cesar Zanovelli da Silva,29.0,4.3,182.4,6.7,28.1,5.3,179.1,9.6,Estádio Kleber Andrade,15595
Botafogo,2024,10,19/06/2024,19:00,Quarta,06,Athletico,Empate,1,1,Mandante,Ramon Abatti Abel,29.9,4.2,182.6,6.7,28.2,5.4,181.3,7.0,Estádio Nilton Santos,19589
Botafogo,2024,11,22/06/2024,16:00,Sábado,06,Criciúma,Derrota,1,2,Visitante,Luiz Flávio de Oliveira,28.5,4.3,184.1,6.5,31.5,3.6,179.3,7.1,Estádio Heriberto Hülse,16256
Botafogo,2024,12,26/06/2024,19:00,Quarta,06,Red Bull Bragantino,Vitória,2,1,Mandante,Gustavo Ervino Bauermann,30.8,4.2,183.0,6.4,25.5,2.3,183.3,6.4,Estádio Nilton Santos,13333
Botafogo,2024,13,29/06/2024,18:30,Sábado,06,Vasco da Gama,Empate,1,1,Visitante,Ramon Abatti Abel,29.7,4.7,183.0,6.3,27.1,5.4,181.7,6.1,Estádio São Januário,15593
Botafogo,2024,14,03/07/2024,19:00,Quarta,07,Cuiabá,Vitória,2,1,Visitante,Paulo Cesar Zanovelli da Silva,28.1,5.1,183.9,5.6,29.3,4.3,181.1,6.3,Arena Pantanal,7849
Botafogo,2024,15,07/07/2024,20:30,Domingo,07,Atlético Mineiro,Vitória,3,0,Mandante,Rafael Rodrigo Klein,29.8,4.3,184.8,6.4,27.4,5.2,182.2,6.8,Estádio Nilton Santos,21582
Botafogo,2024,16,11/07/2024,21:30,Quinta,07,Vitória,Vitória,1,0,Visitante,Ramon Abatti Abel,28.5,4.2,184.3,7.1,26.9,3.0,178.4,6.6,Estádio Manoel Barradas,16489
Botafogo,2024,17,17/07/2024,21:30,Quarta,07,Palmeiras,Vitória,1,0,Mandante,Anderson Daronco,30.6,3.5,183.3,7.9,27.7,5.3,180.1,6.6,Estádio Nilton Santos,39570
Botafogo,2024,18,20/07/2024,18:30,Sábado,07,Internacional,Vitória,1,0,Mandante,Flavio Rodrigues De Souza,28.5,4.2,181.8,8.1,28.5,5.1,180.5,5.3,Estádio Nilton Santos,31344
Botafogo,2024,19,24/07/2024,19:30,Quarta,07,São Paulo,Empate,2,2,Visitante,Felipe Fernandes de Lima,29.6,4.1,182.2,8.0,29.4,4.3,180.3,6.6,MorumBIS,53244
Botafogo,2024,20,27/07/2024,21:30,Sábado,07,Cruzeiro,Derrota,0,3,Mandante,Wilton Pereira Sampaio,30.4,4.1,180.5,7.6,27.8,3.8,178.8,7.4,Estádio Nilton Santos,19349
Botafogo,2024,21,03/08/2024,20:00,Sábado,08,Atlético Goianiense,Vitória,4,1,Visitante,Felipe Fernandes de Lima,25.9,4.7,182.5,6.7,28.1,3.6,183.3,6.2,Estádio Antônio Accioly,8618
Botafogo,2024,22,11/08/2024,11:00,Domingo,08,Juventude,Derrota,2,3,Visitante,Flavio Rodrigues De Souza,26.0,4.4,181.9,7.4,27.3,6.0,180.0,8.7,Estádio Alfredo Jaconi,5288
Botafogo,2024,23,18/08/2024,18:30,Domingo,08,Flamengo,Vitória,4,1,Mandante,Bruno Arleu de Araujo,26.6,3.9,182.1,7.8,28.9,3.9,184.4,7.7,Estádio Nilton Santos,23731
Botafogo,2024,24,25/08/2024,16:00,Domingo,08,Bahia,Empate,0,0,Visitante,Ramon Abatti Abel,27.7,4.6,181.6,6.5,28.7,3.6,180.5,5.6,Arena Fonte Nova,40198
Botafogo,2024,25,31/08/2024,21:00,Sábado,08,Fortaleza,Vitória,2,0,Mandante,Flavio Rodrigues De Souza,26.6,3.9,182.1,7.8,30.4,3.4,180.0,4.5,Estádio Nilton Santos,32564
Botafogo,2024,26,14/09/2024,21:00,Sábado,09,Corinthians,Vitória,2,1,Mandante,Anderson Daronco,28.1,3.8,181.4,8.1,27.6,3.4,181.7,8.6,Estádio Nilton Santos,32718
Botafogo,2024,27,21/09/2024,18:30,Sábado,09,Fluminense,Vitória,1,0,Visitante,Wilton Pereira Sampaio,28.2,4.5,182.5,7.5,31.2,6.4,179.3,7.4,Estádio do Maracanã,22000
Botafogo,2024,28,28/09/2024,21:00,Sábado,09,Grêmio,Empate,0,0,Mandante,Maguielson Lima Barbosa,28.7,4.6,182.1,7.5,29.8,4.9,180.4,5.2,Arena BRB Mané Garrincha,42220
Botafogo,2024,29,05/10/2024,16:30,Sábado,10,Athletico,Vitória,1,0,Visitante,Flavio Rodrigues De Souza,28.0,3.3,181.5,8.0,26.1,4.0,181.4,6.8,Arena da Baixada,22726
Botafogo,2024,30,18/10/2024,20:00,Sexta,10,Criciúma,Empate,1,1,Mandante,Matheus Delgado Candançan,27.4,2.9,181.5,8.0,30.8,3.3,180.4,5.6,Estádio do Maracanã,64727
Botafogo,2024,31,26/10/2024,19:00,Sábado,10,Red Bull Bragantino,Vitória,1,0,Visitante,Anderson Daronco,27.1,3.6,181.4,8.0,26.4,3.3,181.6,6.8,Estádio Nabi Abi Chedid,7400
Botafogo,2024,32,05/11/2024,21:30,Terça,11,Vasco da Gama,Vitória,3,0,Mandante,Bruno Arleu de Araujo,27.4,2.9,181.5,8.0,29.0,4.4,179.5,7.0,Estádio Nilton Santos,32007
Botafogo,2024,33,09/11/2024,16:30,Sábado,11,Cuiabá,Empate,0,0,Mandante,Rodrigo Jose Pereira de Lima,28.1,3.3,181.5,8.0,28.4,4.4,182.4,6.4,Estádio Nilton Santos,41899
Botafogo,2024,34,20/11/2024,21:30,Quarta,11,Atlético Mineiro,Empate,0,0,Visitante,Luiz Flávio de Oliveira,29.7,3.8,183.6,6.9,29.2,4.6,180.7,6.8,Arena MRV,N.A
Botafogo,2024,35,23/11/2024,19:30,Sábado,11,Vitória,Empate,1,1,Mandante,Ramon Abatti Abel,27.7,3.7,180.2,7.6,27.8,3.3,181.3,7.9,Estádio Nilton Santos,35491
Botafogo,2024,36,26/11/2024,21:30,Terça,11,Palmeiras,Vitória,3,1,Visitante,Wilton Pereira Sampaio,28.1,3.3,181.5,8.0,28.0,5.9,179.6,6.3,Nubank Parque,31753
Botafogo,2024,37,04/12/2024,21:30,Quarta,12,Internacional,Vitória,1,0,Visitante,Ramon Abatti Abel,28.2,3.9,181.0,7.1,28.1,4.0,179.3,6.5,Estádio Beira-Rio,37628
Botafogo,2024,38,08/12/2024,16:00,Domingo,12,São Paulo,Vitória,2,1,Mandante,Anderson Daronco,27.7,4.1,180.9,7.0,25.9,3.3,178.5,6.5,Estádio Nilton Santos,41986
Botafogo,2025,1,30/03/2025,16:00,Domingo,03,Palmeiras,Empate,0,0,Visitante,Ramon Abatti Abel,27.6,3.4,182.4,9.7,26.9,5.2,181.5,5.5,Nubank Parque,30347
Botafogo,2025,2,05/04/2025,21:00,Sábado,04,Juventude,Vitória,2,0,Mandante,Rodrigo Jose Pereira de Lima,26.7,3.4,182.2,9.8,27.6,4.9,179.4,7.6,Estádio Nilton Santos,10030
Botafogo,2025,3,12/04/2025,16:00,Sábado,04,Red Bull Bragantino,Derrota,0,1,Visitante,Anderson Daronco,27.6,3.4,182.4,9.7,26.7,3.6,179.9,7.4,Estádio Nabi Abi Chedid,5233
Botafogo,2025,4,16/04/2025,18:30,Quarta,04,São Paulo,Empate,2,2,Mandante,Davi de Oliveira Lacerda,26.4,3.6,182.1,9.8,29.6,4.4,179.5,7.3,Estádio Nilton Santos,12014
Botafogo,2025,5,20/04/2025,16:00,Domingo,04,Atlético Mineiro,Derrota,0,1,Visitante,Ramon Abatti Abel,25.7,3.6,181.6,9.4,28.6,4.7,180.5,6.8,Arena MRV,24528
Botafogo,2025,6,26/04/2025,21:00,Sábado,04,Fluminense,Vitória,2,0,Mandante,Bruno Arleu de Araujo,26.8,4.0,183.2,8.8,30.7,6.6,179.1,7.7,Estádio Nilton Santos,12943
Botafogo,2025,7,03/05/2025,21:00,Sábado,05,Bahia,Derrota,0,1,Visitante,Flavio Rodrigues De Souza,25.8,3.4,183.4,8.6,27.4,3.7,179.1,6.7,Arena Fonte Nova,37206
Botafogo,2025,8,11/05/2025,20:00,Domingo,05,Internacional,Vitória,4,0,Mandante,Matheus Delgado Candançan,26.4,3.8,182.5,8.6,25.1,2.6,180.2,6.0,Estádio Nilton Santos,7800
Botafogo,2025,9,18/05/2025,18:30,Domingo,05,Flamengo,Empate,0,0,Visitante,Bruno Arleu de Araujo,26.9,4.5,184.1,7.5,28.6,3.8,181.7,7.4,Estádio do Maracanã,50255
Botafogo,2025,11,01/06/2025,16:00,Domingo,06,Santos,Vitória,1,0,Visitante,Davi de Oliveira Lacerda,27.8,4.2,182.2,9.6,28.3,4.7,178.6,6.4,Estádio Urbano Caldeira,13787
Botafogo,2025,10,04/06/2025,20:00,Quarta,06,Ceará,Vitória,3,2,Mandante,Edina Alves Batista,27.4,3.9,182.2,9.0,30.7,4.3,181.0,6.5,Estádio Nilton Santos,19952
Botafogo,2025,13,12/07/2025,18:30,Sábado,07,Vasco da Gama,Vitória,2,0,Visitante,Anderson Daronco,28.3,3.7,180.9,9.3,28.2,4.7,179.9,6.0,Arena BRB Mané Garrincha,31468
Botafogo,2025,14,16/07/2025,21:30,Quarta,07,Vitória,Empate,0,0,Mandante,Lucas Casagrande,28.6,4.0,180.4,9.5,28.2,3.6,180.0,7.2,Estádio Nilton Santos,19733
Botafogo,2025,15,20/07/2025,17:30,Domingo,07,Sport Recife,Vitória,1,0,Visitante,Flavio Rodrigues De Souza,28.0,3.7,183.3,8.8,28.5,4.8,183.9,5.9,Ilha do Retiro,1309
Botafogo,2025,17,26/07/2025,18:30,Sábado,07,Corinthians,Empate,1,1,Mandante,Rodrigo Jose Pereira de Lima,27.4,5.0,184.0,7.6,26.8,4.7,184.7,6.2,Estádio Nilton Santos,27087
Botafogo,2025,18,03/08/2025,16:00,Domingo,08,Cruzeiro,Derrota,0,2,Mandante,Matheus Delgado Candançan,28.6,4.0,180.4,9.5,29.4,4.3,179.2,7.9,Estádio Nilton Santos,35125
Botafogo,2025,19,09/08/2025,20:30,Sábado,08,Fortaleza,Vitória,5,0,Visitante,Anderson Daronco,26.7,4.6,179.4,8.4,28.1,4.8,181.8,6.7,Estádio Governador Plácido Castelo,30910
Botafogo,2025,20,17/08/2025,20:30,Domingo,08,Palmeiras,Derrota,0,1,Mandante,Davi de Oliveira Lacerda,28.7,5.1,182.6,7.3,28.1,4.5,181.2,5.4,Estádio Nilton Santos,16469
Botafogo,2025,21,24/08/2025,18:30,Domingo,08,Juventude,Vitória,3,1,Visitante,Flavio Rodrigues De Souza,27.8,4.7,183.6,7.0,30.9,5.6,178.5,5.9,Estádio Alfredo Jaconi,7528
Botafogo,2025,22,30/08/2025,18:30,Sábado,08,Red Bull Bragantino,Vitória,4,1,Mandante,Lucas Casagrande,28.1,4.3,180.5,6.9,25.4,3.0,181.8,6.6,Estádio Nilton Santos,13165
Botafogo,2025,23,14/09/2025,17:30,Domingo,09,São Paulo,Derrota,0,1,Visitante,Wilton Pereira Sampaio,29.0,4.6,181.5,7.4,29.5,4.7,181.2,5.9,MorumBIS,38713
Botafogo,2025,12,17/09/2025,19:30,Quarta,09,Mirassol,Empate,3,3,Mandante,Bruno Pereira Vasconcelos,27.3,3.8,181.3,9.1,29.4,4.0,179.3,7.3,Estádio Nilton Santos,6724
Botafogo,2025,24,20/09/2025,18:30,Sábado,09,Atlético Mineiro,Vitória,1,0,Mandante,Flavio Rodrigues De Souza,27.8,4.4,182.0,9.3,29.4,4.9,182.7,5.7,Estádio Nilton Santos,11816
Botafogo,2025,16,24/09/2025,19:30,Quarta,09,Grêmio,Empate,1,1,Visitante,Lucas Paulo Torezin,27.6,3.0,182.9,7.5,30.7,5.2,179.9,7.6,Arena do Grêmio,18551
Botafogo,2025,25,28/09/2025,16:00,Domingo,09,Fluminense,Derrota,0,2,Visitante,Ramon Abatti Abel,27.2,3.8,182.6,8.1,32.1,6.7,176.1,7.4,Estádio do Maracanã,15781
Botafogo,2025,26,01/10/2025,21:30,Quarta,10,Bahia,Vitória,2,1,Mandante,Felipe Fernandes de Lima,27.1,2.5,182.2,7.9,28.1,4.8,182.2,6.4,Estádio Nilton Santos,8059
Botafogo,2025,27,04/10/2025,18:30,Sábado,10,Internacional,Derrota,0,2,Visitante,Flavio Rodrigues De Souza,26.8,2.3,183.2,8.1,29.1,4.8,179.3,6.4,Estádio Beira-Rio,20805
Botafogo,2025,28,15/10/2025,19:30,Quarta,10,Flamengo,Derrota,0,3,Mandante,Alex Gomes Stefano,28.4,4.4,180.2,8.5,29.3,3.3,182.7,6.0,Estádio Nilton Santos,22635
Botafogo,2025,29,19/10/2025,18:30,Domingo,10,Ceará,Vitória,2,0,Visitante,Davi de Oliveira Lacerda,27.4,4.7,182.6,7.4,28.7,3.0,181.2,8.4,Estádio Governador Plácido Castelo,30021
Botafogo,2025,30,26/10/2025,16:00,Domingo,10,Santos,Empate,2,2,Mandante,Rodrigo Jose Pereira de Lima,27.0,2.7,183.7,7.6,26.3,3.6,182.0,6.4,Estádio Nilton Santos,20533
Botafogo,2025,31,01/11/2025,18:00,Sábado,11,Mirassol,Empate,0,0,Visitante,Jonathan Benkenstein Pinheiro,27.3,3.0,183.1,8.7,30.0,3.7,178.3,7.0,Estádio José Maria de Campos Maia,5145
Botafogo,2025,32,05/11/2025,19:30,Quarta,11,Vasco da Gama,Vitória,3,0,Mandante,Bruno Arleu de Araujo,27.8,3.1,182.5,8.0,27.3,5.5,180.5,5.7,Estádio Nilton Santos,25506
Botafogo,2025,33,09/11/2025,16:00,Domingo,11,Vitória,Empate,0,0,Visitante,Anderson Daronco,27.8,3.1,182.5,8.0,28.7,2.7,180.5,8.3,Estádio Manoel Barradas,28264
Botafogo,2025,34,18/11/2025,20:30,Terça,11,Sport Recife,Vitória,3,2,Mandante,Bruno Pereira Vasconcelos,27.7,2.9,181.8,9.0,30.9,3.5,181.8,8.0,Estádio Nilton Santos,12120
Botafogo,2025,35,22/11/2025,19:30,Sábado,11,Grêmio,Vitória,3,2,Mandante,Felipe Fernandes de Lima,26.3,3.9,181.7,8.5,28.7,5.6,180.2,7.4,Estádio Nilton Santos,16755
Botafogo,2025,36,30/11/2025,16:00,Domingo,11,Corinthians,Empate,2,2,Visitante,Jonathan Benkenstein Pinheiro,26.6,4.9,182.1,7.7,26.2,4.6,181.7,9.6,Neo Química Arena,37959
Botafogo,2025,37,04/12/2025,19:30,Quinta,12,Cruzeiro,Empate,2,2,Visitante,Anderson Daronco,28.3,5.1,179.9,6.3,29.3,4.3,179.3,7.8,Governador Magalhães Pinto,34649
Botafogo,2025,38,07/12/2025,16:00,Domingo,12,Fortaleza,Vitória,4,2,Mandante,Paulo Cesar Zanovelli da Silva,28.3,5.4,179.0,7.0,29.0,3.8,179.6,5.5,Estádio Nilton Santos,26032
Corinthians,2015,1,10/05/2015,16:00,Domingo,05,Cruzeiro,Vitória,1,0,Visitante,Anderson Daronco,28.0,4.9,181.5,6.6,26.7,4.1,177.9,7.6,Governador Magalhães Pinto,8975
Corinthians,2015,2,16/05/2015,21:00,Sábado,05,Chapecoense,Vitória,1,0,Mandante,Marcelo de Lima Henrique,N.A,N.A,N.A,N.A,N.A,N.A,N.A,N.A,Neo Química Arena,10144
Corinthians,2015,3,24/05/2015,16:00,Domingo,05,Fluminense,Empate,0,0,Visitante,Heber Roberto Lopes,N.A,N.A,N.A,N.A,N.A,N.A,N.A,N.A,Estádio do Maracanã,28572
Corinthians,2015,4,31/05/2015,16:00,Domingo,05,Palmeiras,Derrota,0,2,Mandante,Vinicius Goncalves Dias Araujo,N.A,N.A,N.A,N.A,N.A,N.A,N.A,N.A,Neo Química Arena,29479
Corinthians,2015,5,03/06/2015,22:00,Quarta,06,Grêmio,Derrota,1,3,Visitante,Wilton Pereira Sampaio,28.0,3.4,180.4,8.6,24.6,3.7,183.7,5.9,Arena do Grêmio,17971
Corinthians,2015,6,06/06/2015,22:00,Sábado,06,Joinville,Vitória,1,0,Visitante,Dewson Fernando Freitas da Silva,28.0,3.4,180.4,8.6,25.0,3.6,181.3,4.4,Arena Joinville,14131
Corinthians,2015,7,13/06/2015,16:30,Sábado,06,Internacional,Vitória,2,1,Mandante,Marcelo de Lima Henrique,28.1,3.4,180.5,8.6,28.1,5.2,182.8,7.3,Neo Química Arena,27270
Corinthians,2015,8,20/06/2015,16:30,Sábado,06,Santos,Derrota,0,1,Visitante,Luiz Flávio de Oliveira,28.5,3.0,180.2,8.9,25.2,4.2,178.8,7.0,Estádio Urbano Caldeira,7674
Corinthians,2015,9,27/06/2015,21:00,Sábado,06,Figueirense,Vitória,2,1,Mandante,Igor Junio Benevenuto,26.7,3.6,180.9,8.4,26.7,4.5,182.8,6.8,Neo Química Arena,24786
Corinthians,2015,10,02/07/2015,19:30,Quinta,07,Ponte Preta,Vitória,2,0,Mandante,Thiago Duarte Peixoto,N.A,N.A,N.A,N.A,N.A,N.A,N.A,N.A,Neo Química Arena,26649
Corinthians,2015,11,05/07/2015,16:00,Domingo,07,Goiás,Empate,0,0,Visitante,Heber Roberto Lopes,27.2,3.4,179.4,9.4,25.3,4.0,179.6,5.4,Serra Dourada,9579
Corinthians,2015,12,09/07/2015,19:30,Quinta,07,Athletico,Vitória,2,0,Mandante,Ricardo Marques Ribeiro,27.2,3.4,179.4,9.4,25.9,3.9,179.3,7.7,Neo Química Arena,32442
Corinthians,2015,13,12/07/2015,16:00,Domingo,07,Flamengo,Vitória,3,0,Visitante,Leandro Pedro Vuaden,N.A,N.A,N.A,N.A,N.A,N.A,N.A,N.A,Estádio do Maracanã,26209
Corinthians,2015,14,18/07/2015,21:00,Sábado,07,Atlético Mineiro,Vitória,1,0,Mandante,Anderson Daronco,26.7,3.1,179.9,7.8,27.8,4.3,181.1,7.4,Neo Química Arena,36280
Corinthians,2015,15,26/07/2015,16:00,Domingo,07,Coritiba,Empate,1,1,Visitante,Pablo Dos Santos Alves,27.8,4.0,179.0,9.0,26.4,3.6,178.8,5.6,Estádio Major Antônio Couto Pereira,17225
Corinthians,2015,16,29/07/2015,22:00,Quarta,07,Vasco da Gama,Vitória,3,0,Mandante,Leandro Pedro Vuaden,27.3,3.4,178.7,8.5,27.4,5.2,181.1,5.4,Neo Química Arena,30340
Corinthians,2015,17,09/08/2015,16:00,Domingo,08,São Paulo,Empate,1,1,Visitante,Leandro Pedro Vuaden,26.5,3.5,180.2,9.1,28.8,6.0,183.2,5.5,MorumBIS,31248
Corinthians,2015,18,12/08/2015,22:00,Quarta,08,Sport Recife,Vitória,4,3,Mandante,Luiz Flávio de Oliveira,N.A,N.A,N.A,N.A,N.A,N.A,N.A,N.A,Neo Química Arena,30941
Corinthians,2015,19,16/08/2015,16:00,Domingo,08,Avaí,Vitória,2,1,Visitante,Anderson Daronco,26.5,3.5,179.5,9.0,27.5,4.4,178.1,7.1,Estádio da Ressacada,11389
Corinthians,2015,20,23/08/2015,16:00,Domingo,08,Cruzeiro,Vitória,3,0,Mandante,Pericles Bassols Pegado Cortez,27.4,3.4,179.4,9.4,27.8,3.7,180.5,5.8,Neo Química Arena,41014
Corinthians,2015,21,30/08/2015,16:00,Domingo,08,Chapecoense,Vitória,3,1,Visitante,Wilton Pereira Sampaio,N.A,N.A,N.A,N.A,N.A,N.A,N.A,N.A,Arena Condá,13322
Corinthians,2015,22,02/09/2015,22:00,Quarta,09,Fluminense,Vitória,2,0,Mandante,Sandro Meira Ricci,27.7,5.9,180.4,9.2,27.5,4.9,180.2,6.8,Neo Química Arena,29328
Corinthians,2015,23,06/09/2015,16:00,Domingo,09,Palmeiras,Empate,3,3,Visitante,Raphael Claus,26.2,4.7,180.6,9.5,29.2,6.1,178.5,7.7,Nubank Parque,35707
Corinthians,2015,24,09/09/2015,22:00,Quarta,09,Grêmio,Empate,1,1,Mandante,Andre Luiz de Freitas Castro,27.0,5.3,181.1,8.4,26.4,4.6,182.9,5.6,Neo Química Arena,30126
Corinthians,2015,25,13/09/2015,11:00,Domingo,09,Joinville,Vitória,3,0,Mandante,Wilton Pereira Sampaio,28.6,2.1,180.6,9.1,24.8,2.8,179.8,5.5,Neo Química Arena,41809
Corinthians,2015,26,16/09/2015,22:00,Quarta,09,Internacional,Derrota,1,2,Visitante,Jailson Macedo Freitas,27.9,3.6,179.7,9.5,25.6,4.3,182.1,6.9,Estádio Beira-Rio,19073
Corinthians,2015,27,20/09/2015,11:00,Domingo,09,Santos,Vitória,2,0,Mandante,Flavio Rodrigues Guerra,27.6,3.8,180.3,9.6,26.5,5.8,181.0,7.8,Neo Química Arena,41748
Corinthians,2015,28,27/09/2015,16:00,Domingo,09,Figueirense,Vitória,3,1,Visitante,Marcelo de Lima Henrique,27.6,3.8,180.3,9.6,25.3,3.8,181.2,5.4,Orlando Scarpelli,9484
Corinthians,2015,29,04/10/2015,16:00,Domingo,10,Ponte Preta,Empate,2,2,Visitante,Flavio Rodrigues De Souza,27.9,3.8,181.1,8.9,28.3,4.3,177.1,6.9,Moisés Lucarelli,10311
Corinthians,2015,30,15/10/2015,19:30,Quinta,10,Goiás,Vitória,3,0,Mandante,Reway Wagner,27.9,4.9,180.3,8.3,26.7,4.2,179.9,4.7,Neo Química Arena,40925
Corinthians,2015,31,18/10/2015,15:00,Domingo,10,Athletico,Vitória,4,1,Visitante,Elmo Alves Resende Cunha,27.5,4.5,180.3,8.9,25.3,4.1,180.6,6.8,Arena da Baixada,23580
Corinthians,2015,32,25/10/2015,16:00,Domingo,10,Flamengo,Vitória,1,0,Mandante,Wilton Pereira Sampaio,27.5,4.5,180.3,8.9,26.8,3.6,180.3,5.8,Neo Química Arena,43515
Corinthians,2015,33,01/11/2015,16:00,Domingo,11,Atlético Mineiro,Vitória,3,0,Visitante,Heber Roberto Lopes,27.3,4.4,180.6,8.7,28.9,4.1,180.5,7.6,Arena Independência,21798
Corinthians,2015,34,07/11/2015,18:30,Sábado,11,Coritiba,Vitória,2,1,Mandante,Dewson Fernando Freitas da Silva,27.5,4.5,180.3,8.9,28.4,4.1,177.8,6.7,Neo Química Arena,43688
Corinthians,2015,35,19/11/2015,21:00,Quinta,11,Vasco da Gama,Empate,1,1,Visitante,Anderson Daronco,27.6,4.5,180.3,8.9,30.1,4.2,179.5,4.7,Estádio São Januário,19225
Corinthians,2015,36,22/11/2015,16:00,Domingo,11,São Paulo,Vitória,6,1,Mandante,Pericles Bassols Pegado Cortez,28.5,3.8,182.0,7.2,26.7,3.5,181.2,5.1,Neo Química Arena,44976
Corinthians,2015,37,29/11/2015,16:00,Domingo,11,Sport Recife,Derrota,0,2,Visitante,Ricardo Marques Ribeiro,28.9,3.2,179.1,7.4,27.6,4.1,180.0,7.8,Arena de Pernambuco,19048
Corinthians,2015,38,06/12/2015,16:00,Domingo,12,Avaí,Empate,1,1,Mandante,Leandro Pedro Vuaden,27.5,3.4,179.9,8.7,25.2,4.0,178.6,8.1,Neo Química Arena,43389
Corinthians,2016,1,15/05/2016,16:00,Domingo,05,Grêmio,Empate,0,0,Mandante,Wilton Pereira Sampaio,26.9,1.9,179.9,6.8,27.3,3.5,181.5,7.9,Neo Química Arena,31533
Corinthians,2016,2,22/05/2016,16:00,Domingo,05,Vitória,Derrota,2,3,Visitante,Heber Roberto Lopes,27.1,1.6,179.6,7.0,26.5,3.7,179.0,7.2,Estádio Manoel Barradas,12417
Corinthians,2016,3,26/05/2016,11:00,Quinta,05,Ponte Preta,Vitória,3,0,Mandante,Elmo Alves Resende Cunha,27.4,2.2,180.3,6.6,25.5,4.7,180.2,7.7,Neo Química Arena,35573
Corinthians,2016,4,29/05/2016,11:00,Domingo,05,Sport Recife,Vitória,2,0,Visitante,Reway Wagner,27.4,2.2,180.3,6.6,28.9,5.8,178.2,8.0,Ilha do Retiro,14645
Corinthians,2016,5,01/06/2016,21:00,Quarta,06,Santos,Vitória,1,0,Mandante,Leandro Pedro Vuaden,27.4,2.2,180.3,6.6,26.5,5.9,181.2,7.9,Neo Química Arena,30187
Corinthians,2016,6,04/06/2016,20:30,Sábado,06,Coritiba,Vitória,2,1,Mandante,Anderson Daronco,26.5,3.0,180.5,6.6,28.4,5.4,176.7,6.9,Neo Química Arena,26958
Corinthians,2016,7,12/06/2016,16:00,Domingo,06,Palmeiras,Derrota,0,1,Visitante,Raphael Claus,27.0,2.5,180.0,6.4,28.0,7.2,179.4,7.0,Nubank Parque,39935
Corinthians,2016,8,16/06/2016,20:00,Quinta,06,Fluminense,Derrota,0,1,Visitante,Ricardo Marques Ribeiro,26.6,2.1,178.8,6.1,26.7,4.8,179.5,7.0,Estádio Giulite Coutinho,21148
Corinthians,2016,9,19/06/2016,16:00,Domingo,06,Botafogo,Vitória,3,1,Mandante,Rodolpho Toski Marques,26.2,2.2,179.8,7.3,26.6,4.8,179.7,6.8,Neo Química Arena,34747
Corinthians,2016,10,22/06/2016,21:45,Quarta,06,Atlético Mineiro,Derrota,1,2,Visitante,Wilton Pereira Sampaio,26.5,2.3,179.7,7.4,29.0,5.0,180.2,8.5,Arena Independência,34426
Corinthians,2016,11,25/06/2016,21:00,Sábado,06,Santa Cruz,Vitória,2,1,Mandante,Wagner do Nascimento Magalhaes,25.8,2.4,180.4,7.1,28.7,4.1,181.1,6.9,Neo Química Arena,25501
Corinthians,2016,12,29/06/2016,21:45,Quarta,06,América Mineiro,Vitória,2,0,Visitante,Reway Wagner,25.8,2.4,180.4,7.1,28.7,3.6,180.5,5.3,Arena Independência,3386
Corinthians,2016,13,03/07/2016,16:00,Domingo,07,Flamengo,Vitória,4,0,Mandante,Heber Roberto Lopes,25.9,2.4,180.4,7.1,27.2,3.8,182.2,5.6,Neo Química Arena,32577
Corinthians,2016,14,09/07/2016,16:30,Sábado,07,Chapecoense,Vitória,2,0,Visitante,Ricardo Marques Ribeiro,25.9,2.4,180.4,7.1,28.8,3.9,178.9,6.8,Arena Condá,11615
Corinthians,2016,15,17/07/2016,16:00,Domingo,07,São Paulo,Empate,1,1,Mandante,Pericles Bassols Pegado Cortez,27.4,3.4,180.5,7.1,27.4,3.0,180.4,6.8,Neo Química Arena,42099
Corinthians,2016,16,23/07/2016,16:00,Sábado,07,Figueirense,Empate,1,1,Mandante,Marielson Alves Silva,25.8,2.4,180.8,6.3,26.3,4.1,178.9,7.0,Neo Química Arena,38507
Corinthians,2016,17,31/07/2016,16:00,Domingo,07,Internacional,Vitória,1,0,Visitante,Elmo Alves Resende Cunha,26.7,2.1,180.0,7.2,27.3,3.2,181.9,5.5,Estádio Beira-Rio,30098
Corinthians,2016,18,03/08/2016,21:45,Quarta,08,Athletico,Derrota,0,2,Visitante,Anderson Daronco,26.8,2.0,179.5,7.2,25.2,3.2,180.2,6.6,Arena da Baixada,25379
Corinthians,2016,19,08/08/2016,21:00,Segunda,08,Cruzeiro,Empate,1,1,Mandante,Dewson Fernando Freitas da Silva,26.7,2.1,180.0,7.2,27.8,3.4,179.8,6.8,Neo Química Arena,34487
Corinthians,2016,20,14/08/2016,11:00,Domingo,08,Grêmio,Derrota,0,3,Visitante,Braulio Da Silva Machado,26.5,1.6,180.4,7.0,27.6,4.4,180.9,6.4,Arena do Grêmio,46163
Corinthians,2016,21,22/08/2016,20:00,Segunda,08,Vitória,Vitória,2,1,Mandante,Bruno Arleu de Araujo,27.1,2.1,179.1,7.3,27.3,2.9,178.5,8.2,Neo Química Arena,20207
Corinthians,2016,22,27/08/2016,16:00,Sábado,08,Ponte Preta,Derrota,0,2,Visitante,Luiz Flávio de Oliveira,27.7,2.7,179.6,7.4,29.1,3.9,179.9,8.3,Moisés Lucarelli,8529
Corinthians,2016,23,08/09/2016,19:30,Quinta,09,Sport Recife,Vitória,3,0,Mandante,Joao Batista de Arruda,26.9,3.2,181.4,5.8,28.2,6.0,178.5,8.0,Neo Química Arena,24360
Corinthians,2016,24,11/09/2016,16:00,Domingo,09,Santos,Derrota,1,2,Visitante,Raphael Claus,26.7,1.9,181.7,7.2,25.2,5.1,182.5,7.8,Estádio Urbano Caldeira,8610
Corinthians,2016,25,14/09/2016,21:45,Quarta,09,Coritiba,Empate,1,1,Visitante,Grazianni Maciel Rocha,27.2,2.7,182.3,7.0,25.2,4.7,179.4,5.9,Estádio Major Antônio Couto Pereira,11893
Corinthians,2016,26,17/09/2016,16:00,Sábado,09,Palmeiras,Derrota,0,2,Mandante,Heber Roberto Lopes,25.8,3.9,182.5,6.4,27.4,4.6,179.5,8.9,Neo Química Arena,39879
Corinthians,2016,27,25/09/2016,16:00,Domingo,09,Fluminense,Derrota,0,1,Mandante,Anderson Daronco,25.6,2.5,179.1,5.8,26.9,4.6,178.7,7.8,Neo Química Arena,18838
Corinthians,2016,28,01/10/2016,16:30,Sábado,10,Botafogo,Derrota,0,2,Visitante,Caio Max Augusto Vieira,25.3,3.0,179.7,6.2,26.5,4.0,180.4,7.0,Estádio Luso Brasileiro,8375
Corinthians,2016,29,05/10/2016,21:00,Quarta,10,Atlético Mineiro,Empate,0,0,Mandante,Rodolpho Toski Marques,24.8,3.0,180.6,5.6,29.3,5.5,181.3,7.2,Neo Química Arena,17135
Corinthians,2016,30,12/10/2016,21:45,Quarta,10,Santa Cruz,Vitória,4,2,Visitante,Grazianni Maciel Rocha,25.8,2.8,179.8,5.5,28.1,5.0,180.7,8.2,Estádio do Arruda,7974
Corinthians,2016,31,16/10/2016,17:30,Domingo,10,América Mineiro,Vitória,2,0,Mandante,Dewson Fernando Freitas da Silva,26.7,2.6,179.2,6.2,28.7,4.1,180.2,5.9,Neo Química Arena,25741
Corinthians,2016,32,23/10/2016,16:00,Domingo,10,Flamengo,Empate,2,2,Visitante,Anderson Daronco,27.6,1.7,178.6,6.3,29.6,4.5,180.4,7.0,Estádio do Maracanã,65743
Corinthians,2016,33,29/10/2016,15:30,Sábado,10,Chapecoense,Empate,1,1,Mandante,Jean Pierre Goncalves Lima,26.5,2.3,179.6,6.0,28.2,4.8,179.3,7.9,Neo Química Arena,25064
Corinthians,2016,34,05/11/2016,18:30,Sábado,11,São Paulo,Derrota,0,4,Visitante,Claudio Francisco Lima E. Silva,27.6,1.8,179.3,7.5,25.4,2.8,178.8,7.1,MorumBIS,53781
Corinthians,2016,35,16/11/2016,20:45,Quarta,11,Figueirense,Empate,1,1,Visitante,Anderson Daronco,25.6,3.9,178.8,6.0,29.4,3.4,181.2,8.6,Orlando Scarpelli,5694
Corinthians,2016,36,21/11/2016,19:00,Segunda,11,Internacional,Vitória,1,0,Mandante,Rodolpho Toski Marques,26.7,3.3,180.1,6.1,25.7,3.0,181.1,4.9,Neo Química Arena,19493
Corinthians,2016,37,26/11/2016,20:00,Sábado,11,Athletico,Empate,0,0,Mandante,Leandro Pedro Vuaden,27.5,2.4,180.2,6.0,27.2,4.5,181.8,6.5,Neo Química Arena,24701
Corinthians,2016,38,11/12/2016,16:00,Domingo,12,Cruzeiro,Derrota,2,3,Visitante,Reway Wagner,27.7,2.4,180.2,6.0,27.7,3.1,179.6,6.2,Governador Magalhães Pinto,16074
Corinthians,2017,1,13/05/2017,19:00,Sábado,05,Chapecoense,Empate,1,1,Mandante,Elmo Alves Resende Cunha,26.5,4.0,179.3,8.8,26.3,3.5,181.9,6.9,Neo Química Arena,31470
Corinthians,2017,2,21/05/2017,16:00,Domingo,05,Vitória,Vitória,1,0,Visitante,Pericles Bassols Pegado Cortez,26.2,4.3,179.3,8.8,27.8,4.4,182.1,6.8,Estádio Manoel Barradas,16515
Corinthians,2017,3,28/05/2017,16:00,Domingo,05,Atlético Goianiense,Vitória,1,0,Visitante,Paulo Schleich Vollkopf,26.2,4.3,179.3,8.8,26.4,2.5,182.7,5.3,Serra Dourada,15220
Corinthians,2017,4,03/06/2017,19:00,Sábado,06,Santos,Vitória,2,0,Mandante,Anderson Daronco,26.2,4.3,179.3,8.8,28.8,5.6,181.5,8.4,Neo Química Arena,40169
Corinthians,2017,5,07/06/2017,21:45,Quarta,06,Vasco da Gama,Vitória,5,2,Visitante,Reway Wagner,26.0,4.4,178.7,9.2,26.1,5.5,180.2,6.6,Estádio São Januário,16288
Corinthians,2017,6,11/06/2017,16:00,Domingo,06,São Paulo,Vitória,3,2,Mandante,Ricardo Marques Ribeiro,26.6,4.1,179.7,8.3,26.0,4.1,184.5,5.5,Neo Química Arena,42443
Corinthians,2017,7,14/06/2017,21:45,Quarta,06,Cruzeiro,Vitória,1,0,Mandante,Leandro Pedro Vuaden,26.6,4.1,179.7,8.3,28.6,4.8,179.9,7.0,Neo Química Arena,30465
Corinthians,2017,8,18/06/2017,11:00,Domingo,06,Coritiba,Empate,0,0,Visitante,Marcelo de Lima Henrique,26.0,3.3,179.8,8.3,27.3,4.4,180.9,5.8,Estádio Major Antônio Couto Pereira,19534
Corinthians,2017,9,22/06/2017,19:30,Quinta,06,Bahia,Vitória,3,0,Mandante,Dewson Fernando Freitas da Silva,26.7,4.0,179.3,8.8,24.8,2.8,180.0,6.9,Neo Química Arena,34250
Corinthians,2017,10,25/06/2017,16:00,Domingo,06,Grêmio,Vitória,1,0,Visitante,Wilton Pereira Sampaio,27.1,4.1,179.7,8.5,27.4,3.8,179.8,6.9,Arena do Grêmio,50116
Corinthians,2017,11,02/07/2017,16:00,Domingo,07,Botafogo,Vitória,1,0,Mandante,Rodolpho Toski Marques,26.4,4.2,178.3,9.6,27.1,4.2,179.9,6.3,Neo Química Arena,40341
Corinthians,2017,12,08/07/2017,19:00,Sábado,07,Ponte Preta,Vitória,2,0,Mandante,Ricardo Marques Ribeiro,26.0,4.3,179.7,8.3,31.1,4.7,178.2,6.8,Neo Química Arena,32877
Corinthians,2017,13,12/07/2017,21:45,Quarta,07,Palmeiras,Vitória,2,0,Visitante,Leandro Pedro Vuaden,26.7,4.0,179.3,8.8,28.9,5.3,179.8,8.2,Nubank Parque,39091
Corinthians,2017,14,15/07/2017,19:00,Sábado,07,Athletico,Empate,2,2,Mandante,Sandro Meira Ricci,26.3,3.9,179.7,9.0,26.9,5.0,181.5,6.5,Neo Química Arena,41201
Corinthians,2017,15,19/07/2017,21:00,Quarta,07,Avaí,Empate,0,0,Visitante,Wilton Pereira Sampaio,26.7,4.0,179.3,8.8,28.2,3.8,179.0,7.7,Estádio da Ressacada,10671
Corinthians,2017,16,23/07/2017,16:00,Domingo,07,Fluminense,Vitória,1,0,Visitante,Rafael Traci,25.8,3.6,180.1,8.1,24.5,3.9,183.3,4.3,Estádio do Maracanã,23863
Corinthians,2017,17,30/07/2017,16:00,Domingo,07,Flamengo,Empate,1,1,Mandante,Ricardo Marques Ribeiro,25.5,3.7,178.8,9.2,30.9,3.8,178.4,6.6,Neo Química Arena,44682
Corinthians,2017,18,02/08/2017,21:00,Quarta,08,Atlético Mineiro,Vitória,2,0,Visitante,Anderson Daronco,25.6,3.7,179.1,9.1,29.4,5.0,180.1,7.8,Arena Independência,45283
Corinthians,2017,19,05/08/2017,19:00,Sábado,08,Sport Recife,Vitória,3,1,Mandante,Reway Wagner,25.3,3.7,179.1,9.1,29.2,5.4,178.1,7.2,Neo Química Arena,4129
Corinthians,2017,21,19/08/2017,16:00,Sábado,08,Vitória,Derrota,0,1,Mandante,Eduardo Tomaz de Aquino Valadao,25.4,3.7,179.1,9.1,26.7,3.8,179.9,8.0,Neo Química Arena,42075
Corinthians,2017,20,23/08/2017,19:30,Quarta,08,Chapecoense,Vitória,1,0,Visitante,Paulo Roberto Alves Junior,25.3,3.9,180.4,8.1,26.9,4.2,183.5,6.4,Arena Condá,15831
Corinthians,2017,22,26/08/2017,19:00,Sábado,08,Atlético Goianiense,Derrota,0,1,Mandante,Pericles Bassols Pegado Cortez,26.5,4.2,178.6,9.4,25.9,2.6,180.1,5.6,Neo Química Arena,40581
Corinthians,2017,23,10/09/2017,16:00,Domingo,09,Santos,Derrota,0,2,Visitante,Raphael Claus,27.1,3.7,180.2,9.0,28.8,5.3,182.7,7.4,Estádio Urbano Caldeira,12567
Corinthians,2017,24,17/09/2017,16:00,Domingo,09,Vasco da Gama,Vitória,1,0,Mandante,Elmo Alves Resende Cunha,27.1,4.0,180.1,8.4,28.3,4.8,181.0,5.1,Neo Química Arena,41235
Corinthians,2017,25,24/09/2017,11:00,Domingo,09,São Paulo,Empate,1,1,Visitante,Wagner do Nascimento Magalhaes,26.9,4.0,179.3,8.8,25.8,4.8,180.9,6.3,MorumBIS,61142
Corinthians,2017,26,01/10/2017,16:00,Domingo,10,Cruzeiro,Empate,1,1,Visitante,Rodolpho Toski Marques,27.0,4.1,178.9,8.5,28.7,5.1,178.5,6.9,Governador Magalhães Pinto,15727
Corinthians,2017,27,11/10/2017,21:00,Quarta,10,Coritiba,Vitória,3,1,Mandante,Claudio Francisco Lima E. Silva,26.3,4.5,180.3,8.0,28.6,2.9,179.3,4.5,Neo Química Arena,36439
Corinthians,2017,28,15/10/2017,18:00,Domingo,10,Bahia,Derrota,0,2,Visitante,Ricardo Marques Ribeiro,26.8,4.2,180.1,8.4,26.2,3.4,181.1,6.3,Arena Fonte Nova,23413
Corinthians,2017,29,18/10/2017,20:45,Quarta,10,Grêmio,Empate,0,0,Mandante,Heber Roberto Lopes,26.6,4.3,179.3,8.8,28.0,4.1,180.3,7.5,Neo Química Arena,40008
Corinthians,2017,30,23/10/2017,19:00,Segunda,10,Botafogo,Derrota,1,2,Visitante,Rodrigo Batista Raposo,26.8,4.2,179.0,8.9,26.9,3.2,181.1,7.1,Estádio Nilton Santos,8466
Corinthians,2017,31,29/10/2017,16:00,Domingo,10,Ponte Preta,Derrota,0,1,Visitante,Marcelo Aparecido Ribeiro de Souza,27.0,4.0,179.3,8.8,30.8,5.5,179.7,7.2,Moisés Lucarelli,13121
Corinthians,2017,32,05/11/2017,16:00,Domingo,11,Palmeiras,Vitória,3,2,Mandante,Anderson Daronco,26.7,3.0,179.5,9.0,28.8,4.9,181.0,7.7,Neo Química Arena,46090
Corinthians,2017,33,08/11/2017,20:00,Quarta,11,Athletico,Vitória,1,0,Visitante,Wagner do Nascimento Magalhaes,26.2,3.5,179.3,7.8,28.5,4.6,181.1,6.2,Arena da Baixada,18062
Corinthians,2017,34,11/11/2017,18:00,Sábado,11,Avaí,Vitória,1,0,Mandante,Dewson Fernando Freitas da Silva,26.0,3.1,178.4,7.5,28.6,5.5,180.5,6.9,Neo Química Arena,42732
Corinthians,2017,35,15/11/2017,20:45,Quarta,11,Fluminense,Vitória,3,1,Mandante,Braulio Da Silva Machado,25.6,3.2,178.7,7.9,26.0,4.2,180.3,8.2,Neo Química Arena,45775
Corinthians,2017,36,19/11/2017,16:00,Domingo,11,Flamengo,Derrota,0,3,Visitante,Reway Wagner,26.5,2.7,181.7,7.5,28.0,3.7,180.1,6.5,Estádio Luso Brasileiro,13491
Corinthians,2017,37,26/11/2017,16:00,Domingo,11,Atlético Mineiro,Empate,2,2,Mandante,Wagner do Nascimento Magalhaes,27.1,4.0,178.7,9.6,29.8,5.4,179.1,8.1,Neo Química Arena,46030
Corinthians,2017,38,03/12/2017,16:00,Domingo,12,Sport Recife,Derrota,0,1,Visitante,Ricardo Marques Ribeiro,25.2,3.8,181.1,7.4,30.5,4.4,180.8,4.6,Ilha do Retiro,29977
Corinthians,2018,1,15/04/2018,16:00,Domingo,04,Fluminense,Vitória,2,1,Mandante,Anderson Daronco,27.7,3.8,179.2,8.1,25.0,4.0,181.7,7.9,Neo Química Arena,28777
Corinthians,2018,2,22/04/2018,11:00,Domingo,04,Paraná Clube,Vitória,4,0,Visitante,Pericles Bassols Pegado Cortez,28.0,3.7,178.2,8.0,24.2,3.2,179.0,5.0,Durival Britto e Silva,15714
Corinthians,2018,3,29/04/2018,16:00,Domingo,04,Atlético Mineiro,Derrota,0,1,Visitante,Dewson Fernando Freitas da Silva,26.3,3.7,177.5,8.3,28.1,5.4,179.1,7.8,Arena Independência,19825
Corinthians,2018,4,06/05/2018,11:00,Domingo,05,Ceará,Empate,1,1,Mandante,Savio Pereira Sampaio,27.0,5.8,180.4,7.3,28.9,2.7,179.0,6.9,Neo Química Arena,40350
Corinthians,2018,5,13/05/2018,16:00,Domingo,05,Palmeiras,Vitória,1,0,Mandante,Anderson Daronco,26.6,4.6,178.4,7.6,29.0,4.0,180.1,6.4,Neo Química Arena,34967
Corinthians,2018,6,20/05/2018,16:00,Domingo,05,Sport Recife,Empate,1,1,Visitante,Wilton Pereira Sampaio,26.1,5.1,180.1,6.3,28.6,5.5,180.6,5.6,Arena de Pernambuco,28942
Corinthians,2018,7,27/05/2018,16:00,Domingo,05,Internacional,Derrota,1,2,Visitante,Pericles Bassols Pegado Cortez,27.4,5.0,179.1,6.0,26.4,2.9,181.6,6.0,Estádio Beira-Rio,28627
Corinthians,2018,8,31/05/2018,18:00,Quinta,05,América Mineiro,Vitória,1,0,Mandante,Grazianni Maciel Rocha,27.0,4.8,177.6,6.4,26.5,3.7,182.3,6.1,Neo Química Arena,34921
Corinthians,2018,9,03/06/2018,16:00,Domingo,06,Flamengo,Derrota,0,1,Visitante,Anderson Daronco,26.1,4.9,177.5,6.4,26.8,4.8,179.9,6.1,Estádio do Maracanã,49222
Corinthians,2018,10,06/06/2018,21:00,Quarta,06,Santos,Empate,1,1,Mandante,Ricardo Marques Ribeiro,26.5,4.4,179.2,5.8,27.3,5.8,179.4,7.0,Neo Química Arena,27586
Corinthians,2018,11,09/06/2018,21:00,Sábado,06,Vitória,Empate,0,0,Mandante,Pericles Bassols Pegado Cortez,25.6,4.8,179.0,5.9,26.3,4.5,179.6,8.3,Neo Química Arena,27744
Corinthians,2018,12,13/06/2018,21:45,Quarta,06,Bahia,Derrota,0,1,Visitante,Leandro Pedro Vuaden,26.3,4.5,178.9,6.0,27.7,3.2,180.3,8.4,Arena Fonte Nova,15041
Corinthians,2018,13,18/07/2018,21:45,Quarta,07,Botafogo,Vitória,2,0,Mandante,Rodrigo D'alonso Ferreira,28.1,3.8,180.4,7.5,27.9,5.5,181.0,7.8,Neo Química Arena,19830
Corinthians,2018,14,21/07/2018,21:00,Sábado,07,São Paulo,Derrota,1,3,Visitante,Marcelo de Lima Henrique,28.4,2.5,180.8,8.0,28.4,5.1,181.4,4.9,MorumBIS,58624
Corinthians,2018,15,25/07/2018,21:45,Quarta,07,Cruzeiro,Vitória,2,0,Mandante,Paulo Roberto Alves Junior,27.5,4.4,178.5,9.5,31.5,3.9,179.7,6.9,Neo Química Arena,21031
Corinthians,2018,16,29/07/2018,11:00,Domingo,07,Vasco da Gama,Vitória,4,1,Visitante,Dewson Fernando Freitas da Silva,26.9,4.4,177.0,9.1,26.3,4.4,178.6,5.8,Arena BRB Mané Garrincha,33516
Corinthians,2018,17,04/08/2018,21:00,Sábado,08,Athletico,Empate,0,0,Mandante,Pericles Bassols Pegado Cortez,24.8,5.2,179.5,8.7,27.5,5.2,180.5,6.8,Neo Química Arena,28455
Corinthians,2018,18,12/08/2018,16:00,Domingo,08,Chapecoense,Derrota,1,2,Visitante,Grazianni Maciel Rocha,24.6,4.6,179.2,7.9,27.7,3.4,179.5,7.7,Arena Condá,10070
Corinthians,2018,19,18/08/2018,19:00,Sábado,08,Grêmio,Derrota,0,1,Mandante,Reway Wagner,27.9,4.7,178.1,7.5,27.7,4.2,181.5,7.0,Neo Química Arena,32583
Corinthians,2018,20,22/08/2018,21:45,Quarta,08,Fluminense,Derrota,0,1,Visitante,Ricardo Marques Ribeiro,27.7,4.9,178.2,9.1,25.8,3.9,180.3,8.9,Estádio do Maracanã,8444
Corinthians,2018,21,25/08/2018,19:00,Sábado,08,Paraná Clube,Vitória,1,0,Mandante,Andre Luiz de Freitas Castro,28.4,5.1,178.8,9.3,25.6,2.8,180.7,3.4,Neo Química Arena,28136
Corinthians,2018,22,01/09/2018,21:00,Sábado,09,Atlético Mineiro,Empate,1,1,Mandante,Wagner do Nascimento Magalhaes,26.3,5.0,180.2,5.7,29.6,6.2,181.1,8.9,Neo Química Arena,29371
Corinthians,2018,23,05/09/2018,20:00,Quarta,09,Ceará,Derrota,1,2,Visitante,Rodolpho Toski Marques,27.6,5.7,179.9,6.3,27.8,4.9,178.9,8.5,Estádio Governador Plácido Castelo,39785
Corinthians,2018,24,09/09/2018,16:00,Domingo,09,Palmeiras,Derrota,0,1,Visitante,Jean Pierre Goncalves Lima,27.7,5.7,180.5,7.4,28.0,2.9,180.2,6.1,Nubank Parque,38568
Corinthians,2018,25,16/09/2018,19:00,Domingo,09,Sport Recife,Vitória,2,1,Mandante,Rodrigo D'alonso Ferreira,28.9,5.1,179.8,8.2,29.1,5.9,180.5,5.4,Neo Química Arena,20901
Corinthians,2018,26,23/09/2018,16:00,Domingo,09,Internacional,Empate,1,1,Mandante,Eduardo Tomaz de Aquino Valadao,26.8,4.8,177.1,8.8,25.8,2.8,181.2,5.5,Neo Química Arena,26916
Corinthians,2018,27,29/09/2018,19:00,Sábado,09,América Mineiro,Empate,0,0,Visitante,Marcelo de Lima Henrique,25.1,5.1,179.0,8.1,30.3,4.2,181.7,6.3,Arena Independência,8012
Corinthians,2018,28,05/10/2018,21:00,Sexta,10,Flamengo,Derrota,0,3,Mandante,Paulo Roberto Alves Junior,27.3,5.2,178.5,8.5,27.3,3.8,180.5,6.7,Neo Química Arena,41693
Corinthians,2018,29,13/10/2018,19:00,Sábado,10,Santos,Derrota,0,1,Visitante,Pericles Bassols Pegado Cortez,25.4,6.0,180.2,7.4,26.4,5.1,181.5,7.8,Mercado Livre Arena Pacaembu,26428
Corinthians,2018,30,21/10/2018,16:00,Domingo,10,Vitória,Empate,2,2,Visitante,Rafael Traci,29.1,6.2,178.5,8.4,25.7,3.9,178.7,8.5,Estádio Manoel Barradas,17982
Corinthians,2018,31,27/10/2018,19:00,Sábado,10,Bahia,Vitória,2,1,Mandante,Anderson Daronco,27.8,6.3,178.6,8.2,27.5,4.3,179.9,7.9,Neo Química Arena,35382
Corinthians,2018,32,04/11/2018,16:00,Domingo,11,Botafogo,Derrota,0,1,Visitante,Leandro Pedro Vuaden,28.3,5.8,180.2,7.9,27.1,3.4,181.3,7.5,Estadio Nilton Santos,21463
Corinthians,2018,33,10/11/2018,16:00,Sábado,11,São Paulo,Empate,1,1,Mandante,Rodolpho Toski Marques,28.2,6.6,179.9,8.3,27.8,3.8,183.4,5.2,Neo Química Arena,42845
Corinthians,2018,34,14/11/2018,20:45,Quarta,11,Cruzeiro,Derrota,0,1,Visitante,Jean Pierre Goncalves Lima,29.1,6.0,179.8,8.3,29.5,4.4,179.2,6.0,Governador Magalhães Pinto,15520
Corinthians,2018,35,17/11/2018,18:00,Sábado,11,Vasco da Gama,Vitória,1,0,Mandante,Wilton Pereira Sampaio,28.6,6.5,180.3,8.1,27.5,3.8,179.3,5.8,Neo Química Arena,38605
Corinthians,2018,36,21/11/2018,20:45,Quarta,11,Athletico,Derrota,0,1,Visitante,Marcelo de Lima Henrique,28.6,6.5,180.3,8.1,27.3,4.7,178.6,7.5,Arena da Baixada,14320
Corinthians,2018,37,25/11/2018,18:00,Domingo,11,Chapecoense,Empate,0,0,Mandante,Paulo Roberto Alves Junior,26.5,5.9,179.5,8.0,29.4,3.7,181.1,7.3,Neo Química Arena,35888
Corinthians,2018,38,02/12/2018,16:00,Domingo,12,Grêmio,Derrota,0,1,Visitante,Ricardo Marques Ribeiro,25.8,5.3,178.3,8.2,30.1,4.7,178.6,5.8,Arena do Grêmio,38974
Corinthians,2019,1,28/04/2019,16:00,Domingo,04,Bahia,Derrota,2,3,Visitante,Wilton Pereira Sampaio,27.3,4.8,177.5,9.7,28.2,5.2,180.3,8.3,Arena Fonte Nova,29294
Corinthians,2019,2,01/05/2019,16:00,Quarta,05,Chapecoense,Vitória,1,0,Mandante,Ricardo Marques Ribeiro,27.3,4.8,177.5,9.7,27.8,4.6,179.7,5.8,Neo Química Arena,30442
Corinthians,2019,3,04/05/2019,19:00,Sábado,05,Vasco da Gama,Empate,1,1,Visitante,Rodrigo D'alonso Ferreira,27.8,5.5,181.5,7.9,26.6,4.7,180.5,6.8,Estádio São Januário,25779
Corinthians,2019,4,11/05/2019,19:00,Sábado,05,Grêmio,Empate,0,0,Mandante,Marcelo de Lima Henrique,29.0,4.2,177.5,9.3,26.6,4.0,179.5,5.6,Neo Química Arena,36360
Corinthians,2019,5,19/05/2019,16:00,Domingo,05,Athletico,Vitória,2,0,Visitante,Wagner do Nascimento Magalhaes,30.6,4.0,178.4,8.6,24.6,3.8,181.5,5.7,Arena da Baixada,18284
Corinthians,2019,6,26/05/2019,19:00,Domingo,05,São Paulo,Vitória,1,0,Mandante,Flavio Rodrigues De Souza,29.5,4.2,177.8,9.1,27.1,3.5,179.5,5.5,Neo Química Arena,39378
Corinthians,2019,8,08/06/2019,19:00,Sábado,06,Cruzeiro,Empate,0,0,Visitante,Marcelo de Lima Henrique,29.7,3.7,179.3,8.4,30.5,4.2,179.9,7.4,Governador Magalhães Pinto,21370
Corinthians,2019,9,12/06/2019,21:30,Quarta,06,Santos,Derrota,0,1,Visitante,Wagner do Nascimento Magalhaes,30.0,4.7,178.4,7.9,26.2,3.0,179.9,10.1,Estádio Urbano Caldeira,11831
Corinthians,2019,10,14/07/2019,16:00,Domingo,07,CSA,Vitória,1,0,Mandante,Reway Wagner,29.6,4.1,178.4,9.6,31.1,3.0,182.6,6.8,Neo Química Arena,33952
Corinthians,2019,11,21/07/2019,16:00,Domingo,07,Flamengo,Empate,1,1,Mandante,Leandro Pedro Vuaden,28.9,3.8,177.2,9.7,27.0,3.9,179.3,4.6,Neo Química Arena,34737
Corinthians,2019,12,28/07/2019,19:00,Domingo,07,Fortaleza,Vitória,3,1,Visitante,Wilton Pereira Sampaio,28.4,4.1,180.1,7.5,30.1,4.0,178.5,6.9,Estádio Governador Plácido Castelo,41546
Corinthians,2019,13,04/08/2019,19:00,Domingo,08,Palmeiras,Empate,1,1,Mandante,Anderson Daronco,28.9,3.8,177.2,9.7,29.1,3.3,179.8,6.5,Neo Química Arena,42675
Corinthians,2019,7,07/08/2019,19:15,Quarta,08,Goiás,Vitória,2,0,Mandante,Bruno Arleu de Araujo,27.6,4.7,178.8,8.9,26.8,3.0,178.7,5.8,Neo Química Arena,34595
Corinthians,2019,14,11/08/2019,11:00,Domingo,08,Internacional,Empate,0,0,Visitante,Caio Max Augusto Vieira,28.9,3.8,177.9,9.2,31.4,4.4,180.6,6.5,Estádio Beira-Rio,32049
Corinthians,2019,15,17/08/2019,17:00,Sábado,08,Botafogo,Vitória,2,0,Mandante,Rafael Traci,27.6,4.6,178.7,7.2,27.7,5.1,179.3,5.1,Neo Química Arena,38882
Corinthians,2019,16,25/08/2019,19:00,Domingo,08,Avaí,Empate,1,1,Visitante,Ricardo Marques Ribeiro,28.5,4.6,180.4,8.9,28.1,4.6,181.0,8.4,Estádio da Ressacada,9753
Corinthians,2019,17,01/09/2019,19:00,Domingo,09,Atlético Mineiro,Vitória,1,0,Mandante,Wilton Pereira Sampaio,29.3,4.6,179.2,8.9,29.8,5.0,179.5,7.9,Neo Química Arena,31961
Corinthians,2019,18,07/09/2019,11:00,Sábado,09,Ceará,Empate,2,2,Mandante,Paulo Roberto Alves Junior,29.9,4.1,178.4,8.9,29.3,4.2,180.7,6.7,Neo Química Arena,43230
Corinthians,2019,19,15/09/2019,16:00,Domingo,09,Fluminense,Derrota,0,1,Visitante,Jean Pierre Goncalves Lima,25.7,4.8,179.3,10.1,26.7,5.5,182.5,4.7,Estádio do Maracanã,15733
Corinthians,2019,20,21/09/2019,19:00,Sábado,09,Bahia,Vitória,2,1,Mandante,Dewson Fernando Freitas da Silva,28.5,4.9,177.0,10.1,27.2,4.2,179.1,8.2,Neo Química Arena,29569
Corinthians,2019,22,29/09/2019,11:00,Domingo,09,Vasco da Gama,Vitória,1,0,Mandante,Ricardo Marques Ribeiro,29.3,4.1,177.8,10.0,26.0,5.3,181.0,6.5,Neo Química Arena,37091
Corinthians,2019,21,02/10/2019,19:15,Quarta,10,Chapecoense,Vitória,1,0,Visitante,Daniel Nobre Bins,29.4,4.6,179.2,8.9,29.7,4.6,178.5,5.4,Arena Condá,5036
Corinthians,2019,23,05/10/2019,19:00,Sábado,10,Grêmio,Empate,0,0,Visitante,Bruno Arleu de Araujo,29.0,4.7,177.7,9.6,29.9,5.2,180.3,4.8,Arena do Grêmio,14596
Corinthians,2019,24,10/10/2019,19:15,Quinta,10,Athletico,Empate,2,2,Mandante,Andre Luiz de Freitas Castro,30.2,4.3,178.6,9.3,26.8,3.5,180.1,7.4,Neo Química Arena,22964
Corinthians,2019,25,13/10/2019,18:00,Domingo,10,São Paulo,Derrota,0,1,Visitante,Raphael Claus,29.2,4.4,179.2,9.1,27.0,4.0,179.7,5.3,MorumBIS,37561
Corinthians,2019,26,16/10/2019,21:30,Quarta,10,Goiás,Empate,2,2,Visitante,Wagner do Nascimento Magalhaes,26.0,5.4,179.0,10.7,27.5,3.9,180.0,6.7,Serra Dourada,17577
Corinthians,2019,27,19/10/2019,19:00,Sábado,10,Cruzeiro,Derrota,1,2,Mandante,Bruno Arleu de Araujo,26.4,4.9,177.7,9.3,30.7,5.6,182.1,6.7,Neo Química Arena,31631
Corinthians,2019,28,26/10/2019,17:00,Sábado,10,Santos,Empate,0,0,Mandante,Luiz Flávio de Oliveira,30.3,4.6,181.3,7.0,26.9,3.9,178.9,9.7,Neo Química Arena,32142
Corinthians,2019,29,30/10/2019,21:30,Quarta,10,CSA,Derrota,1,2,Visitante,Rafael Traci,29.0,3.9,179.9,9.8,28.8,4.0,180.5,7.5,Estádio Rei Pelé,15428
Corinthians,2019,30,03/11/2019,16:00,Domingo,11,Flamengo,Derrota,1,4,Visitante,Jean Pierre Goncalves Lima,27.0,5.2,181.0,8.9,27.3,4.6,180.8,6.2,Estádio do Maracanã,64985
Corinthians,2019,31,06/11/2019,19:30,Quarta,11,Fortaleza,Vitória,3,2,Mandante,Caio Max Augusto Vieira,28.2,4.6,178.5,8.2,29.4,3.5,179.2,6.2,Neo Química Arena,22453
Corinthians,2019,32,09/11/2019,19:00,Sábado,11,Palmeiras,Empate,1,1,Visitante,Vinicius Goncalves Dias Araujo,28.7,4.1,177.7,8.8,28.5,1.9,180.2,6.0,Nubank Parque,36290
Corinthians,2019,33,17/11/2019,18:00,Domingo,11,Internacional,Empate,0,0,Mandante,Marcelo de Lima Henrique,29.5,4.6,179.0,10.0,30.2,4.8,179.8,5.3,Neo Química Arena,29159
Corinthians,2019,34,24/11/2019,18:00,Domingo,11,Botafogo,Derrota,0,1,Visitante,Andre Luiz de Freitas Castro,29.4,3.6,179.4,9.4,26.3,5.2,180.0,6.1,Estadio Nilton Santos,22558
Corinthians,2019,35,27/11/2019,21:30,Quarta,11,Avaí,Vitória,3,0,Mandante,Wagner do Nascimento Magalhaes,27.9,4.0,178.3,10.7,27.6,4.3,181.6,8.8,Neo Química Arena,17441
Corinthians,2019,36,01/12/2019,18:00,Domingo,12,Atlético Mineiro,Derrota,1,2,Visitante,Paulo Roberto Alves Junior,27.0,4.3,178.3,10.7,27.7,4.5,180.2,8.9,Arena Independência,18062
Corinthians,2019,37,04/12/2019,19:30,Quarta,12,Ceará,Vitória,1,0,Visitante,Rafael Traci,28.0,4.7,177.9,10.0,29.6,3.2,179.7,7.8,Estádio Governador Plácido Castelo,49200
Corinthians,2019,38,08/12/2019,16:00,Domingo,12,Fluminense,Derrota,1,2,Mandante,Rodrigo D'alonso Ferreira,28.6,5.1,178.5,9.7,25.0,4.9,181.5,4.8,Neo Química Arena,36316
Corinthians,2020,2,12/08/2020,19:15,Quarta,08,Atlético Mineiro,Derrota,2,3,Visitante,Wagner do Nascimento Magalhaes,27.2,4.4,179.5,7.9,25.9,4.6,179.9,7.5,Arena Independência,0
Corinthians,2020,3,15/08/2020,19:00,Sábado,08,Grêmio,Empate,0,0,Visitante,Bruno Arleu de Araujo,29.2,3.3,180.5,8.3,29.5,5.4,182.2,6.2,Arena do Grêmio,0
Corinthians,2020,4,19/08/2020,21:30,Quarta,08,Coritiba,Vitória,3,1,Mandante,Braulio Da Silva Machado,29.0,3.5,179.6,9.0,28.2,4.3,179.5,7.2,Neo Química Arena,0
Corinthians,2020,5,26/08/2020,21:30,Quarta,08,Fortaleza,Empate,1,1,Mandante,Rodolpho Toski Marques,27.7,4.8,181.5,7.6,30.4,4.0,180.5,6.4,Neo Química Arena,0
Corinthians,2020,6,30/08/2020,11:00,Domingo,08,São Paulo,Derrota,1,2,Visitante,Flavio Rodrigues De Souza,28.4,4.2,180.7,8.6,25.8,4.2,179.5,5.3,MorumBIS,0
Corinthians,2020,7,02/09/2020,19:15,Quarta,09,Goiás,Vitória,2,1,Visitante,Jose Mendonca da Silva Junior,28.9,4.2,180.1,9.0,27.0,3.4,178.2,7.9,Serra Dourada,0
Corinthians,2020,8,05/09/2020,19:00,Sábado,09,Botafogo,Empate,2,2,Mandante,Rafael Traci,28.5,4.5,179.5,9.2,27.8,4.9,181.4,6.0,Neo Química Arena,0
Corinthians,2020,9,10/09/2020,19:15,Quinta,09,Palmeiras,Derrota,0,2,Mandante,Leandro Pedro Vuaden,28.7,4.2,178.0,10.1,26.5,4.4,180.3,4.6,Neo Química Arena,0
Corinthians,2020,10,13/09/2020,16:00,Domingo,09,Fluminense,Derrota,1,2,Visitante,Braulio Da Silva Machado,27.2,5.0,180.2,9.0,28.2,5.9,179.9,7.0,Estádio do Maracanã,0
Corinthians,2020,11,16/09/2020,21:30,Quarta,09,Bahia,Vitória,3,2,Mandante,Wagner do Nascimento Magalhaes,26.5,4.9,177.5,8.6,29.2,3.5,178.1,7.1,Neo Química Arena,0
Corinthians,2020,12,23/09/2020,21:30,Quarta,09,Sport Recife,Derrota,0,1,Visitante,Wilton Pereira Sampaio,27.4,5.2,178.9,9.1,29.7,3.7,181.5,6.8,Ilha do Retiro,0
Corinthians,2020,1,30/09/2020,21:30,Quarta,09,Atlético Goianiense,Empate,0,0,Mandante,Paulo Roberto Alves Junior,28.1,4.6,181.1,8.0,26.7,2.5,180.8,5.7,Neo Química Arena,0
Corinthians,2020,13,03/10/2020,21:00,Sábado,10,Red Bull Bragantino,Empate,0,0,Visitante,Edina Alves Batista,28.8,4.1,180.1,9.0,27.5,4.7,180.2,4.8,Estádio Nabi Abi Chedid,0
Corinthians,2020,14,07/10/2020,19:00,Quarta,10,Santos,Empate,1,1,Mandante,Marcelo de Lima Henrique,27.5,5.3,180.2,8.2,26.1,3.8,181.3,6.0,Neo Química Arena,0
Corinthians,2020,15,11/10/2020,20:30,Domingo,10,Ceará,Derrota,1,2,Visitante,Anderson Daronco,26.0,5.0,179.0,8.5,30.3,5.5,180.6,7.7,Estádio Governador Plácido Castelo,0
Corinthians,2020,16,14/10/2020,21:30,Quarta,10,Athletico,Vitória,1,0,Visitante,Savio Pereira Sampaio,26.2,5.4,179.8,7.7,25.3,3.8,179.9,4.6,Arena da Baixada,0
Corinthians,2020,17,18/10/2020,16:00,Domingo,10,Flamengo,Derrota,1,5,Mandante,Leandro Pedro Vuaden,28.2,5.0,178.7,8.5,26.8,4.7,184.2,7.3,Neo Química Arena,0
Corinthians,2020,18,21/10/2020,21:30,Quarta,10,Vasco da Gama,Vitória,2,1,Visitante,Caio Max Augusto Vieira,27.4,5.4,178.6,8.6,25.0,5.3,179.9,6.2,Estádio São Januário,0
Corinthians,2020,19,31/10/2020,19:00,Sábado,10,Internacional,Vitória,1,0,Mandante,Paulo Roberto Alves Junior,28.1,4.9,178.1,9.3,28.8,4.3,180.3,5.1,Neo Química Arena,0
Corinthians,2020,20,07/11/2020,21:00,Sábado,11,Atlético Goianiense,Empate,1,1,Visitante,Jean Pierre Goncalves Lima,28.7,4.4,177.9,9.1,25.9,2.3,181.5,4.8,Serra Dourada,0
Corinthians,2020,21,14/11/2020,19:00,Sábado,11,Atlético Mineiro,Derrota,1,2,Mandante,Rodrigo D'alonso Ferreira,27.2,4.4,177.8,8.7,27.4,4.2,178.8,8.1,Neo Química Arena,0
Corinthians,2020,22,22/11/2020,20:30,Domingo,11,Grêmio,Empate,0,0,Mandante,Caio Max Augusto Vieira,29.5,3.7,179.0,8.6,27.8,5.8,181.9,6.8,Neo Química Arena,0
Corinthians,2020,23,25/11/2020,21:30,Quarta,11,Coritiba,Vitória,1,0,Visitante,Leandro Pedro Vuaden,27.9,5.7,179.8,7.2,29.1,5.2,180.0,7.3,Estádio Major Antônio Couto Pereira,0
Corinthians,2020,24,02/12/2020,21:30,Quarta,12,Fortaleza,Empate,0,0,Visitante,Ricardo Marques Ribeiro,29.8,4.1,180.1,9.0,29.5,3.0,179.8,6.2,Estádio Governador Plácido Castelo,0
Corinthians,2020,25,13/12/2020,18:15,Domingo,12,São Paulo,Vitória,1,0,Mandante,Raphael Claus,29.0,4.0,177.5,9.5,27.9,5.6,180.0,5.1,Neo Química Arena,0
Corinthians,2020,26,21/12/2020,20:00,Segunda,12,Goiás,Vitória,2,1,Mandante,Bruno Arleu de Araujo,29.6,4.3,177.2,10.3,25.7,5.4,184.5,7.1,Neo Química Arena,0
Corinthians,2020,27,27/12/2020,16:00,Domingo,12,Botafogo,Vitória,2,0,Visitante,Heber Roberto Lopes,30.2,3.4,176.5,9.4,27.0,5.4,180.4,5.9,Estadio Nilton Santos,0
Corinthians,2020,29,13/01/2021,21:30,Quarta,01,Fluminense,Vitória,5,0,Mandante,Rafael Traci,29.7,4.0,179.4,9.1,28.5,5.1,180.6,6.6,Neo Química Arena,0
Corinthians,2020,28,18/01/2021,19:00,Segunda,01,Palmeiras,Derrota,0,4,Visitante,Jean Pierre Goncalves Lima,29.8,4.0,179.4,9.1,27.1,4.8,179.6,5.2,Nubank Parque,0
Corinthians,2020,31,21/01/2021,21:00,Quinta,01,Sport Recife,Vitória,3,0,Mandante,Anderson Daronco,28.9,4.5,178.2,8.9,29.0,3.7,182.1,5.6,Neo Química Arena,0
Corinthians,2020,32,25/01/2021,20:00,Segunda,01,Red Bull Bragantino,Derrota,0,2,Mandante,Bruno Arleu de Araujo,29.2,4.7,178.0,9.7,27.1,4.5,179.2,6.3,Neo Química Arena,0
Corinthians,2020,30,28/01/2021,19:00,Quinta,01,Bahia,Derrota,1,2,Visitante,Ricardo Marques Ribeiro,28.7,4.9,179.7,8.8,28.2,5.2,180.1,7.2,Arena Fonte Nova,0
Corinthians,2020,34,03/02/2021,21:30,Quarta,02,Ceará,Vitória,2,1,Mandante,Heber Roberto Lopes,28.3,4.6,178.0,9.1,27.7,3.8,181.8,7.3,Neo Química Arena,0
Corinthians,2020,35,10/02/2021,21:30,Quarta,02,Athletico,Empate,3,3,Mandante,Jean Pierre Goncalves Lima,28.3,4.6,178.0,9.1,26.6,4.7,179.1,5.8,Neo Química Arena,0
Corinthians,2020,36,14/02/2021,16:00,Domingo,02,Flamengo,Derrota,1,2,Visitante,Rafael Traci,27.6,5.0,178.6,8.8,29.0,4.5,180.7,7.1,Estádio do Maracanã,0
Corinthians,2020,33,17/02/2021,19:00,Quarta,02,Santos,Derrota,0,1,Visitante,Vinicius Goncalves Dias Araujo,28.4,4.3,179.5,7.7,25.1,5.1,179.7,6.6,Estádio Urbano Caldeira,0
Corinthians,2020,37,21/02/2021,16:00,Domingo,02,Vasco da Gama,Empate,0,0,Mandante,Anderson Daronco,28.5,4.4,177.5,8.9,27.8,5.8,179.5,6.0,Neo Química Arena,0
Corinthians,2020,38,25/02/2021,21:30,Quinta,02,Internacional,Empate,0,0,Visitante,Wilton Pereira Sampaio,29.2,4.5,180.1,9.4,25.5,5.2,182.0,5.8,Estádio Beira-Rio,0
Corinthians,2021,1,30/05/2021,18:15,Domingo,05,Atlético Goianiense,Derrota,0,1,Mandante,Felipe Fernandes de Lima,27.2,4.8,178.5,9.0,27.2,4.1,179.5,7.0,Neo Química Arena,0
Corinthians,2021,2,06/06/2021,16:00,Domingo,06,América Mineiro,Vitória,1,0,Visitante,Marcelo de Lima Henrique,28.5,4.6,179.1,8.6,29.0,3.7,180.0,6.7,Arena Independência,0
Corinthians,2021,3,12/06/2021,19:00,Sábado,06,Palmeiras,Empate,1,1,Visitante,Flavio Rodrigues De Souza,28.4,4.7,179.2,8.5,28.9,6.0,179.5,5.4,Nubank Parque,0
Corinthians,2021,4,16/06/2021,20:30,Quarta,06,Red Bull Bragantino,Derrota,1,2,Mandante,Thiago Luis Scarascati,28.4,4.7,179.2,8.5,25.2,3.7,181.2,6.5,Neo Química Arena,0
Corinthians,2021,5,20/06/2021,16:00,Domingo,06,Bahia,Empate,0,0,Visitante,Bruno Arleu de Araujo,29.4,4.8,179.8,9.2,26.1,3.7,180.5,6.1,Arena Fonte Nova,0
Corinthians,2021,6,24/06/2021,19:00,Quinta,06,Sport Recife,Vitória,2,1,Mandante,Paulo Roberto Alves Junior,28.9,5.1,180.1,8.9,25.3,4.0,184.2,7.8,Neo Química Arena,0
Corinthians,2021,7,27/06/2021,16:00,Domingo,06,Fluminense,Empate,1,1,Visitante,Savio Pereira Sampaio,27.1,5.4,179.4,9.0,26.5,5.0,178.6,7.0,Estádio do Maracanã,0
Corinthians,2021,8,30/06/2021,21:30,Quarta,06,São Paulo,Empate,0,0,Mandante,Leandro Pedro Vuaden,29.0,5.1,180.1,8.9,29.5,5.3,178.6,5.7,Neo Química Arena,0
Corinthians,2021,9,03/07/2021,21:00,Sábado,07,Internacional,Empate,1,1,Mandante,Marcelo de Lima Henrique,28.4,5.5,180.4,8.7,24.3,4.8,180.5,5.2,Neo Química Arena,0
Corinthians,2021,10,08/07/2021,21:00,Quinta,07,Chapecoense,Vitória,1,0,Visitante,Ricardo Marques Ribeiro,29.0,5.1,180.1,8.9,26.7,4.4,182.0,6.8,Arena Condá,0
Corinthians,2021,11,11/07/2021,20:30,Domingo,07,Fortaleza,Derrota,0,1,Visitante,Caio Max Augusto Vieira,29.0,5.1,180.1,8.9,28.0,3.0,179.5,5.2,Estádio Governador Plácido Castelo,0
Corinthians,2021,12,17/07/2021,19:00,Sábado,07,Atlético Mineiro,Derrota,1,2,Mandante,Jean Pierre Goncalves Lima,29.1,5.0,180.0,9.0,28.3,3.9,178.7,6.0,Neo Química Arena,0
Corinthians,2021,13,26/07/2021,20:00,Segunda,07,Cuiabá,Vitória,2,1,Visitante,Ramon Abatti Abel,28.9,5.3,179.6,9.3,29.3,4.4,179.9,7.7,Arena Pantanal,0
Corinthians,2021,14,01/08/2021,16:00,Domingo,08,Flamengo,Derrota,1,3,Mandante,Leandro Pedro Vuaden,28.9,5.3,179.6,9.3,30.9,4.0,181.1,6.8,Neo Química Arena,0
Corinthians,2021,15,08/08/2021,16:00,Domingo,08,Santos,Empate,0,0,Visitante,Flavio Rodrigues De Souza,29.2,5.4,178.7,9.5,26.3,5.2,179.4,6.1,Estádio Urbano Caldeira,0
Corinthians,2021,16,15/08/2021,16:00,Domingo,08,Ceará,Vitória,3,1,Mandante,Rodolpho Toski Marques,29.2,5.4,178.7,9.5,28.5,2.7,181.5,8.1,Neo Química Arena,0
Corinthians,2021,17,22/08/2021,16:00,Domingo,08,Athletico,Vitória,1,0,Visitante,Wilton Pereira Sampaio,29.2,5.4,178.7,9.5,25.5,4.0,179.0,5.4,Arena da Baixada,0
Corinthians,2021,18,28/08/2021,21:00,Sábado,08,Grêmio,Vitória,1,0,Visitante,Ricardo Marques Ribeiro,29.0,5.2,179.9,8.8,25.6,4.8,179.3,7.2,Arena do Grêmio,0
Corinthians,2021,19,07/09/2021,21:30,Terça,09,Juventude,Empate,1,1,Mandante,Ramon Abatti Abel,30.7,4.4,180.7,9.1,27.8,4.7,179.9,6.1,Neo Química Arena,0
Corinthians,2021,20,12/09/2021,18:15,Domingo,09,Atlético Goianiense,Empate,1,1,Visitante,Antonio Dib Moraes de Sousa,27.3,5.2,178.2,8.4,28.6,3.6,178.9,7.3,Serra Dourada,0
Corinthians,2021,21,19/09/2021,18:15,Domingo,09,América Mineiro,Empate,1,1,Mandante,Savio Pereira Sampaio,30.3,5.0,180.4,8.6,29.7,3.7,181.4,7.3,Neo Química Arena,0
Corinthians,2021,22,25/09/2021,19:00,Sábado,09,Palmeiras,Vitória,2,1,Mandante,Raphael Claus,30.1,5.0,181.0,7.8,26.2,5.1,179.9,6.0,Neo Química Arena,0
Corinthians,2021,23,02/10/2021,19:00,Sábado,10,Red Bull Bragantino,Empate,2,2,Visitante,Flavio Rodrigues De Souza,30.1,5.0,181.0,7.8,24.3,4.3,181.2,7.3,Estádio Nabi Abi Chedid,0
Corinthians,2021,24,05/10/2021,21:30,Terça,10,Bahia,Vitória,3,1,Mandante,Denis da Silva Ribeiro Serafim,28.8,5.3,180.7,8.0,26.7,4.4,182.1,8.2,Neo Química Arena,10470
Corinthians,2021,25,09/10/2021,16:30,Sábado,10,Sport Recife,Derrota,0,1,Visitante,Savio Pereira Sampaio,30.3,5.1,182.3,7.9,25.1,3.7,181.1,7.8,Arena de Pernambuco,2697
Corinthians,2021,26,13/10/2021,21:00,Quarta,10,Fluminense,Vitória,1,0,Mandante,Marielson Alves Silva,30.2,5.0,181.0,7.8,26.8,4.8,180.5,6.9,Neo Química Arena,11892
Corinthians,2021,27,18/10/2021,20:00,Segunda,10,São Paulo,Derrota,0,1,Visitante,Leandro Pedro Vuaden,28.1,5.8,181.0,7.7,27.0,3.1,180.6,4.5,MorumBIS,23874
Corinthians,2021,28,24/10/2021,16:00,Domingo,10,Internacional,Empate,2,2,Visitante,Bruno Arleu de Araujo,29.2,5.5,180.1,8.4,29.5,4.9,182.5,6.2,Estádio Beira-Rio,11437
Corinthians,2021,29,01/11/2021,21:30,Segunda,11,Chapecoense,Vitória,1,0,Mandante,Paulo Cesar Zanovelli da Silva,27.9,5.8,179.0,7.5,27.4,3.4,182.9,5.5,Neo Química Arena,39897
Corinthians,2021,30,06/11/2021,17:00,Sábado,11,Fortaleza,Vitória,1,0,Mandante,Ramon Abatti Abel,29.3,5.4,179.7,8.5,28.8,3.5,180.8,5.0,Neo Química Arena,36059
Corinthians,2021,31,10/11/2021,19:00,Quarta,11,Atlético Mineiro,Derrota,0,3,Visitante,Braulio Da Silva Machado,29.7,4.9,179.2,9.0,30.1,4.8,179.9,7.4,Governador Magalhães Pinto,58714
Corinthians,2021,32,13/11/2021,21:00,Sábado,11,Cuiabá,Vitória,3,2,Mandante,Rodolpho Toski Marques,29.1,5.4,181.0,8.7,28.5,4.2,181.1,6.0,Neo Química Arena,38474
Corinthians,2021,33,17/11/2021,21:30,Quarta,11,Flamengo,Derrota,0,1,Visitante,Anderson Daronco,30.5,5.1,181.3,8.5,25.7,5.2,181.7,8.0,Estádio do Maracanã,49897
Corinthians,2021,34,21/11/2021,16:00,Domingo,11,Santos,Vitória,2,0,Mandante,Leandro Pedro Vuaden,29.6,5.6,181.3,8.5,25.9,5.3,180.7,5.6,Neo Química Arena,43381
Corinthians,2021,35,25/11/2021,20:00,Quinta,11,Ceará,Derrota,1,2,Visitante,Paulo Roberto Alves Junior,27.8,5.4,180.5,8.6,29.3,4.1,181.8,6.2,Estádio Governador Plácido Castelo,35693
Corinthians,2021,36,28/11/2021,16:00,Domingo,11,Athletico,Vitória,1,0,Mandante,Paulo Cesar Zanovelli da Silva,29.7,5.6,181.3,8.5,26.5,3.7,180.4,4.5,Neo Química Arena,37309
Corinthians,2021,37,05/12/2021,16:00,Domingo,12,Grêmio,Empate,1,1,Mandante,Bruno Arleu de Araujo,30.1,5.5,182.3,7.4,29.0,5.7,180.8,6.8,Neo Química Arena,44187
Corinthians,2021,38,09/12/2021,21:30,Quinta,12,Juventude,Derrota,0,1,Visitante,Rodolpho Toski Marques,28.0,5.6,178.6,9.4,26.5,3.8,178.6,6.5,Estádio Alfredo Jaconi,17056
Corinthians,2022,1,10/04/2022,16:00,Domingo,04,Botafogo,Vitória,3,1,Visitante,Wilton Pereira Sampaio,26.3,5.0,180.5,6.7,27.1,3.4,180.5,6.3,Estádio Nilton Santos,36898
Corinthians,2022,2,16/04/2022,19:00,Sábado,04,Avaí,Vitória,3,0,Mandante,Bruno Arleu de Araujo,26.7,5.2,179.8,7.7,30.2,4.8,180.0,6.8,Neo Química Arena,30497
Corinthians,2022,3,23/04/2022,19:00,Sábado,04,Palmeiras,Derrota,0,3,Visitante,Anderson Daronco,25.3,4.8,179.1,5.9,27.2,4.4,178.1,7.1,Nubank Parque,23973
Corinthians,2022,4,01/05/2022,16:00,Domingo,05,Fortaleza,Vitória,1,0,Mandante,Savio Pereira Sampaio,30.0,5.1,181.3,7.2,26.8,3.5,179.3,4.8,Neo Química Arena,37018
Corinthians,2022,5,08/05/2022,18:00,Domingo,05,Red Bull Bragantino,Vitória,1,0,Visitante,Raphael Claus,28.6,5.0,181.7,7.5,22.6,2.6,181.1,6.9,Estádio Nabi Abi Chedid,9993
Corinthians,2022,6,14/05/2022,19:00,Sábado,05,Internacional,Empate,2,2,Visitante,Braulio Da Silva Machado,28.3,5.2,181.1,7.7,28.8,3.3,178.5,5.8,Estádio Beira-Rio,18482
Corinthians,2022,7,22/05/2022,16:00,Domingo,05,São Paulo,Empate,1,1,Mandante,Wilton Pereira Sampaio,29.5,6.1,182.8,7.5,27.1,3.3,180.3,4.7,Neo Química Arena,44672
Corinthians,2022,8,29/05/2022,18:00,Domingo,05,América Mineiro,Empate,1,1,Mandante,Anderson Daronco,30.1,5.5,180.7,7.7,30.2,6.1,180.6,7.2,Neo Química Arena,34922
Corinthians,2022,9,04/06/2022,20:30,Sábado,06,Atlético Goianiense,Vitória,1,0,Visitante,Bruno Arleu de Araujo,28.2,6.1,180.2,7.6,27.4,3.2,181.7,5.6,Estádio Antônio Accioly,12089
Corinthians,2022,10,07/06/2022,21:30,Terça,06,Cuiabá,Derrota,0,1,Visitante,Marcelo de Lima Henrique,26.5,4.8,181.1,8.1,28.8,3.8,180.5,6.0,Arena Pantanal,22129
Corinthians,2022,11,11/06/2022,16:30,Sábado,06,Juventude,Vitória,2,0,Mandante,Ramon Abatti Abel,29.8,5.5,180.1,8.3,28.3,3.2,180.8,6.0,Neo Química Arena,34617
Corinthians,2022,12,15/06/2022,21:30,Quarta,06,Athletico,Empate,1,1,Visitante,Leandro Pedro Vuaden,27.3,5.5,179.9,7.9,25.1,3.0,181.3,4.7,Arena da Baixada,25965
Corinthians,2022,13,19/06/2022,16:00,Domingo,06,Goiás,Vitória,1,0,Mandante,Braulio Da Silva Machado,28.3,5.8,181.0,7.9,25.8,3.8,180.5,8.7,Neo Química Arena,35900
Corinthians,2022,14,25/06/2022,19:00,Sábado,06,Santos,Empate,0,0,Mandante,Flavio Rodrigues De Souza,25.1,5.9,180.0,7.8,25.7,4.1,180.6,7.3,Neo Química Arena,40842
Corinthians,2022,15,02/07/2022,16:30,Sábado,07,Fluminense,Derrota,0,4,Visitante,Wilton Pereira Sampaio,25.1,5.9,181.9,5.8,28.0,6.8,179.0,6.7,Estádio do Maracanã,44782
Corinthians,2022,16,10/07/2022,16:00,Domingo,07,Flamengo,Vitória,1,0,Mandante,Ramon Abatti Abel,28.2,5.5,179.9,8.1,25.5,4.4,181.5,5.0,Neo Química Arena,44055
Corinthians,2022,17,16/07/2022,21:00,Sábado,07,Ceará,Derrota,1,3,Visitante,Leandro Pedro Vuaden,26.7,5.4,179.7,7.3,30.5,3.2,181.8,9.2,Estádio Governador Plácido Castelo,28683
Corinthians,2022,18,20/07/2022,21:30,Quarta,07,Coritiba,Vitória,3,1,Mandante,Wagner do Nascimento Magalhaes,27.4,5.0,181.1,7.4,29.8,5.1,179.3,7.5,Neo Química Arena,39852
Corinthians,2022,19,24/07/2022,18:00,Domingo,07,Atlético Mineiro,Vitória,2,1,Visitante,Ramon Abatti Abel,27.7,5.5,179.2,9.8,29.9,4.0,179.8,6.8,Governador Magalhães Pinto,55706
Corinthians,2022,20,30/07/2022,19:00,Sábado,07,Botafogo,Vitória,1,0,Mandante,Jean Pierre Goncalves Lima,27.3,5.5,179.9,7.6,27.1,4.3,181.1,5.9,Neo Química Arena,42632
Corinthians,2022,21,06/08/2022,19:00,Sábado,08,Avaí,Empate,1,1,Visitante,Wilton Pereira Sampaio,29.3,4.9,179.9,8.2,30.3,4.5,180.3,5.8,Estádio da Ressacada,12648
Corinthians,2022,22,13/08/2022,19:00,Sábado,08,Palmeiras,Derrota,0,1,Mandante,Raphael Claus,26.4,4.8,180.5,7.5,27.3,3.8,179.4,7.6,Neo Química Arena,44966
Corinthians,2022,23,21/08/2022,18:00,Domingo,08,Fortaleza,Derrota,0,1,Visitante,Leandro Pedro Vuaden,25.7,4.6,179.2,7.9,28.5,5.0,179.2,6.8,Estádio Governador Plácido Castelo,44338
Corinthians,2022,24,29/08/2022,21:30,Segunda,08,Red Bull Bragantino,Vitória,1,0,Mandante,Wilton Pereira Sampaio,28.0,5.5,180.9,8.4,25.6,3.1,179.8,7.0,Neo Química Arena,36228
Corinthians,2022,25,04/09/2022,16:00,Domingo,09,Internacional,Empate,2,2,Mandante,Braulio Da Silva Machado,29.8,5.2,179.5,9.1,27.1,4.3,178.1,6.4,Neo Química Arena,41423
Corinthians,2022,26,11/09/2022,16:00,Domingo,09,São Paulo,Empate,1,1,Visitante,Marcelo de Lima Henrique,26.9,5.2,181.2,7.9,27.7,6.7,182.3,6.1,MorumBIS,46444
Corinthians,2022,27,18/09/2022,18:00,Domingo,09,América Mineiro,Derrota,0,1,Visitante,Bruno Arleu de Araujo,24.8,4.6,179.5,7.0,30.9,3.5,179.3,8.2,Arena Independência,6416
Corinthians,2022,28,28/09/2022,19:00,Quarta,09,Atlético Goianiense,Vitória,2,1,Mandante,Leandro Pedro Vuaden,28.8,6.0,180.8,8.1,27.8,3.6,180.4,5.4,Neo Química Arena,32398
Corinthians,2022,29,01/10/2022,21:00,Sábado,10,Cuiabá,Vitória,2,0,Mandante,Caio Max Augusto Vieira,26.8,5.4,180.8,7.9,28.6,3.8,182.1,4.6,Neo Química Arena,37681
Corinthians,2022,30,04/10/2022,21:30,Terça,10,Juventude,Empate,2,2,Visitante,Wagner do Nascimento Magalhaes,28.8,5.8,181.8,7.8,27.5,4.1,177.9,6.8,Estádio Alfredo Jaconi,3159
Corinthians,2022,31,08/10/2022,21:00,Sábado,10,Athletico,Vitória,2,1,Mandante,Anderson Daronco,26.0,4.6,179.1,10.3,24.3,2.7,179.8,4.9,Neo Química Arena,38403
Corinthians,2022,33,22/10/2022,19:00,Sábado,10,Santos,Vitória,1,0,Visitante,Flavio Rodrigues De Souza,26.2,4.8,179.8,7.7,25.4,4.4,182.2,5.3,Estádio Urbano Caldeira,N.A
Corinthians,2022,34,26/10/2022,21:45,Quarta,10,Fluminense,Derrota,0,2,Mandante,Leandro Pedro Vuaden,29.9,5.4,180.5,8.5,28.8,6.5,177.4,7.0,Neo Química Arena,37920
Corinthians,2022,32,29/10/2022,19:30,Sábado,10,Goiás,Empate,0,0,Visitante,Paulo Cesar Zanovelli da Silva,25.9,5.5,181.5,7.1,26.1,2.7,181.1,8.2,Estádio da Serrinha,9497
Corinthians,2022,35,02/11/2022,21:30,Quarta,11,Flamengo,Vitória,2,1,Visitante,Ramon Abatti Abel,26.9,5.8,181.5,6.6,26.3,5.2,182.5,8.6,Estádio do Maracanã,N.A
Corinthians,2022,36,05/11/2022,20:30,Sábado,11,Ceará,Vitória,1,0,Mandante,Bruno Arleu de Araujo,27.4,6.1,179.9,8.7,30.5,4.8,180.8,8.1,Neo Química Arena,41335
Corinthians,2022,37,09/11/2022,19:00,Quarta,11,Coritiba,Empate,2,2,Visitante,Marcelo de Lima Henrique,26.7,5.0,181.2,7.7,26.8,4.2,183.1,9.0,Estádio Major Antônio Couto Pereira,N.A
Corinthians,2022,38,13/11/2022,16:00,Domingo,11,Atlético Mineiro,Derrota,0,1,Mandante,Braulio Da Silva Machado,28.1,6.1,179.9,8.5,31.4,3.9,179.5,7.1,Neo Química Arena,N.A
Corinthians,2023,1,16/04/2023,16:00,Domingo,04,Cruzeiro,Vitória,2,1,Mandante,Anderson Daronco,27.6,5.5,180.0,7.9,28.7,3.3,179.7,6.8,Neo Química Arena,41304
Corinthians,2023,2,23/04/2023,19:00,Domingo,04,Goiás,Derrota,1,3,Visitante,Bruno Arleu de Araujo,28.6,6.0,182.3,6.9,27.9,3.2,180.7,5.4,Estádio da Serrinha,8508
Corinthians,2023,3,29/04/2023,18:30,Sábado,04,Palmeiras,Derrota,1,2,Visitante,Wilton Pereira Sampaio,26.3,5.2,179.8,7.5,28.3,3.4,177.5,7.7,Nubank Parque,41457
Corinthians,2023,4,08/05/2023,20:00,Segunda,05,Fortaleza,Empate,1,1,Mandante,Ramon Abatti Abel,27.2,7.0,178.8,8.1,29.9,5.0,179.1,5.3,Neo Química Arena,36512
Corinthians,2023,5,11/05/2023,19:30,Quinta,05,Botafogo,Derrota,0,3,Visitante,Anderson Daronco,27.9,6.3,179.5,7.7,30.0,3.1,184.2,5.8,Estádio Nilton Santos,22388
Corinthians,2023,6,14/05/2023,16:00,Domingo,05,São Paulo,Empate,1,1,Mandante,Bruno Arleu de Araujo,27.2,6.1,179.9,7.7,28.3,5.1,180.2,6.5,Neo Química Arena,41118
Corinthians,2023,7,21/05/2023,16:00,Domingo,05,Flamengo,Derrota,0,1,Visitante,Rafael Rodrigo Klein,26.9,5.5,181.4,6.9,26.0,3.8,184.1,4.5,Estádio do Maracanã,64871
Corinthians,2023,8,28/05/2023,16:00,Domingo,05,Fluminense,Vitória,2,0,Mandante,Leandro Pedro Vuaden,25.9,5.0,180.7,7.2,30.1,6.8,178.3,6.8,Neo Química Arena,34624
Corinthians,2023,9,03/06/2023,18:30,Sábado,06,América Mineiro,Derrota,0,2,Visitante,Anderson Daronco,27.0,5.7,180.0,6.8,30.1,5.4,180.8,5.6,Arena Independência,6701
Corinthians,2023,10,10/06/2023,18:30,Sábado,06,Cuiabá,Empate,1,1,Mandante,Andre Luiz Skettino Policarpo Bento,26.2,6.4,180.7,7.5,27.9,4.8,182.1,5.1,Neo Química Arena,40512
Corinthians,2023,11,21/06/2023,20:00,Quarta,06,Santos,Vitória,2,0,Visitante,Leandro Pedro Vuaden,26.9,5.5,179.2,7.9,27.3,3.2,177.1,8.9,Estádio Urbano Caldeira,12499
Corinthians,2023,12,24/06/2023,16:00,Sábado,06,Athletico,Derrota,0,1,Visitante,Wagner do Nascimento Magalhaes,26.0,5.1,180.6,7.2,26.7,5.4,180.8,5.3,Arena da Baixada,30144
Corinthians,2023,13,02/07/2023,11:00,Domingo,07,Red Bull Bragantino,Derrota,0,1,Mandante,Edina Alves Batista,26.1,6.2,180.0,7.9,25.7,3.7,182.1,7.4,Neo Química Arena,42404
Corinthians,2023,14,08/07/2023,18:30,Sábado,07,Atlético Mineiro,Vitória,1,0,Visitante,Rodrigo Jose Pereira de Lima,27.5,6.8,182.2,6.8,29.9,4.3,180.8,6.7,Governador Magalhães Pinto,21086
Corinthians,2023,16,22/07/2023,18:30,Sábado,07,Bahia,Empate,0,0,Visitante,Andre Luiz Skettino Policarpo Bento,30.1,6.2,181.6,7.2,27.2,2.7,181.5,5.8,Arena Fonte Nova,43716
Corinthians,2023,17,29/07/2023,18:30,Sábado,07,Vasco da Gama,Vitória,3,1,Mandante,Leandro Pedro Vuaden,28.6,6.0,182.1,6.6,26.3,3.9,181.3,5.0,Neo Química Arena,N.A
Corinthians,2023,18,05/08/2023,18:30,Sábado,08,Internacional,Empate,2,2,Visitante,Wagner do Nascimento Magalhaes,28.6,6.9,179.6,7.9,28.3,5.2,181.1,5.5,Estádio Beira-Rio,22509
Corinthians,2023,19,13/08/2023,16:00,Domingo,08,Coritiba,Vitória,3,1,Mandante,Ramon Abatti Abel,28.5,7.1,180.7,7.8,28.9,4.2,182.7,7.2,Neo Química Arena,42171
Corinthians,2023,20,19/08/2023,21:00,Sábado,08,Cruzeiro,Empate,1,1,Visitante,Rafael Rodrigo Klein,24.8,5.8,181.6,6.9,28.5,3.3,181.2,4.7,Governador Magalhães Pinto,36202
Corinthians,2023,21,26/08/2023,21:00,Sábado,08,Goiás,Empate,1,1,Mandante,Paulo Cesar Zanovelli da Silva,25.4,5.8,180.8,6.6,28.3,3.0,181.1,6.7,Neo Química Arena,37316
Corinthians,2023,22,03/09/2023,16:00,Domingo,09,Palmeiras,Empate,0,0,Mandante,Anderson Daronco,28.1,6.8,182.9,6.4,28.9,3.8,178.3,7.0,Neo Química Arena,44371
Corinthians,2023,23,14/09/2023,19:00,Quinta,09,Fortaleza,Derrota,1,2,Visitante,Rodrigo Jose Pereira de Lima,25.4,6.5,180.8,7.6,30.7,3.1,178.3,5.2,Estádio Governador Plácido Castelo,32690
Corinthians,2023,15,18/09/2023,21:00,Segunda,09,Grêmio,Empate,4,4,Mandante,Wilton Pereira Sampaio,28.1,6.9,180.9,7.5,29.8,3.9,181.1,5.6,Neo Química Arena,35796
Corinthians,2023,24,22/09/2023,20:00,Sexta,09,Botafogo,Vitória,1,0,Mandante,Paulo Cesar Zanovelli da Silva,25.5,6.2,182.1,7.4,29.8,4.0,182.5,6.2,Neo Química Arena,37237
Corinthians,2023,25,30/09/2023,18:30,Sábado,09,São Paulo,Derrota,1,2,Visitante,Flavio Rodrigues De Souza,28.3,5.2,180.5,8.0,28.1,5.4,179.0,6.5,MorumBIS,56735
Corinthians,2023,26,07/10/2023,21:00,Sábado,10,Flamengo,Empate,1,1,Mandante,Anderson Daronco,28.4,7.0,184.1,5.5,27.8,3.6,184.4,6.0,Neo Química Arena,40800
Corinthians,2023,27,19/10/2023,21:30,Quinta,10,Fluminense,Empate,3,3,Visitante,Paulo Cesar Zanovelli da Silva,28.8,6.7,179.3,8.0,32.4,6.4,178.2,5.8,Estádio do Maracanã,35096
Corinthians,2023,28,22/10/2023,18:30,Domingo,10,América Mineiro,Empate,1,1,Mandante,Yuri Elino Ferreira Da Cruz,27.4,6.9,181.3,8.4,30.3,4.3,180.3,7.7,Neo Química Arena,38121
Corinthians,2023,29,25/10/2023,21:30,Quarta,10,Cuiabá,Vitória,1,0,Visitante,Andre Luiz Skettino Policarpo Bento,30.6,5.5,182.7,6.6,28.2,4.1,183.1,6.1,Arena Pantanal,36620
Corinthians,2023,30,29/10/2023,18:30,Domingo,10,Santos,Empate,1,1,Mandante,Anderson Daronco,31.5,5.2,181.3,7.8,28.0,4.1,178.7,8.1,Neo Química Arena,42248
Corinthians,2023,31,01/11/2023,19:00,Quarta,11,Athletico,Vitória,1,0,Mandante,Leandro Pedro Vuaden,29.8,6.0,181.0,8.3,27.4,5.3,181.6,4.5,Neo Química Arena,29870
Corinthians,2023,32,05/11/2023,16:00,Domingo,11,Red Bull Bragantino,Derrota,0,1,Visitante,Raphael Claus,30.4,5.4,180.5,7.5,25.3,3.0,179.8,5.3,Estádio Nabi Abi Chedid,10797
Corinthians,2023,33,09/11/2023,19:00,Quinta,11,Atlético Mineiro,Empate,1,1,Mandante,Braulio Da Silva Machado,30.1,6.3,183.1,6.6,27.6,3.0,178.5,6.6,Neo Química Arena,30348
Corinthians,2023,34,12/11/2023,16:00,Domingo,11,Grêmio,Vitória,1,0,Visitante,Rodrigo Jose Pereira de Lima,28.9,5.5,179.8,7.6,28.7,4.6,180.1,4.7,Arena do Grêmio,49459
Corinthians,2023,35,24/11/2023,21:00,Sexta,11,Bahia,Derrota,1,5,Mandante,Marcelo de Lima Henrique,31.7,5.1,180.5,8.3,27.6,2.8,179.8,6.4,Neo Química Arena,39403
Corinthians,2023,36,28/11/2023,21:30,Terça,11,Vasco da Gama,Vitória,4,2,Visitante,Savio Pereira Sampaio,30.0,6.2,180.8,7.3,28.9,4.8,180.0,5.9,Estádio São Januário,20220
Corinthians,2023,37,02/12/2023,18:00,Sábado,12,Internacional,Derrota,1,2,Mandante,Caio Max Augusto Vieira,30.9,6.5,181.7,7.9,30.5,4.5,177.4,6.2,Neo Química Arena,40583
Corinthians,2023,38,06/12/2023,21:30,Quarta,12,Coritiba,Vitória,2,0,Visitante,Jonathan Benkenstein Pinheiro,26.8,5.2,180.8,9.5,24.6,4.5,179.3,7.6,Estádio Major Antônio Couto Pereira,N.A
Corinthians,2024,1,14/04/2024,16:00,Domingo,04,Atlético Mineiro,Empate,0,0,Mandante,Yuri Elino Ferreira Da Cruz,28.0,5.0,182.1,7.8,29.7,4.0,180.5,6.4,Neo Química Arena,44285
Corinthians,2024,2,17/04/2024,20:00,Quarta,04,Juventude,Derrota,0,2,Visitante,Bruno Arleu de Araujo,28.7,4.9,181.1,8.5,29.5,4.9,181.3,7.3,Estádio Alfredo Jaconi,7478
Corinthians,2024,3,20/04/2024,18:30,Sábado,04,Red Bull Bragantino,Derrota,0,1,Visitante,Rafael Rodrigo Klein,28.2,4.0,181.7,7.8,24.0,3.4,179.3,6.2,Estádio Nabi Abi Chedid,9466
Corinthians,2024,4,28/04/2024,16:00,Domingo,04,Fluminense,Vitória,3,0,Mandante,Ramon Abatti Abel,27.0,4.9,181.5,8.7,31.7,7.1,178.4,5.3,Neo Química Arena,42119
Corinthians,2024,5,04/05/2024,21:00,Sábado,05,Fortaleza,Empate,0,0,Mandante,Felipe Fernandes de Lima,26.4,4.4,180.5,9.4,30.4,3.6,179.0,4.9,Neo Química Arena,42456
Corinthians,2024,6,11/05/2024,16:00,Sábado,05,Flamengo,Derrota,0,2,Visitante,Ramon Abatti Abel,27.6,5.3,182.6,9.5,27.0,3.1,181.0,8.8,Estádio do Maracanã,56829
Corinthians,2024,7,01/06/2024,21:00,Sábado,06,Botafogo,Derrota,0,1,Mandante,Anderson Daronco,25.1,3.5,181.5,8.9,28.4,4.2,181.8,7.5,Neo Química Arena,41281
Corinthians,2024,8,11/06/2024,19:00,Terça,06,Atlético Goianiense,Empate,2,2,Visitante,Paulo Cesar Zanovelli da Silva,25.5,3.9,182.2,9.6,26.7,2.7,184.7,7.0,Estádio Antônio Accioly,1208
Corinthians,2024,9,16/06/2024,16:00,Domingo,06,São Paulo,Empate,2,2,Mandante,Ramon Abatti Abel,24.9,3.5,181.1,9.3,29.5,4.0,179.0,6.2,Neo Química Arena,46129
Corinthians,2024,10,19/06/2024,21:30,Quarta,06,Internacional,Derrota,0,1,Visitante,Wagner do Nascimento Magalhaes,25.2,4.0,180.6,7.0,29.5,5.5,180.5,6.9,Orlando Scarpelli,14447
Corinthians,2024,11,23/06/2024,16:00,Domingo,06,Athletico,Empate,1,1,Visitante,Felipe Fernandes de Lima,24.2,3.2,180.8,5.8,28.6,5.5,182.0,6.7,Arena da Baixada,34682
Corinthians,2024,12,26/06/2024,20:00,Quarta,06,Cuiabá,Empate,1,1,Mandante,Fabio Augusto Santos Sa Junior,24.3,3.7,180.2,4.7,28.8,4.1,181.5,6.5,Neo Química Arena,38475
Corinthians,2024,13,01/07/2024,20:00,Segunda,07,Palmeiras,Derrota,0,2,Visitante,Anderson Daronco,24.2,3.8,182.5,5.5,25.9,6.1,180.8,5.3,Nubank Parque,41175
Corinthians,2024,14,04/07/2024,20:00,Quinta,07,Vitória,Vitória,3,2,Mandante,Gustavo Ervino Bauermann,26.5,4.3,180.6,7.0,26.9,2.5,178.5,7.3,Neo Química Arena,37689
Corinthians,2024,15,07/07/2024,16:00,Domingo,07,Cruzeiro,Derrota,0,3,Visitante,Alex Gomes Stefano,24.9,3.6,180.5,5.0,27.4,2.7,177.5,6.0,Governador Magalhães Pinto,55186
Corinthians,2024,16,10/07/2024,19:00,Quarta,07,Vasco da Gama,Derrota,0,2,Visitante,Rafael Rodrigo Klein,25.2,4.1,179.5,6.0,27.7,4.5,181.2,6.0,Estádio São Januário,23307
Corinthians,2024,17,16/07/2024,21:00,Terça,07,Criciúma,Vitória,2,1,Mandante,Jonathan Benkenstein Pinheiro,26.4,3.5,182.6,7.9,30.5,4.4,180.5,7.1,Neo Química Arena,43241
Corinthians,2024,18,21/07/2024,16:00,Domingo,07,Bahia,Vitória,1,0,Visitante,Felipe Fernandes de Lima,26.7,3.4,180.8,7.8,29.7,3.7,180.2,5.2,Arena Fonte Nova,48346
Corinthians,2024,19,25/07/2024,20:00,Quinta,07,Grêmio,Empate,2,2,Mandante,Alex Gomes Stefano,26.5,3.3,181.0,7.9,31.5,3.2,178.0,7.6,Neo Química Arena,45183
Corinthians,2024,20,28/07/2024,19:00,Domingo,07,Atlético Mineiro,Derrota,1,2,Visitante,Bruno Arleu de Araujo,27.9,3.9,180.5,8.2,29.2,4.2,180.1,8.0,Arena MRV,44048
Corinthians,2024,21,04/08/2024,16:00,Domingo,08,Juventude,Empate,1,1,Mandante,Lucas Paulo Torezin,27.6,4.5,180.8,8.1,28.5,3.5,181.0,8.0,Neo Química Arena,43947
Corinthians,2024,22,10/08/2024,21:30,Sábado,08,Red Bull Bragantino,Empate,1,1,Mandante,Felipe Fernandes de Lima,27.9,4.9,179.6,8.0,24.9,2.8,182.3,5.2,Neo Química Arena,42018
Corinthians,2024,23,17/08/2024,21:00,Sábado,08,Fluminense,Empate,0,0,Visitante,Braulio Da Silva Machado,26.0,3.0,182.2,8.9,26.9,8.5,180.5,6.6,Estádio do Maracanã,30475
Corinthians,2024,24,25/08/2024,16:00,Domingo,08,Fortaleza,Derrota,0,1,Visitante,Felipe Fernandes de Lima,26.0,3.0,182.2,8.9,30.2,3.5,179.5,5.2,Estádio Governador Plácido Castelo,51297
Corinthians,2024,25,01/09/2024,16:00,Domingo,09,Flamengo,Vitória,2,1,Mandante,Ramon Abatti Abel,28.0,3.5,181.5,8.3,29.9,3.0,184.4,6.6,Neo Química Arena,45635
Corinthians,2024,26,14/09/2024,21:00,Sábado,09,Botafogo,Derrota,1,2,Visitante,Anderson Daronco,27.6,3.4,181.7,8.6,28.1,3.8,181.4,8.1,Estádio Nilton Santos,32718
Corinthians,2024,27,21/09/2024,16:00,Sábado,09,Atlético Goianiense,Vitória,3,0,Mandante,Bruno Arleu de Araujo,27.6,4.2,181.5,9.1,27.3,3.0,182.7,7.7,Neo Química Arena,46001
Corinthians,2024,28,29/09/2024,16:00,Domingo,09,São Paulo,Derrota,1,3,Visitante,Rafael Rodrigo Klein,27.7,4.3,180.3,8.0,31.5,4.8,179.8,7.0,Arena BRB Mané Garrincha,25888
Corinthians,2024,29,05/10/2024,19:00,Sábado,10,Internacional,Empate,2,2,Mandante,Lucas Paulo Torezin,26.9,3.9,181.0,8.6,26.5,4.9,178.5,6.7,Neo Química Arena,44866
Corinthians,2024,30,17/10/2024,20:00,Quinta,10,Athletico,Vitória,5,2,Mandante,Wilton Pereira Sampaio,27.1,4.0,179.8,7.4,27.2,4.9,180.6,6.1,Neo Química Arena,44399
Corinthians,2024,31,28/10/2024,19:00,Segunda,10,Cuiabá,Vitória,1,0,Visitante,Bruno Arleu de Araujo,26.4,3.5,181.0,8.2,29.7,3.8,180.5,6.1,Arena Pantanal,16680
Corinthians,2024,32,04/11/2024,20:00,Segunda,11,Palmeiras,Vitória,2,0,Mandante,Wilton Pereira Sampaio,28.2,2.9,182.3,8.2,27.4,6.0,181.5,5.2,Neo Química Arena,46085
Corinthians,2024,33,09/11/2024,16:30,Sábado,11,Vitória,Vitória,2,1,Visitante,Bruno Arleu de Araujo,29.0,3.4,181.4,9.1,27.1,2.3,178.0,7.6,Estádio Manoel Barradas,30973
Corinthians,2024,34,20/11/2024,11:00,Quarta,11,Cruzeiro,Vitória,2,1,Mandante,Jonathan Benkenstein Pinheiro,27.5,4.1,181.4,8.5,25.9,3.5,178.1,7.2,Neo Química Arena,46056
Corinthians,2024,35,24/11/2024,16:00,Domingo,11,Vasco da Gama,Vitória,3,1,Mandante,Davi de Oliveira Lacerda,27.5,4.4,181.7,8.5,28.5,4.7,179.8,5.7,Neo Química Arena,46083
Corinthians,2024,36,30/11/2024,19:30,Sábado,11,Criciúma,Vitória,4,2,Visitante,Anderson Daronco,27.5,4.1,181.4,8.5,30.5,3.7,181.9,5.5,Estádio Heriberto Hülse,18075
Corinthians,2024,37,03/12/2024,20:00,Terça,12,Bahia,Vitória,3,0,Mandante,Bruno Arleu de Araujo,27.5,4.1,181.4,8.5,27.8,3.9,179.5,6.0,Neo Química Arena,46263
Corinthians,2024,38,08/12/2024,16:00,Domingo,12,Grêmio,Vitória,3,0,Visitante,Paulo Cesar Zanovelli da Silva,27.0,3.9,180.5,7.5,31.3,4.0,179.3,10.2,Arena do Grêmio,42945
Corinthians,2025,1,30/03/2025,20:00,Domingo,03,Bahia,Empate,1,1,Visitante,Bruno Arleu de Araujo,26.2,4.3,181.3,3.6,27.5,3.9,179.1,6.7,Arena Fonte Nova,41898
Corinthians,2025,2,05/04/2025,18:30,Sábado,04,Vasco da Gama,Vitória,3,0,Mandante,Anderson Daronco,27.7,4.4,179.2,5.9,27.4,5.0,181.3,4.5,Neo Química Arena,43250
Corinthians,2025,3,12/04/2025,18:30,Sábado,04,Palmeiras,Derrota,0,2,Visitante,Rafael Rodrigo Klein,27.3,4.2,179.6,5.0,26.6,5.2,182.5,5.8,Nubank Parque,19297
Corinthians,2025,4,16/04/2025,19:30,Quarta,04,Fluminense,Derrota,0,2,Mandante,Rodrigo Jose Pereira de Lima,28.1,4.3,182.2,6.2,30.1,6.4,178.8,7.6,Neo Química Arena,34624
Corinthians,2025,5,19/04/2025,16:00,Sábado,04,Sport Recife,Vitória,2,1,Mandante,Anderson Daronco,27.8,4.7,182.9,5.3,26.7,3.1,182.0,4.7,Neo Química Arena,44996
Corinthians,2025,6,27/04/2025,16:00,Domingo,04,Flamengo,Derrota,0,4,Visitante,Ramon Abatti Abel,28.9,4.3,182.8,7.7,28.4,2.4,181.6,7.7,Estádio do Maracanã,67501
Corinthians,2025,7,03/05/2025,18:30,Sábado,05,Internacional,Vitória,4,2,Mandante,Paulo Cesar Zanovelli da Silva,29.0,3.4,181.2,6.8,28.7,5.6,179.7,6.1,Neo Química Arena,44931
Corinthians,2025,8,10/05/2025,18:30,Sábado,05,Mirassol,Derrota,1,2,Visitante,Joao Vitor Gobi,28.2,3.6,180.7,8.0,30.6,3.8,180.5,6.2,Estádio José Maria de Campos Maia,11584
Corinthians,2025,9,18/05/2025,16:00,Domingo,05,Santos,Vitória,1,0,Mandante,Raphael Claus,28.6,4.1,182.0,7.2,29.4,3.9,177.7,9.0,Neo Química Arena,46535
Corinthians,2025,10,24/05/2025,21:00,Sábado,05,Atlético Mineiro,Empate,0,0,Visitante,Rafael Rodrigo Klein,26.6,3.7,181.5,8.6,29.4,5.1,178.5,8.6,Arena MRV,38154
Corinthians,2025,11,01/06/2025,18:30,Domingo,06,Vitória,Empate,0,0,Mandante,Felipe Fernandes de Lima,27.0,3.5,180.8,7.5,26.7,1.4,182.7,6.0,Neo Química Arena,44579
Corinthians,2025,12,12/06/2025,20:00,Quinta,06,Grêmio,Empate,1,1,Visitante,Davi de Oliveira Lacerda,26.6,3.8,180.5,7.9,28.0,4.8,180.3,6.9,Arena do Grêmio,20465
Corinthians,2025,13,13/07/2025,19:00,Domingo,07,Red Bull Bragantino,Derrota,1,2,Mandante,Bruno Arleu de Araujo,29.2,3.1,180.9,8.7,27.0,3.7,178.2,6.8,Neo Química Arena,34211
Corinthians,2025,14,16/07/2025,19:30,Quarta,07,Ceará,Vitória,1,0,Visitante,Paulo Cesar Zanovelli da Silva,26.0,4.1,180.7,7.6,29.5,3.0,180.2,7.1,Estádio Governador Plácido Castelo,35410
Corinthians,2025,15,19/07/2025,21:00,Sábado,07,São Paulo,Derrota,0,2,Visitante,Anderson Daronco,28.9,3.9,180.7,7.2,30.4,3.9,180.5,7.0,MorumBIS,37566
Corinthians,2025,16,23/07/2025,19:30,Quarta,07,Cruzeiro,Empate,0,0,Mandante,Alex Gomes Stefano,27.8,3.9,181.6,8.8,29.4,4.3,179.2,7.9,Neo Química Arena,31232
Corinthians,2025,17,26/07/2025,18:30,Sábado,07,Botafogo,Empate,1,1,Visitante,Rodrigo Jose Pereira de Lima,26.8,4.7,184.7,6.2,27.4,5.0,184.0,7.6,Estádio Nilton Santos,27087
Corinthians,2025,18,03/08/2025,16:00,Domingo,08,Fortaleza,Empate,1,1,Mandante,Felipe Fernandes de Lima,26.5,4.9,182.5,7.9,29.5,4.8,180.4,7.6,Neo Química Arena,34805
Corinthians,2025,19,11/08/2025,20:00,Segunda,08,Juventude,Derrota,1,2,Visitante,Lucas Casagrande,27.2,3.8,182.0,8.5,28.7,5.0,180.6,8.0,Estádio Alfredo Jaconi,8679
Corinthians,2025,20,16/08/2025,21:00,Sábado,08,Bahia,Derrota,1,2,Mandante,Paulo Cesar Zanovelli da Silva,26.5,4.7,181.0,8.5,28.2,3.4,181.5,7.0,Neo Química Arena,38277
Corinthians,2025,21,24/08/2025,16:00,Domingo,08,Vasco da Gama,Vitória,3,2,Visitante,Rodrigo Jose Pereira de Lima,26.4,4.5,182.0,8.4,28.0,4.0,179.1,5.0,Estádio São Januário,20329
Corinthians,2025,22,31/08/2025,18:30,Domingo,08,Palmeiras,Empate,1,1,Mandante,Ramon Abatti Abel,28.0,4.5,183.2,7.7,28.0,4.6,180.9,5.7,Neo Química Arena,45273
Corinthians,2025,23,13/09/2025,21:00,Sábado,09,Fluminense,Vitória,1,0,Visitante,Felipe Fernandes de Lima,27.1,4.8,180.5,9.0,30.3,7.0,181.9,6.6,Estádio do Maracanã,21091
Corinthians,2025,24,21/09/2025,17:30,Domingo,09,Sport Recife,Derrota,0,1,Visitante,Savio Pereira Sampaio,28.4,3.9,181.5,8.4,28.5,4.8,181.3,8.8,Ilha do Retiro,25504
Corinthians,2025,25,28/09/2025,20:30,Domingo,09,Flamengo,Derrota,1,2,Mandante,Wilton Pereira Sampaio,25.8,4.1,182.4,8.9,29.3,2.4,181.5,7.2,Neo Química Arena,40629
Corinthians,2025,26,01/10/2025,19:30,Quarta,10,Internacional,Empate,1,1,Visitante,Rodrigo Jose Pereira de Lima,26.6,4.4,182.2,8.5,28.0,5.0,178.5,6.6,Estádio Beira-Rio,12825
Corinthians,2025,27,04/10/2025,21:00,Sábado,10,Mirassol,Vitória,3,0,Mandante,Felipe Fernandes de Lima,25.9,4.1,182.4,8.9,30.2,4.2,179.1,7.4,Neo Química Arena,38654
Corinthians,2025,28,15/10/2025,21:30,Quarta,10,Santos,Derrota,1,3,Visitante,Flavio Rodrigues De Souza,25.5,4.5,182.8,6.9,28.6,2.6,179.8,7.1,Estádio Urbano Caldeira,13123
Corinthians,2025,29,18/10/2025,18:30,Sábado,10,Atlético Mineiro,Vitória,1,0,Mandante,Alex Gomes Stefano,26.2,3.0,180.9,8.4,30.1,4.6,181.8,6.3,Neo Química Arena,39228
Corinthians,2025,30,25/10/2025,16:00,Sábado,10,Vitória,Vitória,1,0,Visitante,Wilton Pereira Sampaio,27.3,4.7,181.9,7.1,27.7,3.4,180.5,6.4,Estádio Manoel Barradas,27783
Corinthians,2025,31,02/11/2025,16:00,Domingo,11,Grêmio,Vitória,2,0,Mandante,Davi de Oliveira Lacerda,28.3,3.7,182.0,9.3,28.4,4.4,179.9,7.2,Neo Química Arena,42081
Corinthians,2025,32,05/11/2025,19:00,Quarta,11,Red Bull Bragantino,Derrota,1,2,Visitante,Edina Alves Batista,26.5,4.1,181.1,7.8,27.8,3.4,180.9,8.8,Estádio Cícero de Souza Marques,8109
Corinthians,2025,33,09/11/2025,16:00,Domingo,11,Ceará,Derrota,0,1,Mandante,Felipe Fernandes de Lima,26.4,4.9,178.7,7.5,28.8,3.7,180.4,7.5,Neo Química Arena,39926
Corinthians,2025,34,20/11/2025,19:30,Quinta,11,São Paulo,Vitória,3,1,Mandante,Anderson Daronco,26.2,5.2,182.0,7.4,31.1,4.8,181.2,5.7,Neo Química Arena,46154
Corinthians,2025,35,23/11/2025,20:30,Domingo,11,Cruzeiro,Derrota,0,3,Visitante,Alex Gomes Stefano,25.6,4.5,182.7,7.0,28.7,5.1,179.3,7.8,Governador Magalhães Pinto,30673
Corinthians,2025,36,30/11/2025,16:00,Domingo,11,Botafogo,Empate,2,2,Mandante,Jonathan Benkenstein Pinheiro,26.2,4.6,181.7,9.6,26.6,4.9,182.1,7.7,Neo Química Arena,37959
Corinthians,2025,37,03/12/2025,19:00,Quarta,12,Fortaleza,Derrota,1,2,Visitante,Savio Pereira Sampaio,25.8,5.5,181.4,8.5,29.1,3.9,179.0,4.7,Estádio Governador Plácido Castelo,56014
Corinthians,2025,38,07/12/2025,16:00,Domingo,12,Juventude,Empate,1,1,Mandante,Felipe Fernandes de Lima,27.9,4.6,183.5,5.1,30.0,5.7,179.5,4.8,Neo Química Arena,31003
Cruzeiro,2015,1,10/05/2015,16:00,Domingo,05,Corinthians,Derrota,0,1,Mandante,Anderson Daronco,26.7,4.1,177.9,7.6,28.0,4.9,181.5,6.6,Governador Magalhães Pinto,8975
Cruzeiro,2015,2,17/05/2015,16:00,Domingo,05,Santos,Derrota,0,1,Visitante,Pericles Bassols Pegado Cortez,N.A,N.A,N.A,N.A,N.A,N.A,N.A,N.A,Estádio Urbano Caldeira,7246
Cruzeiro,2015,3,24/05/2015,18:30,Domingo,05,Ponte Preta,Empate,1,1,Mandante,Anderson Daronco,N.A,N.A,N.A,N.A,N.A,N.A,N.A,N.A,Governador Magalhães Pinto,9639
Cruzeiro,2015,4,31/05/2015,18:30,Domingo,05,Figueirense,Derrota,1,2,Visitante,Elmo Alves Resende Cunha,26.6,4.2,178.4,6.6,27.0,3.8,182.0,7.3,Orlando Scarpelli,6211
Cruzeiro,2015,5,03/06/2015,22:00,Quarta,06,Flamengo,Vitória,1,0,Mandante,Luiz Flávio de Oliveira,26.8,4.2,177.7,7.2,27.1,3.6,178.9,6.3,Governador Magalhães Pinto,12071
Cruzeiro,2015,6,06/06/2015,18:30,Sábado,06,Atlético Mineiro,Vitória,3,1,Visitante,Marcelo de Lima Henrique,26.7,4.2,177.8,6.7,26.6,4.6,180.2,7.7,Arena Independência,20092
Cruzeiro,2015,7,13/06/2015,21:00,Sábado,06,Vasco da Gama,Vitória,3,1,Visitante,Leandro Pedro Vuaden,26.6,4.4,178.5,6.7,27.8,5.4,179.2,5.1,Estádio São Januário,5505
Cruzeiro,2015,8,21/06/2015,11:00,Domingo,06,Chapecoense,Derrota,0,1,Mandante,Pericles Bassols Pegado Cortez,26.7,4.4,179.0,6.6,28.6,2.5,180.3,7.3,Governador Magalhães Pinto,33643
Cruzeiro,2015,9,28/06/2015,16:00,Domingo,06,Coritiba,Derrota,0,1,Visitante,Raphael Claus,26.3,4.8,179.3,6.9,27.6,4.5,178.2,5.5,Estádio Major Antônio Couto Pereira,12395
Cruzeiro,2015,10,01/07/2015,22:00,Quarta,07,Grêmio,Derrota,0,1,Visitante,Marcelo Aparecido Ribeiro de Souza,27.5,3.7,179.4,6.1,26.4,4.1,183.1,6.2,Arena do Grêmio,22517
Cruzeiro,2015,11,04/07/2015,21:00,Sábado,07,Athletico,Vitória,2,0,Mandante,Luiz Flávio de Oliveira,N.A,N.A,N.A,N.A,N.A,N.A,N.A,N.A,Governador Magalhães Pinto,7427
Cruzeiro,2015,12,09/07/2015,21:00,Quinta,07,Fluminense,Derrota,0,1,Visitante,Heber Roberto Lopes,27.2,4.3,180.5,5.9,27.2,5.2,180.5,7.9,Estádio do Maracanã,16391
Cruzeiro,2015,13,12/07/2015,16:00,Domingo,07,Goiás,Vitória,1,0,Mandante,Emerson Luiz Sobral,N.A,N.A,N.A,N.A,N.A,N.A,N.A,N.A,Governador Magalhães Pinto,10675
Cruzeiro,2015,14,19/07/2015,18:30,Domingo,07,Avaí,Empate,1,1,Mandante,,27.7,5.0,179.0,6.2,26.4,5.2,179.8,6.8,Governador Magalhães Pinto,7236
Cruzeiro,2015,15,26/07/2015,16:00,Domingo,07,São Paulo,Derrota,0,1,Visitante,Marcelo de Lima Henrique,28.5,4.5,178.6,6.4,25.7,6.4,180.1,4.9,MorumBIS,33905
Cruzeiro,2015,16,02/08/2015,18:30,Domingo,08,Sport Recife,Empate,0,0,Visitante,Leandro Pedro Vuaden,27.4,4.1,178.0,6.0,27.2,4.2,180.0,7.8,Ilha do Retiro,28019
Cruzeiro,2015,17,09/08/2015,16:00,Domingo,08,Palmeiras,Vitória,2,1,Mandante,Wilton Pereira Sampaio,27.7,3.7,179.6,6.2,28.5,3.6,181.0,9.0,Governador Magalhães Pinto,20839
Cruzeiro,2015,18,13/08/2015,21:00,Quinta,08,Joinville,Derrota,0,3,Visitante,Leandro Pedro Vuaden,N.A,N.A,N.A,N.A,N.A,N.A,N.A,N.A,Arena Joinville,10498
Cruzeiro,2015,19,16/08/2015,16:00,Domingo,08,Internacional,Empate,0,0,Mandante,Luiz Flávio de Oliveira,27.5,4.0,178.5,5.4,24.1,3.3,181.8,5.8,Governador Magalhães Pinto,14166
Cruzeiro,2015,20,23/08/2015,16:00,Domingo,08,Corinthians,Derrota,0,3,Visitante,Pericles Bassols Pegado Cortez,27.8,3.7,180.5,5.8,27.4,3.4,179.4,9.4,Neo Química Arena,41014
Cruzeiro,2015,21,30/08/2015,18:30,Domingo,08,Santos,Derrota,0,1,Mandante,Rodolpho Toski Marques,N.A,N.A,N.A,N.A,N.A,N.A,N.A,N.A,Governador Magalhães Pinto,8271
Cruzeiro,2015,22,02/09/2015,19:30,Quarta,09,Ponte Preta,Vitória,2,1,Visitante,Emerson Luiz Sobral,28.1,4.7,180.0,6.8,26.9,3.5,177.4,7.0,Moisés Lucarelli,5343
Cruzeiro,2015,23,06/09/2015,11:00,Domingo,09,Figueirense,Vitória,5,1,Mandante,Jailson Macedo Freitas,27.8,5.0,179.0,6.5,25.2,3.5,180.8,4.6,Governador Magalhães Pinto,39040
Cruzeiro,2015,24,10/09/2015,21:00,Quinta,09,Flamengo,Derrota,0,2,Visitante,Marcelo Aparecido Ribeiro de Souza,28.0,5.1,179.3,6.8,26.4,4.5,180.6,5.3,Estádio do Maracanã,38539
Cruzeiro,2015,25,13/09/2015,16:00,Domingo,09,Atlético Mineiro,Empate,1,1,Mandante,Leandro Pedro Vuaden,28.9,3.7,178.8,5.8,27.7,4.3,180.2,7.7,Governador Magalhães Pinto,45991
Cruzeiro,2015,26,16/09/2015,22:00,Quarta,09,Vasco da Gama,Empate,2,2,Mandante,Thiago Duarte Peixoto,28.3,4.5,178.2,6.6,28.8,4.7,181.8,4.9,Governador Magalhães Pinto,19888
Cruzeiro,2015,27,20/09/2015,18:30,Domingo,09,Chapecoense,Vitória,2,0,Visitante,Wagner do Nascimento Magalhaes,27.7,4.1,181.3,6.5,27.7,3.5,179.0,5.8,Arena Condá,5915
Cruzeiro,2015,28,27/09/2015,18:30,Domingo,09,Coritiba,Vitória,2,0,Mandante,Flavio Rodrigues De Souza,28.8,4.5,180.5,6.1,26.8,4.3,177.3,6.8,Governador Magalhães Pinto,22897
Cruzeiro,2015,29,04/10/2015,16:00,Domingo,10,Grêmio,Empate,0,0,Mandante,Heber Roberto Lopes,27.9,3.7,182.8,5.3,26.8,4.3,182.8,6.0,Governador Magalhães Pinto,29294
Cruzeiro,2015,30,14/10/2015,22:00,Quarta,10,Athletico,Empate,2,2,Visitante,Wagner do Nascimento Magalhaes,27.6,3.7,182.6,5.8,24.2,3.3,180.6,6.0,Arena da Baixada,11591
Cruzeiro,2015,31,18/10/2015,10:00,Domingo,10,Fluminense,Vitória,2,0,Mandante,Andre Luiz de Freitas Castro,28.6,4.5,180.4,5.7,25.4,5.4,180.1,6.8,Governador Magalhães Pinto,38577
Cruzeiro,2015,32,25/10/2015,17:00,Domingo,10,Goiás,Vitória,1,0,Visitante,Nielson Nogueira Dias,29.2,4.4,180.5,6.3,25.6,4.1,179.8,4.6,Serra Dourada,13101
Cruzeiro,2015,33,31/10/2015,18:30,Sábado,10,Avaí,Empate,1,1,Visitante,Raphael Claus,28.7,4.5,179.7,6.0,25.1,3.8,179.5,8.3,Estádio da Ressacada,5345
Cruzeiro,2015,34,08/11/2015,16:00,Domingo,11,São Paulo,Vitória,2,1,Mandante,Marcelo de Lima Henrique,28.8,4.2,179.1,6.7,27.1,4.2,182.5,4.2,Governador Magalhães Pinto,33417
Cruzeiro,2015,35,15/11/2015,16:00,Domingo,11,Sport Recife,Vitória,3,0,Mandante,Marielson Alves Silva,28.8,4.3,180.0,5.7,27.0,4.8,182.5,5.9,Governador Magalhães Pinto,25851
Cruzeiro,2015,36,21/11/2015,18:30,Sábado,11,Palmeiras,Empate,1,1,Visitante,Elmo Alves Resende Cunha,28.7,4.4,179.9,5.8,26.3,5.0,179.3,6.7,Nubank Parque,19395
Cruzeiro,2015,37,29/11/2015,16:00,Domingo,11,Joinville,Vitória,3,0,Mandante,Rodolpho Toski Marques,29.0,4.4,180.3,6.0,26.2,6.0,180.8,6.2,Governador Magalhães Pinto,24933
Cruzeiro,2015,38,06/12/2015,16:00,Domingo,12,Internacional,Derrota,0,2,Visitante,Andre Luiz de Freitas Castro,25.9,2.8,179.5,6.7,26.2,4.5,180.8,5.9,Estádio Beira-Rio,34815
Cruzeiro,2016,1,14/05/2016,21:00,Sábado,05,Coritiba,Derrota,0,1,Visitante,Jean Pierre Goncalves Lima,27.4,4.2,176.8,7.4,27.8,5.2,177.4,6.9,Estádio Major Antônio Couto Pereira,6028
Cruzeiro,2016,2,21/05/2016,21:00,Sábado,05,Figueirense,Empate,2,2,Mandante,Reway Wagner,26.4,4.5,178.2,7.8,26.9,3.0,181.2,5.8,Governador Magalhães Pinto,12647
Cruzeiro,2016,3,25/05/2016,21:45,Quarta,05,Santa Cruz,Derrota,1,4,Visitante,Anderson Daronco,27.3,4.3,180.2,7.1,29.8,4.4,181.2,6.0,Estádio do Arruda,16331
Cruzeiro,2016,4,28/05/2016,16:00,Sábado,05,América Mineiro,Empate,1,1,Mandante,Dewson Fernando Freitas da Silva,26.6,4.3,179.9,7.1,27.5,4.0,180.3,6.1,Governador Magalhães Pinto,11266
Cruzeiro,2016,5,01/06/2016,21:45,Quarta,06,Botafogo,Vitória,1,0,Visitante,Elmo Alves Resende Cunha,27.1,4.5,177.4,7.0,25.6,5.1,180.7,6.5,Estádio Luso Brasileiro,7057
Cruzeiro,2016,6,05/06/2016,18:30,Domingo,06,São Paulo,Derrota,0,1,Mandante,Andre Luiz de Freitas Castro,27.1,4.4,176.5,7.2,26.7,4.0,183.1,5.8,Governador Magalhães Pinto,18880
Cruzeiro,2016,7,12/06/2016,16:00,Domingo,06,Atlético Mineiro,Vitória,3,2,Visitante,Marcelo Aparecido Ribeiro de Souza,26.6,4.6,177.7,6.7,29.1,5.0,180.5,7.0,Arena Independência,19484
Cruzeiro,2016,8,15/06/2016,21:45,Quarta,06,Flamengo,Derrota,0,1,Mandante,Raphael Claus,25.9,5.3,183.3,5.8,25.7,3.8,181.5,6.1,Governador Magalhães Pinto,17593
Cruzeiro,2016,9,19/06/2016,19:00,Domingo,06,Grêmio,Derrota,0,2,Visitante,Thiago Duarte Peixoto,25.8,4.6,178.8,7.2,27.0,4.3,180.5,7.2,Arena do Grêmio,14658
Cruzeiro,2016,10,22/06/2016,19:30,Quarta,06,Ponte Preta,Vitória,4,0,Visitante,Dewson Fernando Freitas da Silva,26.1,4.7,179.8,6.8,29.2,3.7,178.4,8.1,Moisés Lucarelli,4183
Cruzeiro,2016,11,25/06/2016,19:00,Sábado,06,Palmeiras,Vitória,2,1,Mandante,Leandro Pedro Vuaden,26.0,4.7,179.0,7.2,27.4,5.8,181.0,6.9,Governador Magalhães Pinto,18082
Cruzeiro,2016,12,29/06/2016,21:00,Quarta,06,Chapecoense,Derrota,2,3,Visitante,Rodolpho Toski Marques,25.2,4.6,178.8,8.7,28.7,3.9,179.5,6.7,Arena Condá,6774
Cruzeiro,2016,13,03/07/2016,11:00,Domingo,07,Vitória,Empate,2,2,Mandante,Pericles Bassols Pegado Cortez,24.9,4.4,179.1,8.2,26.5,4.3,180.3,8.9,Governador Magalhães Pinto,43821
Cruzeiro,2016,14,11/07/2016,20:00,Segunda,07,Athletico,Derrota,0,3,Mandante,Anderson Daronco,28.9,3.9,179.2,6.6,25.4,3.0,180.5,6.6,Governador Magalhães Pinto,32042
Cruzeiro,2016,15,17/07/2016,16:00,Domingo,07,Fluminense,Derrota,0,2,Visitante,Wilton Pereira Sampaio,28.1,4.5,180.8,5.9,26.9,4.6,180.0,8.2,Estádio Giulite Coutinho,9681
Cruzeiro,2016,16,24/07/2016,16:00,Domingo,07,Sport Recife,Derrota,1,2,Mandante,Leandro Pedro Vuaden,29.4,3.2,179.5,5.7,28.8,5.0,179.3,7.3,Governador Magalhães Pinto,18861
Cruzeiro,2016,17,31/07/2016,16:00,Domingo,07,Santos,Derrota,0,2,Visitante,Reway Wagner,28.6,3.7,179.5,6.9,27.4,5.6,183.9,6.1,Estádio Urbano Caldeira,13830
Cruzeiro,2016,18,04/08/2016,21:00,Quinta,08,Internacional,Vitória,4,2,Mandante,Raphael Claus,28.4,3.8,180.1,6.4,26.7,3.0,180.0,5.9,Arena Independência,12454
Cruzeiro,2016,19,08/08/2016,21:00,Segunda,08,Corinthians,Empate,1,1,Visitante,Dewson Fernando Freitas da Silva,27.8,3.4,179.8,6.8,26.7,2.1,180.0,7.2,Neo Química Arena,34487
Cruzeiro,2016,20,14/08/2016,16:00,Domingo,08,Coritiba,Empate,2,2,Mandante,Jailson Macedo Freitas,29.1,3.9,177.9,6.1,27.5,5.3,178.7,7.1,Governador Magalhães Pinto,13814
Cruzeiro,2016,21,21/08/2016,18:30,Domingo,08,Figueirense,Vitória,2,1,Visitante,Joao Batista de Arruda,27.2,3.8,178.0,7.3,27.8,4.5,180.5,8.6,Orlando Scarpelli,2578
Cruzeiro,2016,22,28/08/2016,11:00,Domingo,08,Santa Cruz,Vitória,2,0,Mandante,Sandro Meira Ricci,27.7,3.0,178.5,7.4,29.2,4.9,181.4,7.8,Governador Magalhães Pinto,46591
Cruzeiro,2016,23,08/09/2016,21:00,Quinta,09,América Mineiro,Vitória,2,0,Visitante,Igor Junio Benevenuto,28.7,2.8,178.9,7.3,26.8,3.0,180.5,5.9,Arena Independência,5651
Cruzeiro,2016,24,11/09/2016,16:00,Domingo,09,Botafogo,Derrota,0,2,Mandante,Rafael Traci,28.5,2.6,179.6,6.4,27.7,4.7,181.0,7.4,Governador Magalhães Pinto,26611
Cruzeiro,2016,25,15/09/2016,21:00,Quinta,09,São Paulo,Derrota,0,1,Visitante,Diego Almeida Real,29.2,2.8,176.7,7.7,26.6,2.3,178.8,6.8,MorumBIS,15566
Cruzeiro,2016,26,18/09/2016,16:00,Domingo,09,Atlético Mineiro,Empate,1,1,Mandante,Braulio Da Silva Machado,28.7,2.5,179.8,6.5,29.5,4.4,180.7,8.8,Governador Magalhães Pinto,43381
Cruzeiro,2016,27,25/09/2016,16:00,Domingo,09,Flamengo,Derrota,1,2,Visitante,Leandro Pedro Vuaden,27.5,3.4,178.3,6.8,28.5,3.6,180.6,6.7,Estádio Kleber Andrade,15680
Cruzeiro,2016,28,01/10/2016,18:30,Sábado,10,Grêmio,Vitória,1,0,Mandante,Elmo Alves Resende Cunha,29.3,2.6,179.7,7.1,25.8,4.4,180.5,7.5,Governador Magalhães Pinto,16678
Cruzeiro,2016,29,08/10/2016,21:00,Sábado,10,Ponte Preta,Vitória,2,0,Mandante,Anderson Daronco,28.7,3.2,177.9,7.5,28.5,4.9,181.5,7.0,Governador Magalhães Pinto,15425
Cruzeiro,2016,30,13/10/2016,19:30,Quinta,10,Palmeiras,Empate,0,0,Visitante,Jailson Macedo Freitas,28.2,3.4,177.5,7.5,28.4,6.6,179.1,6.6,Estádio Fonte Luminosa,15709
Cruzeiro,2016,31,16/10/2016,16:00,Domingo,10,Chapecoense,Empate,0,0,Mandante,Luiz Flávio de Oliveira,29.2,2.8,177.5,7.6,28.4,4.4,179.8,6.9,Governador Magalhães Pinto,14761
Cruzeiro,2016,32,23/10/2016,16:00,Domingo,10,Vitória,Vitória,1,0,Visitante,Thiago Duarte Peixoto,26.1,2.7,180.5,6.6,25.2,3.8,180.4,6.2,Estádio Manoel Barradas,27489
Cruzeiro,2016,33,29/10/2016,15:30,Sábado,10,Athletico,Derrota,0,1,Visitante,Marcelo Aparecido Ribeiro de Souza,25.8,3.1,179.6,7.8,26.7,4.9,182.2,6.3,Arena da Baixada,17702
Cruzeiro,2016,34,06/11/2016,16:00,Domingo,11,Fluminense,Vitória,4,2,Mandante,Elmo Alves Resende Cunha,27.5,3.5,178.6,7.4,26.9,3.7,181.4,6.5,Governador Magalhães Pinto,7735
Cruzeiro,2016,35,16/11/2016,20:45,Quarta,11,Sport Recife,Vitória,1,0,Visitante,Thiago Duarte Peixoto,27.0,3.4,178.5,7.0,27.4,5.4,178.5,7.5,Ilha do Retiro,10458
Cruzeiro,2016,36,20/11/2016,16:00,Domingo,11,Santos,Empate,2,2,Mandante,Heber Roberto Lopes,26.9,3.0,177.8,7.5,28.0,5.6,182.0,7.0,Governador Magalhães Pinto,13902
Cruzeiro,2016,37,27/11/2016,16:00,Domingo,11,Internacional,Derrota,0,1,Visitante,Marcelo Aparecido Ribeiro de Souza,27.0,2.9,177.9,7.3,27.2,4.0,180.8,5.0,Estádio Beira-Rio,25352
Cruzeiro,2016,38,11/12/2016,16:00,Domingo,12,Corinthians,Vitória,3,2,Mandante,Reway Wagner,27.7,3.1,179.6,6.2,27.7,2.4,180.2,6.0,Governador Magalhães Pinto,16074
Cruzeiro,2017,1,14/05/2017,16:00,Domingo,05,São Paulo,Vitória,1,0,Mandante,Marcelo de Lima Henrique,28.4,4.3,178.3,7.5,24.9,3.2,182.5,6.9,Governador Magalhães Pinto,11416
Cruzeiro,2017,2,21/05/2017,19:00,Domingo,05,Sport Recife,Empate,1,1,Visitante,Joao Batista de Arruda,28.4,4.3,178.3,7.5,29.5,5.4,178.5,7.4,Ilha do Retiro,3484
Cruzeiro,2017,3,28/05/2017,16:00,Domingo,05,Santos,Vitória,1,0,Visitante,Eduardo Tomaz de Aquino Valadao,28.6,4.3,181.3,7.4,28.2,5.8,180.3,9.0,Estádio Urbano Caldeira,7025
Cruzeiro,2017,4,04/06/2017,19:00,Domingo,06,Chapecoense,Derrota,0,2,Mandante,Claudio Francisco Lima E. Silva,30.1,4.0,181.5,6.3,27.6,3.0,181.0,6.6,Governador Magalhães Pinto,16591
Cruzeiro,2017,5,08/06/2017,21:00,Quinta,06,Bahia,Derrota,0,1,Visitante,Wagner do Nascimento Magalhaes,28.5,4.0,178.9,6.3,26.5,3.5,179.5,6.9,Arena Fonte Nova,18917
Cruzeiro,2017,6,11/06/2017,18:30,Domingo,06,Atlético Goianiense,Vitória,2,0,Mandante,Joao Batista de Arruda,28.3,4.7,181.1,7.2,25.6,2.8,182.0,5.8,Governador Magalhães Pinto,9912
Cruzeiro,2017,7,14/06/2017,21:45,Quarta,06,Corinthians,Derrota,0,1,Visitante,Leandro Pedro Vuaden,28.6,4.8,179.9,7.0,26.6,4.1,179.7,8.3,Neo Química Arena,30465
Cruzeiro,2017,8,19/06/2017,20:00,Segunda,06,Grêmio,Empate,3,3,Mandante,Raphael Claus,28.3,4.1,179.2,6.6,26.4,3.8,178.5,6.4,Governador Magalhães Pinto,20384
Cruzeiro,2017,9,22/06/2017,19:30,Quinta,06,Ponte Preta,Derrota,0,1,Visitante,Grazianni Maciel Rocha,27.9,4.8,180.0,7.1,30.2,5.4,178.5,7.1,Moisés Lucarelli,4707
Cruzeiro,2017,10,25/06/2017,16:00,Domingo,06,Coritiba,Vitória,2,0,Mandante,Marcelo Aparecido Ribeiro de Souza,28.3,4.1,179.2,6.6,28.2,3.5,180.5,5.4,Governador Magalhães Pinto,11778
Cruzeiro,2017,11,02/07/2017,16:00,Domingo,07,Atlético Mineiro,Derrota,1,3,Visitante,Anderson Daronco,28.3,4.1,179.2,6.6,29.8,5.3,181.0,7.4,Arena Independência,17251
Cruzeiro,2017,12,09/07/2017,16:00,Domingo,07,Palmeiras,Vitória,3,1,Mandante,Pericles Bassols Pegado Cortez,28.6,4.7,180.4,6.2,28.6,6.6,179.8,7.9,Governador Magalhães Pinto,19090
Cruzeiro,2017,13,12/07/2017,21:45,Quarta,07,Athletico,Vitória,2,0,Visitante,Braulio Da Silva Machado,27.7,4.9,179.1,6.6,26.7,4.0,178.8,6.4,Arena da Baixada,13897
Cruzeiro,2017,14,16/07/2017,16:00,Domingo,07,Flamengo,Empate,1,1,Mandante,Rodolpho Toski Marques,27.5,4.7,179.7,6.9,28.5,3.9,179.0,7.0,Governador Magalhães Pinto,43439
Cruzeiro,2017,15,20/07/2017,19:30,Quinta,07,Fluminense,Empate,1,1,Visitante,Leandro Pedro Vuaden,27.5,4.8,180.2,6.8,24.0,4.1,183.4,4.5,Estádio Giulite Coutinho,5753
Cruzeiro,2017,16,23/07/2017,16:00,Domingo,07,Avaí,Derrota,0,1,Visitante,Flavio Rodrigues De Souza,27.7,4.9,179.1,6.6,28.4,3.6,179.1,7.7,Estádio da Ressacada,6590
Cruzeiro,2017,17,30/07/2017,19:00,Domingo,07,Vitória,Empate,0,0,Mandante,Dewson Fernando Freitas da Silva,28.8,4.2,179.0,6.4,27.3,3.8,180.4,7.3,Governador Magalhães Pinto,12471
Cruzeiro,2017,18,03/08/2017,20:00,Quinta,08,Vasco da Gama,Vitória,3,0,Visitante,Vinicius Goncalves Dias Araujo,27.9,5.1,178.0,7.4,25.9,5.8,178.5,5.6,Estádio Raulino de Oliveira,5780
Cruzeiro,2017,19,06/08/2017,16:00,Domingo,08,Botafogo,Empate,0,0,Mandante,Claudio Francisco Lima E. Silva,26.6,5.5,178.7,7.0,27.7,4.6,181.2,5.7,Governador Magalhães Pinto,22691
Cruzeiro,2017,20,13/08/2017,11:00,Domingo,08,São Paulo,Derrota,2,3,Visitante,Rafael Traci,26.8,3.6,179.1,6.1,26.4,3.9,181.5,6.8,MorumBIS,56052
Cruzeiro,2017,21,20/08/2017,16:00,Domingo,08,Sport Recife,Vitória,2,0,Mandante,Caio Max Augusto Vieira,28.4,5.0,179.5,5.9,28.1,4.8,178.7,6.9,Governador Magalhães Pinto,30393
Cruzeiro,2017,22,27/08/2017,19:00,Domingo,08,Santos,Empate,1,1,Mandante,Anderson Daronco,28.4,4.9,180.1,6.2,29.3,5.1,182.0,6.5,Governador Magalhães Pinto,12055
Cruzeiro,2017,23,10/09/2017,19:00,Domingo,09,Chapecoense,Vitória,2,1,Visitante,Leandro Bizzio Marinho,27.5,5.2,179.3,6.5,28.2,3.6,181.6,6.9,Arena Condá,9676
Cruzeiro,2017,24,17/09/2017,19:00,Domingo,09,Bahia,Vitória,1,0,Mandante,Reway Wagner,28.8,5.1,179.8,6.2,26.3,3.7,180.4,6.9,Governador Magalhães Pinto,11754
Cruzeiro,2017,25,24/09/2017,16:00,Domingo,09,Atlético Goianiense,Vitória,2,1,Visitante,Heber Roberto Lopes,26.7,5.3,179.4,8.4,24.9,3.0,179.6,5.6,Estádio Olímpico Pedro Ludovico,10865
Cruzeiro,2017,26,01/10/2017,16:00,Domingo,10,Corinthians,Empate,1,1,Mandante,Rodolpho Toski Marques,28.7,5.1,178.5,6.9,27.0,4.1,178.9,8.5,Governador Magalhães Pinto,15727
Cruzeiro,2017,28,07/10/2017,16:00,Sábado,10,Ponte Preta,Vitória,2,1,Mandante,Paulo Roberto Alves Junior,29.1,3.3,179.7,6.3,29.2,5.4,180.3,7.6,Governador Magalhães Pinto,15397
Cruzeiro,2017,27,11/10/2017,21:45,Quarta,10,Grêmio,Vitória,1,0,Visitante,Rodrigo Batista Raposo,29.2,3.3,179.7,6.3,28.1,4.7,182.1,6.3,Arena do Grêmio,7851
Cruzeiro,2017,29,18/10/2017,18:30,Quarta,10,Coritiba,Derrota,0,1,Visitante,Marcelo de Lima Henrique,30.1,3.9,179.0,6.1,28.0,2.1,178.8,4.6,Estádio Major Antônio Couto Pereira,6470
Cruzeiro,2017,30,22/10/2017,16:00,Domingo,10,Atlético Mineiro,Derrota,1,3,Mandante,Wagner do Nascimento Magalhaes,28.4,5.0,179.3,5.9,30.5,4.9,180.4,7.9,Governador Magalhães Pinto,35921
Cruzeiro,2017,31,30/10/2017,19:00,Segunda,10,Palmeiras,Empate,2,2,Visitante,Heber Roberto Lopes,28.7,5.3,179.6,7.5,29.1,5.0,179.3,7.2,Nubank Parque,37961
Cruzeiro,2017,32,05/11/2017,16:00,Domingo,11,Athletico,Vitória,1,0,Mandante,Marcelo Aparecido Ribeiro de Souza,28.4,5.0,179.2,6.4,28.7,4.6,181.1,6.3,Governador Magalhães Pinto,8157
Cruzeiro,2017,33,08/11/2017,20:45,Quarta,11,Flamengo,Derrota,0,2,Visitante,Leandro Bizzio Marinho,28.4,5.0,180.0,7.0,27.2,4.0,180.2,6.5,Estádio Luso Brasileiro,7111
Cruzeiro,2017,34,12/11/2017,18:00,Domingo,11,Fluminense,Vitória,3,1,Mandante,Andre Luiz de Freitas Castro,28.5,4.9,178.2,7.2,25.1,4.8,179.9,6.5,Governador Magalhães Pinto,8644
Cruzeiro,2017,35,15/11/2017,18:30,Quarta,11,Avaí,Empate,2,2,Mandante,Leandro Pedro Vuaden,29.2,4.8,179.5,7.6,29.3,4.5,180.5,6.9,Governador Magalhães Pinto,9259
Cruzeiro,2017,36,19/11/2017,16:00,Domingo,11,Vitória,Empate,1,1,Visitante,Luiz Flávio de Oliveira,27.1,5.4,178.8,7.6,27.2,3.8,181.4,5.5,Estádio Manoel Barradas,13095
Cruzeiro,2017,37,26/11/2017,16:00,Domingo,11,Vasco da Gama,Derrota,0,1,Mandante,Raphael Claus,28.6,3.6,178.2,7.9,27.3,5.6,179.1,5.5,Governador Magalhães Pinto,14930
Cruzeiro,2017,38,03/12/2017,16:00,Domingo,12,Botafogo,Empate,2,2,Visitante,Leandro Bizzio Marinho,27.8,4.2,178.5,8.2,26.3,4.2,182.4,7.3,Estádio Nilton Santos,20636
Cruzeiro,2018,1,14/04/2018,16:00,Sábado,04,Grêmio,Derrota,0,1,Mandante,Rodolpho Toski Marques,31.3,3.1,180.5,6.5,29.2,5.0,179.3,6.1,Governador Magalhães Pinto,19285
Cruzeiro,2018,2,22/04/2018,16:00,Domingo,04,Fluminense,Derrota,0,1,Visitante,Flavio Rodrigues De Souza,29.1,4.3,179.5,7.0,25.4,3.7,181.3,8.9,Estádio do Maracanã,10016
Cruzeiro,2018,3,29/04/2018,19:00,Domingo,04,Internacional,Empate,0,0,Visitante,Wagner do Nascimento Magalhaes,27.0,3.8,178.7,6.8,27.8,4.0,182.9,5.5,Estádio Beira-Rio,20913
Cruzeiro,2018,4,06/05/2018,16:00,Domingo,05,Botafogo,Vitória,1,0,Mandante,Leandro Bizzio Marinho,29.8,4.6,178.7,7.7,27.3,4.6,181.2,7.0,Governador Magalhães Pinto,20908
Cruzeiro,2018,5,13/05/2018,11:00,Domingo,05,Sport Recife,Vitória,2,0,Mandante,Bruno Arleu de Araujo,29.6,4.5,177.6,8.0,28.4,4.6,180.4,3.9,Governador Magalhães Pinto,20095
Cruzeiro,2018,6,19/05/2018,16:00,Sábado,05,Atlético Mineiro,Derrota,0,1,Visitante,Raphael Claus,28.4,4.8,180.4,5.4,28.1,6.0,180.4,7.0,Arena Independência,15384
Cruzeiro,2018,7,27/05/2018,16:00,Domingo,05,Santos,Vitória,1,0,Visitante,Paulo Roberto Alves Junior,31.0,3.5,180.1,6.1,26.9,5.7,180.3,7.9,Mercado Livre Arena Pacaembu,10670
Cruzeiro,2018,8,30/05/2018,21:45,Quarta,05,Palmeiras,Vitória,1,0,Mandante,Braulio Da Silva Machado,30.2,4.0,178.9,7.2,29.6,3.9,179.0,6.8,Governador Magalhães Pinto,19679
Cruzeiro,2018,9,03/06/2018,19:00,Domingo,06,Ceará,Vitória,1,0,Visitante,Rodrigo Carvalhaes de Miranda,30.3,4.0,179.7,6.6,27.0,4.1,180.5,6.5,Estádio Governador Plácido Castelo,15234
Cruzeiro,2018,10,06/06/2018,21:45,Quarta,06,Vasco da Gama,Empate,1,1,Mandante,Luiz Flávio de Oliveira,30.8,4.0,180.7,5.8,26.7,4.6,179.2,6.1,Governador Magalhães Pinto,23725
Cruzeiro,2018,11,09/06/2018,19:00,Sábado,06,Chapecoense,Derrota,0,2,Visitante,Grazianni Maciel Rocha,31.6,3.0,179.8,6.1,29.2,3.5,180.6,6.9,Arena Condá,6637
Cruzeiro,2018,12,13/06/2018,19:30,Quarta,06,Paraná Clube,Empate,1,1,Visitante,Dewson Fernando Freitas da Silva,28.3,4.5,179.4,7.0,26.2,2.9,181.4,5.3,Durival Britto e Silva,5131
Cruzeiro,2018,13,19/07/2018,19:30,Quinta,07,América Mineiro,Vitória,3,1,Mandante,Raphael Claus,31.7,3.2,181.7,6.7,29.8,4.1,181.6,6.7,Governador Magalhães Pinto,17956
Cruzeiro,2018,14,22/07/2018,19:00,Domingo,07,Athletico,Vitória,2,1,Mandante,Jean Pierre Goncalves Lima,29.6,4.5,180.1,7.7,28.4,4.9,181.3,6.0,Governador Magalhães Pinto,15023
Cruzeiro,2018,15,25/07/2018,21:45,Quarta,07,Corinthians,Derrota,0,2,Visitante,Paulo Roberto Alves Junior,31.5,3.9,179.7,6.9,27.5,4.4,178.5,9.5,Neo Química Arena,21031
Cruzeiro,2018,16,29/07/2018,16:00,Domingo,07,São Paulo,Derrota,0,2,Mandante,Wagner do Nascimento Magalhaes,31.8,3.4,181.1,7.3,28.5,5.6,179.3,5.5,Governador Magalhães Pinto,26671
Cruzeiro,2018,17,05/08/2018,16:00,Domingo,08,Vitória,Empate,1,1,Visitante,Eduardo Tomaz de Aquino Valadao,27.3,3.8,180.3,6.5,25.7,2.9,178.2,8.7,Estádio Manoel Barradas,7193
Cruzeiro,2018,18,12/08/2018,16:00,Domingo,08,Flamengo,Derrota,0,1,Visitante,Dewson Fernando Freitas da Silva,28.2,4.1,180.5,6.0,27.5,4.3,179.9,5.7,Estádio do Maracanã,55273
Cruzeiro,2018,19,19/08/2018,16:00,Domingo,08,Bahia,Empate,1,1,Mandante,Bruno Arleu de Araujo,30.5,4.4,180.9,7.3,28.4,3.7,182.1,6.6,Governador Magalhães Pinto,28807
Cruzeiro,2018,20,22/08/2018,21:45,Quarta,08,Grêmio,Empate,1,1,Visitante,Marcelo de Lima Henrique,29.9,5.0,179.8,7.8,29.1,5.0,181.0,6.4,Arena do Grêmio,12773
Cruzeiro,2018,21,25/08/2018,21:00,Sábado,08,Fluminense,Vitória,2,1,Mandante,Rafael Traci,27.9,5.2,180.0,7.4,24.6,4.0,180.0,8.9,Governador Magalhães Pinto,14449
Cruzeiro,2018,22,02/09/2018,19:00,Domingo,09,Internacional,Empate,0,0,Mandante,Wilton Pereira Sampaio,30.1,4.3,182.0,5.3,26.3,3.1,180.7,5.2,Governador Magalhães Pinto,16247
Cruzeiro,2018,23,05/09/2018,19:30,Quarta,09,Botafogo,Empate,1,1,Visitante,Raphael Claus,30.3,5.2,180.9,5.9,25.3,3.7,182.1,6.5,Estadio Nilton Santos,5779
Cruzeiro,2018,24,08/09/2018,16:00,Sábado,09,Sport Recife,Empate,0,0,Visitante,Vinicius Goncalves Dias Araujo,31.1,3.7,179.5,6.4,29.7,5.5,180.6,5.3,Ilha do Retiro,9525
Cruzeiro,2018,25,16/09/2018,16:00,Domingo,09,Atlético Mineiro,Empate,0,0,Mandante,Rafael Traci,26.4,3.6,180.8,6.3,30.5,6.0,180.7,9.1,Governador Magalhães Pinto,24999
Cruzeiro,2018,26,23/09/2018,19:00,Domingo,09,Santos,Vitória,2,1,Mandante,Braulio Da Silva Machado,28.5,5.8,181.5,4.4,26.4,5.0,180.3,6.7,Governador Magalhães Pinto,9029
Cruzeiro,2018,27,30/09/2018,11:00,Domingo,09,Palmeiras,Derrota,1,3,Visitante,Dewson Fernando Freitas da Silva,27.3,3.4,180.5,6.0,28.9,4.5,180.3,6.4,Mercado Livre Arena Pacaembu,35674
Cruzeiro,2018,29,14/10/2018,16:00,Domingo,10,Vasco da Gama,Derrota,0,2,Visitante,Marcelo Aparecido Ribeiro de Souza,26.9,5.1,181.5,5.2,27.8,5.2,181.8,6.4,Estádio São Januário,11376
Cruzeiro,2018,30,21/10/2018,19:00,Domingo,10,Chapecoense,Vitória,3,0,Mandante,Raphael Claus,32.0,3.2,181.7,6.7,27.4,2.9,181.5,6.5,Arena Independência,12666
Cruzeiro,2018,28,24/10/2018,19:30,Quarta,10,Ceará,Derrota,0,2,Mandante,Flavio Rodrigues De Souza,32.8,2.4,180.3,6.8,28.6,4.1,180.7,7.1,Governador Magalhães Pinto,30814
Cruzeiro,2018,31,27/10/2018,21:00,Sábado,10,Paraná Clube,Vitória,3,1,Mandante,Marcelo de Lima Henrique,30.0,4.3,180.0,6.8,24.3,3.6,180.6,4.5,Governador Magalhães Pinto,18755
Cruzeiro,2018,32,04/11/2018,16:00,Domingo,11,América Mineiro,Vitória,2,1,Visitante,Heber Roberto Lopes,32.0,3.2,181.7,6.7,29.0,3.1,180.0,7.9,Arena Independência,9423
Cruzeiro,2018,33,10/11/2018,18:00,Sábado,11,Athletico,Derrota,0,2,Visitante,Anderson Daronco,30.8,4.1,180.1,5.3,26.0,3.6,179.7,6.4,Arena da Baixada,7720
Cruzeiro,2018,34,14/11/2018,20:45,Quarta,11,Corinthians,Vitória,1,0,Mandante,Jean Pierre Goncalves Lima,29.5,4.4,179.2,6.0,29.1,6.0,179.8,8.3,Governador Magalhães Pinto,15520
Cruzeiro,2018,35,18/11/2018,18:00,Domingo,11,São Paulo,Derrota,0,1,Visitante,Heber Roberto Lopes,31.8,3.6,181.4,5.4,29.0,4.2,181.7,4.1,MorumBIS,14058
Cruzeiro,2018,36,21/11/2018,20:45,Quarta,11,Vitória,Vitória,3,0,Mandante,Leandro Bizzio Marinho,28.3,4.4,178.4,7.6,25.5,3.4,179.6,7.3,Governador Magalhães Pinto,4038
Cruzeiro,2018,37,25/11/2018,16:00,Domingo,11,Flamengo,Derrota,0,2,Mandante,Jean Pierre Goncalves Lima,31.3,3.8,180.2,7.6,28.4,3.5,180.0,7.2,Governador Magalhães Pinto,29369
Cruzeiro,2018,38,02/12/2018,16:00,Domingo,12,Bahia,Empate,0,0,Visitante,Bruno Arleu de Araujo,24.1,3.2,179.9,6.2,27.7,4.8,181.2,6.3,Estádio de Pituaçu,27776
Cruzeiro,2019,1,27/04/2019,21:00,Sábado,04,Flamengo,Derrota,1,3,Visitante,Anderson Daronco,30.0,4.8,180.3,7.0,26.8,2.9,179.3,6.2,Estádio do Maracanã,35016
Cruzeiro,2019,2,01/05/2019,19:15,Quarta,05,Ceará,Vitória,1,0,Mandante,Reway Wagner,31.6,3.6,180.3,7.5,30.4,3.0,179.3,7.7,Governador Magalhães Pinto,22677
Cruzeiro,2019,3,05/05/2019,16:00,Domingo,05,Goiás,Vitória,2,1,Mandante,Rodrigo Carvalhaes de Miranda,30.9,4.4,181.2,5.7,26.3,2.9,179.4,6.4,Governador Magalhães Pinto,19735
Cruzeiro,2019,4,12/05/2019,16:00,Domingo,05,Internacional,Derrota,1,3,Visitante,Raphael Claus,30.2,4.5,180.3,6.9,29.2,5.0,180.2,6.0,Estádio Beira-Rio,21483
Cruzeiro,2019,5,18/05/2019,18:00,Sábado,05,Fluminense,Derrota,1,4,Visitante,Flavio Rodrigues De Souza,30.1,3.7,180.2,7.5,25.8,3.7,181.2,5.6,Estádio do Maracanã,11437
Cruzeiro,2019,6,26/05/2019,19:00,Domingo,05,Chapecoense,Derrota,1,2,Mandante,Dewson Fernando Freitas da Silva,32.2,3.4,179.6,7.2,28.5,4.4,179.0,6.2,Governador Magalhães Pinto,18039
Cruzeiro,2019,7,02/06/2019,16:00,Domingo,06,São Paulo,Empate,1,1,Visitante,Braulio Da Silva Machado,32.3,3.4,180.5,7.5,27.7,4.3,180.2,4.4,MorumBIS,8517
Cruzeiro,2019,8,08/06/2019,19:00,Sábado,06,Corinthians,Empate,0,0,Mandante,Marcelo de Lima Henrique,30.5,4.2,179.9,7.4,29.7,3.7,179.3,8.4,Governador Magalhães Pinto,21370
Cruzeiro,2019,9,12/06/2019,21:00,Quarta,06,Fortaleza,Derrota,1,2,Visitante,Heber Roberto Lopes,30.5,4.2,179.9,7.4,27.0,3.6,177.9,7.1,Estádio Governador Plácido Castelo,17099
Cruzeiro,2019,10,14/07/2019,16:00,Domingo,07,Botafogo,Empate,0,0,Mandante,Leandro Pedro Vuaden,29.9,5.3,181.7,5.6,27.5,4.3,180.2,7.0,Governador Magalhães Pinto,18012
Cruzeiro,2019,11,20/07/2019,17:00,Sábado,07,Bahia,Empate,0,0,Visitante,Luiz Flávio de Oliveira,24.2,4.2,181.4,6.8,26.5,4.2,180.0,7.2,Arena Fonte Nova,24864
Cruzeiro,2019,12,27/07/2019,19:00,Sábado,07,Athletico,Derrota,0,2,Mandante,Rodrigo Carvalhaes de Miranda,25.2,5.4,182.4,6.5,27.4,4.1,178.2,7.4,Governador Magalhães Pinto,20689
Cruzeiro,2019,13,04/08/2019,19:00,Domingo,08,Atlético Mineiro,Derrota,0,2,Visitante,Leandro Pedro Vuaden,31.7,4.2,182.5,5.1,29.8,5.0,179.5,7.9,Arena Independência,13181
Cruzeiro,2019,14,11/08/2019,16:00,Domingo,08,Avaí,Empate,2,2,Visitante,Paulo Roberto Alves Junior,30.5,4.2,180.4,6.4,28.8,4.3,180.5,8.4,Estádio da Ressacada,4921
Cruzeiro,2019,15,18/08/2019,16:00,Domingo,08,Santos,Vitória,2,0,Mandante,Anderson Daronco,29.5,5.0,181.7,5.9,26.7,4.0,178.6,10.0,Governador Magalhães Pinto,43604
Cruzeiro,2019,16,25/08/2019,19:00,Domingo,08,CSA,Empate,1,1,Visitante,Marcelo de Lima Henrique,29.4,5.8,181.1,6.0,29.4,4.0,179.8,8.3,Estádio Rei Pelé,8715
Cruzeiro,2019,17,01/09/2019,19:00,Domingo,09,Vasco da Gama,Vitória,1,0,Mandante,Heber Roberto Lopes,29.9,5.0,181.1,6.7,25.5,4.5,182.6,6.9,Governador Magalhães Pinto,26052
Cruzeiro,2019,18,08/09/2019,11:00,Domingo,09,Grêmio,Derrota,1,4,Mandante,Rafael Traci,31.0,5.2,180.1,5.1,28.4,4.5,180.2,5.2,Arena Independência,14208
Cruzeiro,2019,19,14/09/2019,19:00,Sábado,09,Palmeiras,Derrota,0,1,Visitante,Rodolpho Toski Marques,27.7,6.3,181.5,3.8,29.9,3.1,179.8,6.4,Nubank Parque,35578
Cruzeiro,2019,20,21/09/2019,17:00,Sábado,09,Flamengo,Derrota,1,2,Mandante,Raphael Claus,28.2,6.2,181.3,5.6,28.0,4.1,181.2,5.5,Governador Magalhães Pinto,40333
Cruzeiro,2019,21,25/09/2019,19:30,Quarta,09,Ceará,Empate,0,0,Visitante,Braulio Da Silva Machado,28.7,5.5,181.2,6.7,30.5,3.0,178.5,7.0,Estádio Governador Plácido Castelo,18595
Cruzeiro,2019,22,30/09/2019,20:00,Segunda,09,Goiás,Derrota,0,1,Visitante,Gilberto Rodrigues Castro Junior,29.3,5.7,181.5,6.6,28.1,3.7,179.9,6.8,Serra Dourada,24142
Cruzeiro,2019,23,05/10/2019,21:00,Sábado,10,Internacional,Empate,1,1,Mandante,Wagner do Nascimento Magalhaes,28.5,6.3,181.1,6.4,27.7,5.2,180.7,5.5,Governador Magalhães Pinto,22561
Cruzeiro,2019,24,09/10/2019,21:30,Quarta,10,Fluminense,Empate,0,0,Mandante,Jean Pierre Goncalves Lima,30.8,4.9,180.5,7.5,26.4,5.2,182.8,4.4,Governador Magalhães Pinto,38113
Cruzeiro,2019,25,13/10/2019,19:00,Domingo,10,Chapecoense,Empate,1,1,Visitante,Caio Max Augusto Vieira,30.8,5.6,182.6,5.8,28.6,4.6,179.7,5.3,Arena Condá,4399
Cruzeiro,2019,26,16/10/2019,21:00,Quarta,10,São Paulo,Vitória,1,0,Mandante,Wilton Pereira Sampaio,31.1,5.6,182.3,6.4,28.9,5.1,179.1,5.6,Governador Magalhães Pinto,30969
Cruzeiro,2019,27,19/10/2019,19:00,Sábado,10,Corinthians,Vitória,2,1,Visitante,Bruno Arleu de Araujo,30.7,5.6,182.1,6.7,26.4,4.9,177.7,9.3,Neo Química Arena,31631
Cruzeiro,2019,28,26/10/2019,21:00,Sábado,10,Fortaleza,Empate,1,1,Mandante,Raphael Claus,29.8,6.0,180.8,6.4,29.5,4.5,178.7,7.1,Governador Magalhães Pinto,32268
Cruzeiro,2019,29,31/10/2019,21:30,Quinta,10,Botafogo,Vitória,2,0,Visitante,Caio Max Augusto Vieira,29.1,6.4,182.3,4.9,27.6,4.0,179.3,7.7,Estadio Nilton Santos,20690
Cruzeiro,2019,30,03/11/2019,19:00,Domingo,11,Bahia,Empate,1,1,Mandante,Reway Wagner,29.3,6.2,181.5,3.8,27.2,4.6,179.9,9.2,Governador Magalhães Pinto,21933
Cruzeiro,2019,31,06/11/2019,21:30,Quarta,11,Athletico,Empate,0,0,Visitante,Luiz Flávio de Oliveira,28.7,5.9,179.9,6.3,27.9,3.6,179.0,6.7,Arena da Baixada,11838
Cruzeiro,2019,32,10/11/2019,16:00,Domingo,11,Atlético Mineiro,Empate,0,0,Mandante,Jean Pierre Goncalves Lima,29.3,6.2,181.5,6.0,28.1,4.0,180.5,9.5,Governador Magalhães Pinto,43205
Cruzeiro,2019,33,18/11/2019,20:00,Segunda,11,Avaí,Empate,0,0,Mandante,Diego Pombo Lopez,27.7,5.9,181.3,5.3,26.5,4.8,183.5,7.1,Governador Magalhães Pinto,21217
Cruzeiro,2019,34,23/11/2019,21:00,Sábado,11,Santos,Derrota,1,4,Visitante,Leandro Pedro Vuaden,28.4,6.2,180.9,5.9,28.2,4.3,178.0,10.2,Estádio Urbano Caldeira,7905
Cruzeiro,2019,35,28/11/2019,21:30,Quinta,11,CSA,Derrota,0,1,Mandante,Vinicius Goncalves Dias Araujo,29.3,6.6,180.8,5.4,29.6,3.2,180.8,7.6,Governador Magalhães Pinto,34920
Cruzeiro,2019,36,02/12/2019,20:00,Segunda,12,Vasco da Gama,Derrota,0,1,Visitante,Wilton Pereira Sampaio,28.3,5.9,181.7,3.7,27.5,4.7,181.5,7.5,Estádio São Januário,19796
Cruzeiro,2019,37,05/12/2019,19:15,Quinta,12,Grêmio,Derrota,0,2,Visitante,Andre Luiz de Freitas Castro,30.0,6.2,182.3,3.7,28.6,4.2,179.8,4.5,Arena do Grêmio,18306
Cruzeiro,2019,38,08/12/2019,16:00,Domingo,12,Palmeiras,Derrota,0,2,Mandante,Marcelo de Lima Henrique,27.4,5.7,178.8,6.0,27.6,2.9,179.9,6.7,Governador Magalhães Pinto,24035
Cruzeiro,2023,1,16/04/2023,16:00,Domingo,04,Corinthians,Derrota,1,2,Visitante,Anderson Daronco,28.7,3.3,179.7,6.8,27.6,5.5,180.0,7.9,Neo Química Arena,41304
Cruzeiro,2023,2,22/04/2023,21:00,Sábado,04,Grêmio,Vitória,1,0,Mandante,Flavio Rodrigues De Souza,29.3,3.0,179.6,6.9,29.1,3.9,180.9,4.4,Estadio Raimundo Sampaio (Arena Independencia),21605
Cruzeiro,2023,3,29/04/2023,18:30,Sábado,04,Red Bull Bragantino,Vitória,3,0,Visitante,Braulio Da Silva Machado,29.7,3.0,179.9,7.2,24.8,3.7,180.2,7.6,Estádio Nabi Abi Chedid,4829
Cruzeiro,2023,4,06/05/2023,16:00,Sábado,05,Santos,Vitória,2,1,Mandante,Bruno Arleu de Araujo,28.8,3.3,179.6,6.9,26.8,4.2,181.1,6.3,Governador Magalhães Pinto,21191
Cruzeiro,2023,5,10/05/2023,21:30,Quarta,05,Fluminense,Derrota,0,2,Mandante,Flavio Rodrigues De Souza,28.3,3.4,179.0,4.8,30.1,7.2,179.2,5.8,Governador Magalhães Pinto,51846
Cruzeiro,2023,6,14/05/2023,18:30,Domingo,05,América Mineiro,Vitória,4,0,Visitante,Wilton Pereira Sampaio,28.7,3.2,178.8,6.1,31.3,4.1,180.7,6.9,Arena Independência,4295
Cruzeiro,2023,7,22/05/2023,20:00,Segunda,05,Cuiabá,Derrota,0,1,Mandante,Savio Pereira Sampaio,28.8,3.2,178.8,6.1,28.3,4.5,182.0,5.4,Estadio Municipal João Lamego Netto,15722
Cruzeiro,2023,8,27/05/2023,18:30,Sábado,05,Flamengo,Empate,1,1,Visitante,Luiz Flávio de Oliveira,28.1,3.5,179.7,4.9,25.1,3.1,184.5,5.1,Estádio do Maracanã,65270
Cruzeiro,2023,9,03/06/2023,18:30,Sábado,06,Atlético Mineiro,Derrota,0,1,Mandante,Savio Pereira Sampaio,28.6,3.5,180.8,5.1,29.6,4.3,179.9,5.9,Parque do Sabiá,34344
Cruzeiro,2023,10,10/06/2023,18:30,Sábado,06,Bahia,Empate,2,2,Visitante,Rodrigo Jose Pereira de Lima,28.4,3.4,179.0,4.8,27.8,4.1,181.6,6.9,Arena Fonte Nova,34019
Cruzeiro,2023,11,21/06/2023,19:00,Quarta,06,Fortaleza,Derrota,0,1,Mandante,Bruno Arleu de Araujo,28.4,3.4,179.0,4.8,30.5,3.2,178.6,5.1,Governador Magalhães Pinto,28494
Cruzeiro,2023,12,24/06/2023,21:00,Sábado,06,São Paulo,Vitória,1,0,Mandante,Ramon Abatti Abel,27.8,2.9,179.5,4.7,28.1,5.3,179.5,6.6,Governador Magalhães Pinto,17478
Cruzeiro,2023,13,01/07/2023,21:00,Sábado,07,Internacional,Empate,0,0,Visitante,Wagner do Nascimento Magalhaes,27.2,3.6,179.8,4.8,28.1,5.0,180.0,7.6,Estádio Beira-Rio,23923
Cruzeiro,2023,14,08/07/2023,16:00,Sábado,07,Vasco da Gama,Vitória,1,0,Visitante,Savio Pereira Sampaio,27.1,4.3,179.5,5.8,25.3,4.4,181.5,6.3,Estádio São Januário,N.A
Cruzeiro,2023,15,16/07/2023,11:00,Domingo,07,Coritiba,Empate,0,0,Mandante,Leandro Pedro Vuaden,27.6,4.2,180.0,5.5,25.8,4.5,180.6,7.7,Governador Magalhães Pinto,22123
Cruzeiro,2023,16,23/07/2023,16:00,Domingo,07,Goiás,Derrota,0,1,Mandante,Caio Max Augusto Vieira,28.6,3.3,179.6,4.9,29.1,3.2,180.9,6.9,Governador Magalhães Pinto,21688
Cruzeiro,2023,17,29/07/2023,16:00,Sábado,07,Athletico,Empate,3,3,Visitante,Yuri Elino Ferreira Da Cruz,28.6,3.2,180.5,5.3,26.8,5.3,181.0,4.8,Arena da Baixada,22730
Cruzeiro,2023,18,06/08/2023,18:30,Domingo,08,Botafogo,Empate,0,0,Mandante,Raphael Claus,28.8,3.0,180.7,5.8,30.3,3.1,183.2,6.4,Governador Magalhães Pinto,44759
Cruzeiro,2023,19,14/08/2023,19:00,Segunda,08,Palmeiras,Derrota,0,1,Visitante,Wagner do Nascimento Magalhaes,28.2,3.3,180.5,5.1,27.4,4.5,178.3,6.7,Nubank Parque,38555
Cruzeiro,2023,20,19/08/2023,21:00,Sábado,08,Corinthians,Empate,1,1,Mandante,Rafael Rodrigo Klein,28.5,3.3,181.2,4.7,24.8,5.8,181.6,6.9,Governador Magalhães Pinto,36202
Cruzeiro,2023,21,27/08/2023,19:00,Domingo,08,Grêmio,Derrota,0,3,Visitante,Marcelo de Lima Henrique,28.4,3.4,181.0,4.9,28.7,5.1,182.0,5.0,Arena do Grêmio,52203
Cruzeiro,2023,22,03/09/2023,18:30,Domingo,09,Red Bull Bragantino,Empate,0,0,Mandante,Wagner do Nascimento Magalhaes,28.4,3.2,180.7,5.0,25.2,3.3,182.7,4.4,Governador Magalhães Pinto,29417
Cruzeiro,2023,23,14/09/2023,19:00,Quinta,09,Santos,Vitória,3,0,Visitante,Braulio Da Silva Machado,29.2,3.5,180.5,5.2,27.9,3.6,179.8,7.1,Estádio Urbano Caldeira,12244
Cruzeiro,2023,24,20/09/2023,21:30,Quarta,09,Fluminense,Derrota,0,1,Visitante,Matheus Delgado Candançan,29.2,3.0,180.4,5.3,30.4,7.3,178.5,6.2,Estádio do Maracanã,28985
Cruzeiro,2023,25,01/10/2023,16:00,Domingo,10,América Mineiro,Empate,1,1,Mandante,Leandro Pedro Vuaden,28.9,3.2,180.1,5.5,29.8,4.4,180.5,6.4,Governador Magalhães Pinto,44279
Cruzeiro,2023,26,14/10/2023,21:00,Sábado,10,Cuiabá,Empate,0,0,Visitante,Rodrigo Jose Pereira de Lima,29.2,3.0,180.4,5.9,29.2,4.4,181.7,7.0,Arena Pantanal,12100
Cruzeiro,2023,27,19/10/2023,19:00,Quinta,10,Flamengo,Derrota,0,2,Mandante,Rafael Rodrigo Klein,28.1,4.3,181.6,5.4,28.7,4.4,184.4,6.0,Governador Magalhães Pinto,37073
Cruzeiro,2023,28,22/10/2023,16:00,Domingo,10,Atlético Mineiro,Vitória,1,0,Visitante,Ramon Abatti Abel,28.5,3.7,179.7,5.8,28.0,4.1,179.8,6.9,Governador Magalhães Pinto,42058
Cruzeiro,2023,29,25/10/2023,20:00,Quarta,10,Bahia,Vitória,3,0,Mandante,Flavio Rodrigues De Souza,29.0,2.8,180.3,5.3,27.9,2.5,180.5,6.3,Governador Magalhães Pinto,36104
Cruzeiro,2023,31,02/11/2023,20:00,Quinta,11,São Paulo,Derrota,0,1,Visitante,Wilton Pereira Sampaio,29.1,2.8,180.3,5.3,28.8,5.4,179.8,6.4,MorumBIS,50570
Cruzeiro,2023,32,05/11/2023,16:00,Domingo,11,Internacional,Derrota,1,2,Mandante,Matheus Delgado Candançan,29.1,2.8,180.3,5.3,29.4,4.8,178.5,6.5,Governador Magalhães Pinto,36801
Cruzeiro,2023,34,11/11/2023,16:00,Sábado,11,Coritiba,Derrota,0,1,Visitante,Braulio Da Silva Machado,29.3,2.9,180.6,5.1,28.6,5.0,180.5,7.1,Estádio Major Antônio Couto Pereira,7243
Cruzeiro,2023,30,18/11/2023,18:30,Sábado,11,Fortaleza,Vitória,1,0,Visitante,Savio Pereira Sampaio,28.0,3.7,180.0,5.3,29.9,4.1,177.1,5.9,Estádio Governador Plácido Castelo,30804
Cruzeiro,2023,33,22/11/2023,19:00,Quarta,11,Vasco da Gama,Empate,2,2,Mandante,Leandro Pedro Vuaden,28.0,3.7,180.0,5.8,28.4,5.0,180.5,7.0,Governador Magalhães Pinto,N.A
Cruzeiro,2023,35,27/11/2023,21:00,Segunda,11,Goiás,Vitória,1,0,Visitante,Ramon Abatti Abel,28.0,3.7,180.0,5.8,29.1,2.9,180.5,5.9,Estádio da Serrinha,9143
Cruzeiro,2023,36,30/11/2023,20:00,Quinta,11,Athletico,Empate,1,1,Mandante,Leandro Pedro Vuaden,27.5,4.3,180.2,5.7,28.0,5.8,180.9,5.3,Governador Magalhães Pinto,36696
Cruzeiro,2023,37,03/12/2023,18:30,Domingo,12,Botafogo,Empate,0,0,Visitante,Wilton Pereira Sampaio,28.0,4.5,181.4,5.1,28.9,3.4,184.5,5.3,Estádio Nilton Santos,15462
Cruzeiro,2023,38,06/12/2023,21:30,Quarta,12,Palmeiras,Empate,1,1,Mandante,Anderson Daronco,27.1,4.4,180.8,5.2,28.0,5.4,180.5,5.3,Governador Magalhães Pinto,44190
Cruzeiro,2024,1,14/04/2024,17:00,Domingo,04,Botafogo,Vitória,3,2,Mandante,Matheus Delgado Candançan,29.0,2.2,178.5,7.5,29.0,4.9,183.9,4.1,Governador Magalhães Pinto,20701
Cruzeiro,2024,2,17/04/2024,20:00,Quarta,04,Fortaleza,Empate,1,1,Visitante,Bruno Mota Correia,28.7,2.6,178.9,7.9,30.6,3.9,177.9,5.6,Estádio Governador Plácido Castelo,21726
Cruzeiro,2024,3,20/04/2024,21:00,Sábado,04,Atlético Mineiro,Derrota,0,3,Visitante,Ramon Abatti Abel,28.5,2.6,179.5,7.1,30.0,3.9,178.9,6.3,Arena MRV,39541
Cruzeiro,2024,4,28/04/2024,16:00,Domingo,04,Vitória,Vitória,3,1,Mandante,Fabio Augusto Santos Sa Junior,27.8,2.5,179.2,6.5,28.2,4.0,176.6,7.9,Governador Magalhães Pinto,20083
Cruzeiro,2024,6,12/05/2024,16:00,Domingo,05,Atlético Goianiense,Vitória,1,0,Visitante,Rodrigo Jose Pereira de Lima,27.7,2.6,178.9,6.7,26.6,1.7,184.5,6.3,Estádio Antônio Accioly,7576
Cruzeiro,2024,7,02/06/2024,18:30,Domingo,06,São Paulo,Derrota,0,2,Visitante,Lucas Paulo Torezin,27.4,3.1,179.0,6.7,27.4,4.8,178.6,6.5,MorumBIS,44928
Cruzeiro,2024,8,13/06/2024,19:00,Quinta,06,Cuiabá,Vitória,2,1,Mandante,Marcelo de Lima Henrique,26.9,3.6,178.5,7.0,28.0,4.4,181.6,6.5,Governador Magalhães Pinto,26595
Cruzeiro,2024,9,16/06/2024,18:30,Domingo,06,Vasco da Gama,Empate,0,0,Visitante,Rafael Rodrigo Klein,27.2,4.0,178.5,7.4,28.6,4.7,180.7,6.6,Estádio São Januário,11275
Cruzeiro,2024,10,19/06/2024,21:30,Quarta,06,Fluminense,Vitória,2,0,Mandante,Matheus Delgado Candançan,26.7,3.6,178.7,6.7,31.1,6.7,179.8,5.9,Governador Magalhães Pinto,28812
Cruzeiro,2024,11,23/06/2024,16:00,Domingo,06,Bahia,Derrota,1,4,Visitante,Paulo Belence Alves Dos Prazeres Filho,26.9,3.7,178.1,7.4,28.1,3.0,181.1,5.2,Arena Fonte Nova,35541
Cruzeiro,2024,12,26/06/2024,19:00,Quarta,06,Athletico,Vitória,2,0,Mandante,Davi de Oliveira Lacerda,27.0,3.3,177.6,7.6,28.2,5.4,182.4,7.1,Governador Magalhães Pinto,26465
Cruzeiro,2024,13,30/06/2024,18:30,Domingo,06,Flamengo,Derrota,1,2,Visitante,Braulio Da Silva Machado,27.4,3.6,178.1,8.1,27.6,4.9,183.3,6.8,Estádio do Maracanã,52768
Cruzeiro,2024,14,03/07/2024,20:00,Quarta,07,Criciúma,Derrota,0,1,Visitante,Joao Vitor Gobi,27.2,3.5,178.1,7.6,31.0,4.3,179.4,6.9,Estádio Heriberto Hülse,12352
Cruzeiro,2024,15,07/07/2024,16:00,Domingo,07,Corinthians,Vitória,3,0,Mandante,Alex Gomes Stefano,27.4,2.7,177.5,6.0,24.9,3.6,180.5,5.0,Governador Magalhães Pinto,55186
Cruzeiro,2024,16,10/07/2024,18:30,Quarta,07,Grêmio,Vitória,2,0,Visitante,Bruno Arleu de Araujo,26.3,3.1,176.7,7.6,29.0,5.2,178.0,6.7,Estádio Centenário,4623
Cruzeiro,2024,17,13/07/2024,16:00,Sábado,07,Red Bull Bragantino,Vitória,2,1,Mandante,Savio Pereira Sampaio,27.3,4.4,178.5,7.9,26.0,3.1,179.6,6.1,Governador Magalhães Pinto,20042
Cruzeiro,2024,18,20/07/2024,21:00,Sábado,07,Palmeiras,Derrota,0,2,Visitante,Davi de Oliveira Lacerda,27.4,4.4,178.5,7.9,29.2,4.1,180.1,6.7,Nubank Parque,40465
Cruzeiro,2024,19,24/07/2024,19:00,Quarta,07,Juventude,Vitória,2,0,Mandante,Maguielson Lima Barbosa,27.7,4.2,179.9,7.6,28.9,3.9,181.0,7.3,Governador Magalhães Pinto,46603
Cruzeiro,2024,20,27/07/2024,21:30,Sábado,07,Botafogo,Vitória,3,0,Visitante,Wilton Pereira Sampaio,27.8,3.8,178.8,7.4,30.4,4.1,180.5,7.6,Estádio Nilton Santos,19349
Cruzeiro,2024,21,05/08/2024,21:00,Segunda,08,Fortaleza,Derrota,1,2,Mandante,Alex Gomes Stefano,27.6,3.8,179.5,7.6,30.8,3.0,179.6,5.5,Governador Magalhães Pinto,20000
Cruzeiro,2024,22,10/08/2024,21:30,Sábado,08,Atlético Mineiro,Empate,0,0,Mandante,Raphael Claus,27.5,4.1,179.8,6.9,28.4,4.1,179.9,5.9,Governador Magalhães Pinto,61583
Cruzeiro,2024,23,19/08/2024,20:00,Segunda,08,Vitória,Empate,2,2,Visitante,Vinicius Melo de Lima,28.3,4.1,178.1,8.2,28.0,3.8,177.7,7.9,Estádio Manoel Barradas,17062
Cruzeiro,2024,24,25/08/2024,19:00,Domingo,08,Internacional,Derrota,0,1,Visitante,Matheus Delgado Candançan,29.1,3.3,178.1,8.0,27.8,5.6,178.0,7.0,Estádio Beira-Rio,26634
Cruzeiro,2024,5,28/08/2024,19:30,Quarta,08,Internacional,Empate,0,0,Mandante,Joao Vitor Gobi,28.0,3.9,181.8,6.7,27.1,5.7,178.1,7.2,Governador Magalhães Pinto,35238
Cruzeiro,2024,25,01/09/2024,11:00,Domingo,09,Atlético Goianiense,Vitória,3,1,Mandante,Gustavo Ervino Bauermann,27.9,3.8,180.2,8.0,28.9,2.6,182.8,6.0,Governador Magalhães Pinto,50000
Cruzeiro,2024,26,15/09/2024,18:30,Domingo,09,São Paulo,Derrota,0,1,Mandante,Wilton Pereira Sampaio,27.6,4.2,180.3,7.9,26.3,3.0,178.6,7.0,Governador Magalhães Pinto,55000
Cruzeiro,2024,27,22/09/2024,18:30,Domingo,09,Cuiabá,Empate,0,0,Visitante,Flavio Rodrigues De Souza,26.2,5.1,179.5,7.7,29.2,3.7,181.9,7.0,Arena Pantanal,5948
Cruzeiro,2024,28,29/09/2024,18:30,Domingo,09,Vasco da Gama,Empate,1,1,Mandante,Matheus Delgado Candançan,27.9,3.9,178.8,6.8,27.9,3.7,180.5,5.2,Governador Magalhães Pinto,56331
Cruzeiro,2024,29,03/10/2024,21:30,Quinta,10,Fluminense,Derrota,0,1,Visitante,Gustavo Ervino Bauermann,28.1,3.9,178.8,6.8,31.2,7.5,177.9,6.2,Estádio do Maracanã,30242
Cruzeiro,2024,30,18/10/2024,21:30,Sexta,10,Bahia,Empate,1,1,Mandante,Flavio Rodrigues De Souza,27.9,4.2,179.5,7.8,28.5,3.7,180.4,6.2,Governador Magalhães Pinto,34473
Cruzeiro,2024,31,26/10/2024,18:30,Sábado,10,Athletico,Derrota,0,3,Visitante,Rodrigo Jose Pereira de Lima,26.9,4.1,177.5,7.6,26.6,5.5,183.1,6.7,Arena da Baixada,35959
Cruzeiro,2024,32,06/11/2024,21:00,Quarta,11,Flamengo,Derrota,0,1,Mandante,Gustavo Ervino Bauermann,28.1,4.1,179.8,7.6,28.4,5.0,182.3,7.6,Arena Independência,20855
Cruzeiro,2024,33,09/11/2024,19:00,Sábado,11,Criciúma,Vitória,2,1,Mandante,Wagner do Nascimento Magalhaes,28.3,4.2,179.3,7.2,29.7,3.7,180.8,7.6,Governador Magalhães Pinto,29287
Cruzeiro,2024,34,20/11/2024,11:00,Quarta,11,Corinthians,Derrota,1,2,Visitante,Jonathan Benkenstein Pinheiro,25.9,3.5,178.1,7.2,27.5,4.1,181.4,8.5,Neo Química Arena,46056
Cruzeiro,2024,35,27/11/2024,21:00,Quarta,11,Grêmio,Empate,1,1,Mandante,Raphael Claus,28.5,4.0,178.9,7.4,30.1,3.9,177.1,7.3,Governador Magalhães Pinto,21009
Cruzeiro,2024,36,01/12/2024,18:30,Domingo,12,Red Bull Bragantino,Empate,1,1,Visitante,Victor Andre Rodriguez Ballesteros,28.9,3.6,178.8,7.4,26.6,3.3,180.7,5.3,Estádio Nabi Abi Chedid,6223
Cruzeiro,2024,37,04/12/2024,21:30,Quarta,12,Palmeiras,Derrota,1,2,Mandante,Anderson Daronco,28.1,4.5,180.1,7.2,25.4,5.5,182.1,5.2,Governador Magalhães Pinto,N.A
Cruzeiro,2024,38,08/12/2024,16:00,Domingo,12,Juventude,Vitória,1,0,Visitante,Edina Alves Batista,27.1,5.6,178.7,8.5,27.7,3.1,179.8,7.6,Estádio Alfredo Jaconi,13518
Cruzeiro,2025,1,29/03/2025,18:30,Sábado,03,Mirassol,Vitória,2,1,Mandante,Alex Gomes Stefano,28.7,4.3,180.5,8.3,29.9,4.0,178.1,7.8,Governador Magalhães Pinto,40837
Cruzeiro,2025,2,06/04/2025,18:30,Domingo,04,Internacional,Derrota,0,3,Visitante,Marcelo de Lima Henrique,29.6,4.8,178.9,9.0,29.0,5.1,179.2,7.1,Estádio Beira-Rio,31321
Cruzeiro,2025,3,13/04/2025,17:30,Domingo,04,São Paulo,Empate,1,1,Visitante,Rodrigo Jose Pereira de Lima,29.6,4.7,178.5,8.5,28.7,4.4,179.5,7.3,MorumBIS,37566
Cruzeiro,2025,4,17/04/2025,21:30,Quinta,04,Bahia,Vitória,3,0,Mandante,Flavio Rodrigues De Souza,29.6,4.7,178.5,8.5,27.1,4.0,179.5,7.0,Governador Magalhães Pinto,26557
Cruzeiro,2025,5,20/04/2025,20:30,Domingo,04,Red Bull Bragantino,Derrota,0,1,Visitante,Alex Gomes Stefano,28.3,4.9,180.2,8.1,26.4,3.6,179.9,7.4,Estádio Nabi Abi Chedid,6916
Cruzeiro,2025,6,27/04/2025,18:30,Domingo,04,Vasco da Gama,Vitória,1,0,Mandante,Rafael Rodrigo Klein,28.9,5.3,178.0,7.9,28.5,4.5,180.5,5.6,Parque do Sabiá,15398
Cruzeiro,2025,7,04/05/2025,18:30,Domingo,05,Flamengo,Vitória,2,1,Mandante,Wilton Pereira Sampaio,29.7,4.7,178.5,8.5,29.0,2.9,181.7,7.7,Governador Magalhães Pinto,52792
Cruzeiro,2025,8,11/05/2025,16:00,Domingo,05,Sport Recife,Vitória,4,0,Visitante,Raphael Claus,30.1,5.0,180.0,7.8,28.0,3.4,182.8,4.7,Ilha do Retiro,16006
Cruzeiro,2025,9,18/05/2025,20:30,Domingo,05,Atlético Mineiro,Empate,0,0,Mandante,Flavio Rodrigues De Souza,29.7,4.7,178.5,8.5,29.4,4.4,179.2,7.0,Governador Magalhães Pinto,61106
Cruzeiro,2025,10,25/05/2025,20:30,Domingo,05,Fortaleza,Vitória,2,0,Visitante,Joao Vitor Gobi,28.4,4.7,179.5,7.8,31.1,3.8,180.1,5.4,Estádio Governador Plácido Castelo,12080
Cruzeiro,2025,11,01/06/2025,19:30,Domingo,06,Palmeiras,Vitória,2,1,Mandante,Rodrigo Jose Pereira de Lima,28.3,4.8,180.1,8.1,25.8,4.7,183.2,5.7,Governador Magalhães Pinto,57747
Cruzeiro,2025,12,12/06/2025,19:00,Quinta,06,Vitória,Empate,0,0,Visitante,Alex Gomes Stefano,30.3,4.4,179.7,8.0,28.1,3.4,179.0,7.7,Estádio Manoel Barradas,6264
Cruzeiro,2025,13,13/07/2025,20:30,Domingo,07,Grêmio,Vitória,4,1,Mandante,Lucas Paulo Torezin,29.3,4.3,179.2,7.9,27.1,4.6,180.6,6.6,Governador Magalhães Pinto,31668
Cruzeiro,2025,14,17/07/2025,19:30,Quinta,07,Fluminense,Vitória,2,0,Visitante,Rafael Rodrigo Klein,29.4,5.7,179.4,8.3,31.3,6.8,175.5,7.5,Estádio do Maracanã,45681
Cruzeiro,2025,15,20/07/2025,16:00,Domingo,07,Juventude,Vitória,4,0,Mandante,Lucas Casagrande,27.5,4.3,179.4,7.4,29.5,4.1,179.3,5.2,Governador Magalhães Pinto,62170
Cruzeiro,2025,16,23/07/2025,19:30,Quarta,07,Corinthians,Empate,0,0,Visitante,Alex Gomes Stefano,29.4,4.3,179.2,7.9,27.8,3.9,181.6,8.8,Neo Química Arena,31232
Cruzeiro,2025,17,27/07/2025,16:00,Domingo,07,Ceará,Derrota,1,2,Mandante,Raphael Claus,30.9,4.7,179.0,8.6,28.7,3.5,179.8,8.5,Governador Magalhães Pinto,52802
Cruzeiro,2025,18,03/08/2025,16:00,Domingo,08,Botafogo,Vitória,2,0,Visitante,Matheus Delgado Candançan,29.4,4.3,179.2,7.9,28.6,4.0,180.4,9.5,Estádio Nilton Santos,35125
Cruzeiro,2025,19,10/08/2025,18:30,Domingo,08,Santos,Derrota,1,2,Mandante,Wilton Pereira Sampaio,29.4,4.3,179.2,7.9,28.1,6.4,180.6,6.9,Governador Magalhães Pinto,59345
Cruzeiro,2025,20,18/08/2025,20:00,Segunda,08,Mirassol,Empate,1,1,Visitante,Bruno Arleu de Araujo,29.0,5.9,183.5,6.3,29.6,4.3,179.0,6.4,Estádio José Maria de Campos Maia,6015
Cruzeiro,2025,21,23/08/2025,18:30,Sábado,08,Internacional,Vitória,2,1,Mandante,Matheus Delgado Candançan,29.4,4.3,179.2,7.9,27.6,4.1,180.4,8.2,Governador Magalhães Pinto,44402
Cruzeiro,2025,22,30/08/2025,21:00,Sábado,08,São Paulo,Vitória,1,0,Mandante,Anderson Daronco,29.7,4.1,178.9,8.0,27.9,4.6,181.9,5.3,Governador Magalhães Pinto,36882
Cruzeiro,2025,23,15/09/2025,20:00,Segunda,09,Bahia,Vitória,2,1,Visitante,Flavio Rodrigues De Souza,29.1,4.2,178.5,7.9,27.7,4.8,181.0,6.8,Arena Fonte Nova,32160
Cruzeiro,2025,24,21/09/2025,20:30,Domingo,09,Red Bull Bragantino,Vitória,2,1,Mandante,Lucas Paulo Torezin,29.5,4.3,179.2,7.9,26.9,3.7,181.1,7.2,Governador Magalhães Pinto,35726
Cruzeiro,2025,25,27/09/2025,18:30,Sábado,09,Vasco da Gama,Derrota,0,2,Visitante,Rodrigo Jose Pereira de Lima,28.7,4.8,180.1,8.1,27.4,5.0,180.7,5.5,Estádio São Januário,19685
Cruzeiro,2025,26,02/10/2025,20:30,Quinta,10,Flamengo,Empate,0,0,Visitante,Ramon Abatti Abel,29.3,4.3,179.2,7.9,30.1,3.0,181.2,6.5,Estádio do Maracanã,72565
Cruzeiro,2025,27,05/10/2025,20:30,Domingo,10,Sport Recife,Empate,1,1,Mandante,Jefferson Ferreira de Moraes,27.9,6.2,179.9,6.3,29.1,4.7,180.9,9.2,Governador Magalhães Pinto,6581
Cruzeiro,2025,28,15/10/2025,21:30,Quarta,10,Atlético Mineiro,Empate,1,1,Visitante,Paulo Cesar Zanovelli da Silva,28.8,4.9,178.7,7.2,29.2,4.6,177.2,8.4,Arena MRV,40388
Cruzeiro,2025,29,18/10/2025,21:00,Sábado,10,Fortaleza,Vitória,1,0,Mandante,Rodrigo Jose Pereira de Lima,26.2,5.3,179.7,6.9,29.4,4.1,178.2,5.1,Governador Magalhães Pinto,40410
Cruzeiro,2025,30,26/10/2025,20:30,Domingo,10,Palmeiras,Empate,0,0,Visitante,Rafael Rodrigo Klein,29.6,4.3,179.2,7.9,26.7,3.7,183.1,8.8,Nubank Parque,40209
Cruzeiro,2025,31,01/11/2025,16:00,Sábado,11,Vitória,Vitória,3,1,Mandante,Jefferson Ferreira de Moraes,27.3,5.4,179.9,7.7,29.0,2.6,180.9,7.6,Governador Magalhães Pinto,59587
Cruzeiro,2025,32,05/11/2025,20:00,Quarta,11,Grêmio,Vitória,1,0,Visitante,Lucas Paulo Torezin,28.6,5.1,179.3,7.8,29.2,4.7,179.6,7.0,Arena do Grêmio,19841
Cruzeiro,2025,33,09/11/2025,16:00,Domingo,11,Fluminense,Empate,0,0,Mandante,Rodrigo Jose Pereira de Lima,28.9,5.4,179.5,7.9,31.7,6.7,177.5,8.1,Governador Magalhães Pinto,53283
Cruzeiro,2025,34,20/11/2025,16:00,Quinta,11,Juventude,Empate,3,3,Visitante,Savio Pereira Sampaio,29.5,4.2,179.3,7.8,29.5,5.7,178.5,4.4,Estádio Alfredo Jaconi,12186
Cruzeiro,2025,35,23/11/2025,20:30,Domingo,11,Corinthians,Vitória,3,0,Mandante,Alex Gomes Stefano,28.7,5.1,179.3,7.8,25.6,4.5,182.7,7.0,Governador Magalhães Pinto,30673
Cruzeiro,2025,36,29/11/2025,21:00,Sábado,11,Ceará,Empate,1,1,Visitante,Savio Pereira Sampaio,29.1,4.8,180.8,7.2,28.1,2.9,181.7,7.7,Estádio Governador Plácido Castelo,29114
Cruzeiro,2025,37,04/12/2025,19:30,Quinta,12,Botafogo,Empate,2,2,Mandante,Anderson Daronco,29.3,4.3,179.3,7.8,28.3,5.1,179.9,6.3,Governador Magalhães Pinto,34649
Cruzeiro,2025,38,07/12/2025,16:00,Domingo,12,Santos,Derrota,0,3,Visitante,Rodrigo Jose Pereira de Lima,26.3,6.2,182.0,7.1,28.8,4.1,180.7,5.9,Estádio Urbano Caldeira,15068
Flamengo,2015,1,10/05/2015,16:00,Domingo,05,São Paulo,Derrota,1,2,Visitante,Marcelo de Lima Henrique,26.5,2.9,178.5,5.5,26.5,6.6,182.8,4.7,MorumBIS,13656
Flamengo,2015,2,17/05/2015,16:00,Domingo,05,Sport Recife,Empate,2,2,Mandante,Dewson Fernando Freitas da Silva,N.A,N.A,N.A,N.A,N.A,N.A,N.A,N.A,Estádio do Maracanã,34459
Flamengo,2015,3,24/05/2015,16:00,Domingo,05,Avaí,Derrota,1,2,Visitante,Raphael Claus,N.A,N.A,N.A,N.A,N.A,N.A,N.A,N.A,Estádio da Ressacada,11868
Flamengo,2015,4,31/05/2015,18:30,Domingo,05,Fluminense,Derrota,2,3,Mandante,Sandro Meira Ricci,N.A,N.A,N.A,N.A,N.A,N.A,N.A,N.A,Estádio do Maracanã,28663
Flamengo,2015,5,03/06/2015,22:00,Quarta,06,Cruzeiro,Derrota,0,1,Visitante,Luiz Flávio de Oliveira,27.1,3.6,178.9,6.3,26.8,4.2,177.7,7.2,Governador Magalhães Pinto,12071
Flamengo,2015,6,06/06/2015,18:30,Sábado,06,Chapecoense,Vitória,1,0,Mandante,Anderson Daronco,26.5,3.4,180.1,5.1,28.0,2.5,179.3,6.6,Estádio do Maracanã,20156
Flamengo,2015,7,13/06/2015,16:30,Sábado,06,Coritiba,Vitória,1,0,Visitante,Guilherme Ceretta de Lima,26.8,3.2,179.4,5.4,26.0,3.3,178.4,5.2,Estádio Major Antônio Couto Pereira,9603
Flamengo,2015,8,20/06/2015,16:30,Sábado,06,Atlético Mineiro,Derrota,0,2,Mandante,Thiago Duarte Peixoto,27.6,4.3,179.2,7.0,27.9,4.1,181.7,6.9,Estádio do Maracanã,42318
Flamengo,2015,9,28/06/2015,18:30,Domingo,06,Vasco da Gama,Derrota,0,1,Visitante,Heber Roberto Lopes,27.2,4.4,178.9,7.6,27.8,5.1,180.1,4.3,Estádio São Januário,14010
Flamengo,2015,10,01/07/2015,22:00,Quarta,07,Joinville,Vitória,1,0,Visitante,Leandro Pedro Vuaden,25.8,4.6,180.6,6.4,24.5,4.1,182.5,4.0,Arena Joinville,15731
Flamengo,2015,11,05/07/2015,18:30,Domingo,07,Figueirense,Derrota,1,2,Mandante,Jailson Macedo Freitas,25.9,4.4,180.4,6.2,28.3,2.7,182.4,6.4,Estádio do Maracanã,31684
Flamengo,2015,12,08/07/2015,22:00,Quarta,07,Internacional,Vitória,2,1,Visitante,Wilton Pereira Sampaio,27.1,4.5,181.5,6.5,24.9,4.8,179.7,7.4,Estádio Beira-Rio,10931
Flamengo,2015,13,12/07/2015,16:00,Domingo,07,Corinthians,Derrota,0,3,Mandante,Leandro Pedro Vuaden,N.A,N.A,N.A,N.A,N.A,N.A,N.A,N.A,Estádio do Maracanã,26209
Flamengo,2015,14,18/07/2015,18:30,Sábado,07,Grêmio,Vitória,1,0,Mandante,Ricardo Marques Ribeiro,N.A,N.A,N.A,N.A,N.A,N.A,N.A,N.A,Estádio do Maracanã,56927
Flamengo,2015,15,26/07/2015,16:00,Domingo,07,Goiás,Vitória,1,0,Visitante,Heber Roberto Lopes,26.1,3.8,182.4,6.7,25.3,4.1,180.5,4.4,Serra Dourada,11450
Flamengo,2015,16,02/08/2015,16:00,Domingo,08,Santos,Empate,2,2,Mandante,Anderson Daronco,27.7,4.5,179.4,6.4,26.3,5.6,181.5,7.7,Estádio do Maracanã,51749
Flamengo,2015,17,09/08/2015,16:00,Domingo,08,Ponte Preta,Derrota,0,1,Visitante,Jailson Macedo Freitas,27.2,4.7,180.0,7.4,27.1,3.6,178.0,6.9,Moisés Lucarelli,11694
Flamengo,2015,18,12/08/2015,19:30,Quarta,08,Athletico,Vitória,3,2,Mandante,Marcelo Aparecido Ribeiro de Souza,N.A,N.A,N.A,N.A,N.A,N.A,N.A,N.A,Estádio do Maracanã,20881
Flamengo,2015,19,16/08/2015,11:00,Domingo,08,Palmeiras,Derrota,2,4,Visitante,Igor Junio Benevenuto,26.4,5.1,180.3,7.2,29.6,5.6,180.1,8.3,Nubank Parque,37739
Flamengo,2015,20,23/08/2015,16:00,Domingo,08,São Paulo,Vitória,2,1,Mandante,Anderson Daronco,28.0,4.3,179.5,7.1,26.0,3.6,182.3,6.4,Estádio do Maracanã,42954
Flamengo,2015,21,30/08/2015,16:00,Domingo,08,Sport Recife,Vitória,1,0,Visitante,Braulio Da Silva Machado,N.A,N.A,N.A,N.A,N.A,N.A,N.A,N.A,Ilha do Retiro,34939
Flamengo,2015,22,02/09/2015,21:00,Quarta,09,Avaí,Vitória,3,0,Mandante,Thiago Duarte Peixoto,28.1,3.9,178.3,5.7,26.3,3.6,180.5,8.0,Estádio do Maracanã,22825
Flamengo,2015,23,06/09/2015,16:00,Domingo,09,Fluminense,Vitória,3,1,Visitante,Ricardo Marques Ribeiro,28.1,3.9,178.0,5.9,27.9,4.7,179.2,7.3,Estádio do Maracanã,55999
Flamengo,2015,24,10/09/2015,21:00,Quinta,09,Cruzeiro,Vitória,2,0,Mandante,Marcelo Aparecido Ribeiro de Souza,26.4,4.5,180.6,5.3,28.0,5.1,179.3,6.8,Estádio do Maracanã,38539
Flamengo,2015,25,13/09/2015,16:00,Domingo,09,Chapecoense,Vitória,3,1,Visitante,Anderson Daronco,25.8,3.5,180.5,6.1,29.6,2.7,181.0,6.4,Arena Condá,10800
Flamengo,2015,26,17/09/2015,21:00,Quinta,09,Coritiba,Derrota,0,2,Mandante,Marielson Alves Silva,25.9,3.5,180.0,6.1,28.2,4.7,178.9,6.4,Estádio do Maracanã,67011
Flamengo,2015,27,20/09/2015,16:00,Domingo,09,Atlético Mineiro,Derrota,1,4,Visitante,Sandro Meira Ricci,26.8,3.2,179.7,5.7,28.5,4.4,180.9,7.5,Arena Independência,20203
Flamengo,2015,28,27/09/2015,16:00,Domingo,09,Vasco da Gama,Derrota,1,2,Mandante,Leandro Pedro Vuaden,27.2,5.0,180.0,6.6,30.8,4.1,181.4,5.8,Estádio do Maracanã,44361
Flamengo,2015,29,04/10/2015,11:00,Domingo,10,Joinville,Vitória,2,0,Mandante,Luiz Flávio de Oliveira,25.9,3.9,181.2,7.0,27.5,5.9,180.4,5.1,Estádio do Maracanã,52462
Flamengo,2015,30,14/10/2015,21:00,Quarta,10,Figueirense,Derrota,0,3,Visitante,Anderson Daronco,27.6,4.2,178.8,6.5,25.8,3.0,179.7,5.3,Orlando Scarpelli,12820
Flamengo,2015,31,18/10/2015,15:00,Domingo,10,Internacional,Derrota,0,1,Mandante,Heber Roberto Lopes,27.3,5.0,179.7,6.8,26.9,4.5,182.0,6.9,Estádio do Maracanã,28786
Flamengo,2015,32,25/10/2015,16:00,Domingo,10,Corinthians,Derrota,0,1,Visitante,Wilton Pereira Sampaio,26.8,3.6,180.3,5.8,27.5,4.5,180.3,8.9,Neo Química Arena,43515
Flamengo,2015,33,01/11/2015,16:00,Domingo,11,Grêmio,Derrota,0,2,Visitante,Braulio Da Silva Machado,26.4,4.0,181.4,5.2,25.8,4.1,181.7,6.0,Arena do Grêmio,37793
Flamengo,2015,34,08/11/2015,16:00,Domingo,11,Goiás,Vitória,4,1,Mandante,Luiz Flávio de Oliveira,26.9,4.8,179.7,6.0,25.5,3.6,178.6,5.3,Estádio do Maracanã,15421
Flamengo,2015,35,19/11/2015,21:00,Quinta,11,Santos,Empate,0,0,Visitante,Heber Roberto Lopes,27.3,4.5,179.8,6.0,25.9,6.0,181.2,7.8,Estádio Urbano Caldeira,8071
Flamengo,2015,36,22/11/2015,17:00,Domingo,11,Ponte Preta,Empate,1,1,Mandante,Dewson Fernando Freitas da Silva,28.3,4.0,179.2,6.2,27.1,4.3,177.5,7.8,Arena BRB Mané Garrincha,12814
Flamengo,2015,37,29/11/2015,18:30,Domingo,11,Athletico,Derrota,0,3,Visitante,Marcelo Aparecido Ribeiro de Souza,27.3,2.3,179.1,5.6,26.2,5.0,177.5,5.3,Arena da Baixada,23975
Flamengo,2015,38,06/12/2015,16:00,Domingo,12,Palmeiras,Derrota,1,2,Mandante,Reway Wagner,26.6,4.8,179.3,6.8,27.3,6.1,179.6,8.2,Estádio do Maracanã,16070
Flamengo,2016,1,14/05/2016,16:00,Sábado,05,Sport Recife,Vitória,1,0,Mandante,Marcelo Aparecido Ribeiro de Souza,27.6,5.9,179.5,5.0,28.1,5.3,177.7,7.1,Estádio Raulino de Oliveira,9382
Flamengo,2016,2,22/05/2016,16:00,Domingo,05,Grêmio,Derrota,0,1,Visitante,Luiz Flávio de Oliveira,27.1,5.1,179.3,4.9,28.0,3.3,182.4,6.7,Arena do Grêmio,15976
Flamengo,2016,3,25/05/2016,21:00,Quarta,05,Chapecoense,Empate,2,2,Mandante,Diego Almeida Real,25.7,5.3,180.1,4.6,28.3,4.1,179.5,5.5,Estádio Raulino de Oliveira,2705
Flamengo,2016,4,29/05/2016,11:00,Domingo,05,Ponte Preta,Vitória,2,1,Visitante,Anderson Daronco,24.5,3.9,180.6,5.9,26.9,5.0,181.6,6.1,Moisés Lucarelli,7106
Flamengo,2016,5,02/06/2016,21:00,Quinta,06,Vitória,Vitória,1,0,Mandante,Igor Junio Benevenuto,24.2,3.5,181.3,5.2,27.1,3.7,180.0,6.5,Estádio Raulino de Oliveira,6164
Flamengo,2016,6,05/06/2016,16:00,Domingo,06,Palmeiras,Derrota,1,2,Mandante,Dewson Fernando Freitas da Silva,24.8,4.0,179.9,6.2,25.4,5.3,179.9,7.2,Arena BRB Mané Garrincha,54665
Flamengo,2016,7,12/06/2016,16:00,Domingo,06,Figueirense,Derrota,0,1,Visitante,Leandro Pedro Vuaden,25.2,4.0,180.5,5.1,28.4,4.0,180.9,8.6,Orlando Scarpelli,10948
Flamengo,2016,8,15/06/2016,21:45,Quarta,06,Cruzeiro,Vitória,1,0,Visitante,Raphael Claus,25.7,3.8,181.5,6.1,25.9,5.3,183.3,5.8,Governador Magalhães Pinto,17593
Flamengo,2016,9,19/06/2016,16:00,Domingo,06,São Paulo,Empate,2,2,Mandante,Elmo Alves Resende Cunha,25.7,3.8,181.5,6.1,25.5,4.0,183.5,4.5,Estádio do Maracanã,27233
Flamengo,2016,10,22/06/2016,21:00,Quarta,06,Santa Cruz,Vitória,1,0,Visitante,Reway Wagner,25.7,3.8,181.5,6.1,29.5,3.8,178.5,6.9,Estádio do Arruda,12739
Flamengo,2016,11,26/06/2016,16:00,Domingo,06,Fluminense,Derrota,1,2,Mandante,Luiz Flávio de Oliveira,27.8,3.8,182.0,5.9,28.6,5.4,180.0,6.1,Arena das Dunas,25946
Flamengo,2016,12,29/06/2016,19:30,Quarta,06,Internacional,Vitória,1,0,Mandante,Ricardo Marques Ribeiro,27.2,3.8,182.2,5.6,26.0,3.3,180.2,5.6,Estádio Kleber Andrade,21000
Flamengo,2016,13,03/07/2016,16:00,Domingo,07,Corinthians,Derrota,0,4,Visitante,Heber Roberto Lopes,27.2,3.8,182.2,5.6,25.9,2.4,180.4,7.1,Neo Química Arena,32577
Flamengo,2016,14,10/07/2016,11:00,Domingo,07,Atlético Mineiro,Vitória,2,0,Mandante,Marielson Alves Silva,26.8,4.1,181.1,6.6,27.7,4.9,180.3,8.1,Arena BRB Mané Garrincha,23390
Flamengo,2016,15,16/07/2016,16:00,Sábado,07,Botafogo,Empate,3,3,Visitante,Flavio Rodrigues De Souza,28.6,4.6,181.0,6.0,27.5,3.8,180.8,5.3,Estádio Luso Brasileiro,11692
Flamengo,2016,16,25/07/2016,20:00,Segunda,07,América Mineiro,Vitória,2,1,Mandante,Rodrigo Batista Raposo,29.6,3.7,179.0,7.0,28.7,4.1,180.3,4.5,Estádio Kleber Andrade,16523
Flamengo,2016,17,31/07/2016,16:00,Domingo,07,Coritiba,Vitória,2,0,Visitante,Ricardo Marques Ribeiro,29.0,3.7,178.8,6.0,29.0,4.8,179.2,5.7,Estádio Major Antônio Couto Pereira,16177
Flamengo,2016,18,03/08/2016,21:45,Quarta,08,Santos,Empate,0,0,Visitante,Dewson Fernando Freitas da Silva,28.2,2.9,180.1,7.0,25.8,5.0,183.3,6.9,Arena Pantanal,21814
Flamengo,2016,19,06/08/2016,18:30,Sábado,08,Athletico,Vitória,1,0,Mandante,Emerson De Almeida Ferreira,29.0,2.5,179.2,7.4,25.2,3.2,180.2,6.6,Estádio Kleber Andrade,19036
Flamengo,2016,20,13/08/2016,16:00,Sábado,08,Sport Recife,Derrota,0,1,Visitante,Rodolpho Toski Marques,28.4,2.8,180.2,7.0,27.8,5.0,177.7,7.9,Ilha do Retiro,25019
Flamengo,2016,21,21/08/2016,11:00,Domingo,08,Grêmio,Vitória,2,1,Mandante,Raphael Claus,27.8,3.4,180.3,7.1,27.1,4.4,178.9,7.3,Arena BRB Mané Garrincha,22552
Flamengo,2016,22,28/08/2016,16:00,Domingo,08,Chapecoense,Vitória,3,1,Visitante,Caio Max Augusto Vieira,28.4,3.6,180.6,6.7,29.1,4.2,179.2,6.0,Arena Condá,11562
Flamengo,2016,23,07/09/2016,21:45,Quarta,09,Ponte Preta,Vitória,2,1,Mandante,Francisco Carlos Do Nascimento,27.9,3.4,180.8,6.9,29.2,3.9,179.9,8.3,Estádio Kleber Andrade,16358
Flamengo,2016,24,10/09/2016,18:30,Sábado,09,Vitória,Vitória,2,1,Visitante,Vinicius Furlan,28.2,3.5,180.5,7.2,25.8,3.8,179.0,8.7,Estádio Manoel Barradas,28387
Flamengo,2016,25,14/09/2016,21:45,Quarta,09,Palmeiras,Empate,1,1,Visitante,Andre Luiz de Freitas Castro,28.0,3.4,180.8,6.9,26.9,6.5,178.9,8.2,Nubank Parque,32885
Flamengo,2016,26,18/09/2016,11:00,Domingo,09,Figueirense,Vitória,2,0,Mandante,Luiz Flávio de Oliveira,27.2,3.2,181.1,6.6,25.7,3.1,181.5,6.6,Mercado Livre Arena Pacaembu,29605
Flamengo,2016,27,25/09/2016,16:00,Domingo,09,Cruzeiro,Vitória,2,1,Mandante,Leandro Pedro Vuaden,28.5,3.6,180.6,6.7,27.5,3.4,178.3,6.8,Estádio Kleber Andrade,15680
Flamengo,2016,28,01/10/2016,16:00,Sábado,10,São Paulo,Empate,0,0,Visitante,Sandro Meira Ricci,28.0,3.7,180.8,6.5,27.6,3.7,180.5,6.4,MorumBIS,29813
Flamengo,2016,29,09/10/2016,17:00,Domingo,10,Santa Cruz,Vitória,3,0,Mandante,Ricardo Marques Ribeiro,28.1,3.6,179.1,7.1,27.4,5.1,181.5,8.1,Mercado Livre Arena Pacaembu,23272
Flamengo,2016,30,13/10/2016,21:00,Quinta,10,Fluminense,Vitória,2,1,Visitante,Sandro Meira Ricci,28.2,3.5,180.5,7.2,27.5,4.4,179.9,7.6,Estádio Raulino de Oliveira,11166
Flamengo,2016,31,16/10/2016,16:00,Domingo,10,Internacional,Derrota,1,2,Visitante,Wilton Pereira Sampaio,28.5,3.6,180.6,6.7,27.7,4.9,180.7,5.0,Estádio Beira-Rio,31981
Flamengo,2016,32,23/10/2016,16:00,Domingo,10,Corinthians,Empate,2,2,Mandante,Anderson Daronco,29.6,4.5,180.4,7.0,27.6,1.7,178.6,6.3,Estádio do Maracanã,65743
Flamengo,2016,33,29/10/2016,15:30,Sábado,10,Atlético Mineiro,Empate,2,2,Visitante,Braulio Da Silva Machado,28.9,3.7,180.4,7.0,29.2,4.1,179.1,8.4,Arena Independência,45952
Flamengo,2016,34,05/11/2016,16:00,Sábado,11,Botafogo,Empate,0,0,Mandante,Jean Pierre Goncalves Lima,28.9,3.7,180.4,7.0,27.5,3.6,179.5,7.2,Estádio do Maracanã,44388
Flamengo,2016,35,16/11/2016,20:45,Quarta,11,América Mineiro,Vitória,1,0,Visitante,Raphael Claus,29.5,4.2,179.5,6.9,28.4,4.4,181.5,6.2,Governador Magalhães Pinto,7420
Flamengo,2016,36,20/11/2016,18:30,Domingo,11,Coritiba,Empate,2,2,Mandante,Ricardo Marques Ribeiro,28.6,3.6,180.6,6.7,26.6,4.5,180.2,5.3,Estádio do Maracanã,40802
Flamengo,2016,37,27/11/2016,16:00,Domingo,11,Santos,Vitória,2,0,Mandante,Eduardo Tomaz de Aquino Valadao,28.7,3.6,180.6,6.7,27.9,5.7,181.2,6.2,Estádio do Maracanã,37615
Flamengo,2016,38,11/12/2016,16:00,Domingo,12,Athletico,Empate,0,0,Visitante,Elmo Alves Resende Cunha,29.0,4.5,180.5,6.1,27.4,4.4,181.8,6.5,Arena da Baixada,35396
Flamengo,2017,1,13/05/2017,16:00,Sábado,05,Atlético Mineiro,Empate,1,1,Mandante,Jailson Macedo Freitas,28.2,3.9,180.1,6.9,30.1,3.6,179.8,8.3,Estádio do Maracanã,50220
Flamengo,2017,2,20/05/2017,19:00,Sábado,05,Atlético Goianiense,Vitória,3,0,Visitante,Igor Junio Benevenuto,28.9,2.6,180.7,6.6,26.9,1.7,183.0,5.1,Serra Dourada,10144
Flamengo,2017,3,28/05/2017,16:00,Domingo,05,Athletico,Empate,1,1,Visitante,Braulio Da Silva Machado,28.1,4.0,179.7,6.9,28.7,5.4,181.4,6.7,Arena da Baixada,19923
Flamengo,2017,4,04/06/2017,11:00,Domingo,06,Botafogo,Empate,0,0,Mandante,Dewson Fernando Freitas da Silva,30.0,4.1,179.8,6.3,26.9,3.9,181.6,7.1,Estádio do Maracanã,10577
Flamengo,2017,5,07/06/2017,21:45,Quarta,06,Sport Recife,Derrota,0,2,Visitante,Anderson Daronco,30.2,3.8,179.7,6.7,28.1,5.7,178.1,7.0,Ilha do Retiro,11426
Flamengo,2017,6,11/06/2017,16:00,Domingo,06,Avaí,Empate,1,1,Visitante,Paulo Schleich Vollkopf,28.3,5.8,179.3,6.8,28.6,4.4,178.8,7.0,Estádio da Ressacada,13448
Flamengo,2017,7,14/06/2017,21:00,Quarta,06,Ponte Preta,Vitória,2,0,Mandante,Ricardo Marques Ribeiro,26.9,4.8,179.4,7.1,28.4,3.9,179.9,7.0,Estádio do Maracanã,13981
Flamengo,2017,8,18/06/2017,16:00,Domingo,06,Fluminense,Empate,2,2,Visitante,Vinicius Goncalves Dias Araujo,28.3,6.0,178.8,6.5,24.6,4.2,182.3,6.2,Estádio do Maracanã,33112
Flamengo,2017,9,22/06/2017,21:00,Quinta,06,Chapecoense,Vitória,5,1,Mandante,Leandro Bizzio Marinho,29.2,4.9,179.9,6.3,27.7,3.0,181.0,6.6,Estádio Luso Brasileiro,14632
Flamengo,2017,10,25/06/2017,18:30,Domingo,06,Bahia,Vitória,1,0,Visitante,Igor Junio Benevenuto,27.6,4.4,179.5,7.2,26.0,3.7,179.4,6.9,Arena Fonte Nova,21929
Flamengo,2017,11,02/07/2017,16:00,Domingo,07,São Paulo,Vitória,2,0,Mandante,Leandro Pedro Vuaden,29.2,3.9,179.5,7.9,26.7,4.5,181.5,6.5,Estádio do Maracanã,17302
Flamengo,2017,12,08/07/2017,18:00,Sábado,07,Vasco da Gama,Vitória,1,0,Visitante,Anderson Daronco,28.3,3.8,179.2,7.1,28.4,5.9,180.5,6.4,Estádio São Januário,19622
Flamengo,2017,13,13/07/2017,19:30,Quinta,07,Grêmio,Derrota,0,1,Mandante,Marcelo Aparecido Ribeiro de Souza,28.0,3.6,179.3,7.1,27.5,4.0,179.2,7.4,Estádio Luso Brasileiro,18204
Flamengo,2017,14,16/07/2017,16:00,Domingo,07,Cruzeiro,Empate,1,1,Visitante,Rodolpho Toski Marques,28.5,3.9,179.0,7.0,27.5,4.7,179.7,6.9,Governador Magalhães Pinto,43439
Flamengo,2017,15,19/07/2017,21:45,Quarta,07,Palmeiras,Empate,2,2,Mandante,Jailson Macedo Freitas,29.0,3.9,178.9,7.1,28.6,6.4,179.5,7.4,Estádio Luso Brasileiro,15103
Flamengo,2017,16,22/07/2017,19:00,Sábado,07,Coritiba,Vitória,2,1,Mandante,Braulio Da Silva Machado,28.2,4.5,180.7,5.3,26.8,2.3,180.8,5.2,Estádio Luso Brasileiro,13014
Flamengo,2017,17,30/07/2017,16:00,Domingo,07,Corinthians,Empate,1,1,Visitante,Ricardo Marques Ribeiro,30.9,3.8,178.4,6.6,25.5,3.7,178.8,9.2,Neo Química Arena,44682
Flamengo,2017,18,02/08/2017,21:45,Quarta,08,Santos,Derrota,2,3,Visitante,Eduardo Tomaz de Aquino Valadao,30.5,4.1,179.0,6.5,28.6,5.4,182.5,6.0,Estádio Urbano Caldeira,27030
Flamengo,2017,19,06/08/2017,11:00,Domingo,08,Vitória,Derrota,0,2,Mandante,Raphael Claus,28.4,3.8,180.1,7.4,26.2,3.9,180.3,7.5,Estádio Luso Brasileiro,16521
Flamengo,2017,20,13/08/2017,16:00,Domingo,08,Atlético Mineiro,Derrota,0,2,Visitante,Elmo Alves Resende Cunha,28.3,3.9,180.7,7.2,30.3,4.3,180.4,7.9,Arena Independência,11031
Flamengo,2017,21,19/08/2017,19:00,Sábado,08,Atlético Goianiense,Vitória,2,0,Mandante,Rodolpho Toski Marques,27.8,5.1,180.9,7.3,27.1,2.2,181.0,6.6,Estádio Luso Brasileiro,7082
Flamengo,2017,22,27/08/2017,16:00,Domingo,08,Athletico,Vitória,2,0,Mandante,Marcelo Aparecido Ribeiro de Souza,30.1,4.1,180.0,6.3,26.3,4.1,182.5,5.4,Estádio Luso Brasileiro,10199
Flamengo,2017,23,10/09/2017,19:00,Domingo,09,Botafogo,Derrota,0,2,Visitante,Ricardo Marques Ribeiro,27.5,3.7,180.4,6.9,25.8,4.3,179.7,6.7,Estádio Nilton Santos,6311
Flamengo,2017,24,17/09/2017,16:00,Domingo,09,Sport Recife,Vitória,2,0,Mandante,Vinicius Goncalves Dias Araujo,30.0,3.0,180.4,7.6,30.0,4.6,179.1,5.5,Estádio Luso Brasileiro,9029
Flamengo,2017,25,23/09/2017,19:00,Sábado,09,Avaí,Empate,1,1,Mandante,Claudio Francisco Lima E. Silva,27.4,4.1,179.1,6.7,26.8,2.3,182.6,3.8,Estádio Luso Brasileiro,9584
Flamengo,2017,26,02/10/2017,20:00,Segunda,10,Ponte Preta,Derrota,0,1,Visitante,Igor Junio Benevenuto,28.9,4.1,179.5,7.5,29.3,5.5,180.0,7.9,Moisés Lucarelli,11133
Flamengo,2017,27,12/10/2017,17:00,Quinta,10,Fluminense,Empate,1,1,Mandante,Luiz Flávio de Oliveira,29.6,4.7,179.7,6.4,26.0,4.3,180.1,9.2,Estádio Luso Brasileiro,38629
Flamengo,2017,28,15/10/2017,16:00,Domingo,10,Chapecoense,Vitória,1,0,Visitante,Dewson Fernando Freitas da Silva,29.6,3.1,179.6,6.7,28.0,4.2,182.9,6.9,Arena Condá,10484
Flamengo,2017,29,19/10/2017,20:00,Quinta,10,Bahia,Vitória,4,1,Mandante,Marcelo Aparecido Ribeiro de Souza,30.3,4.2,179.9,6.1,26.3,3.3,179.7,6.7,Estádio Luso Brasileiro,8282
Flamengo,2017,30,22/10/2017,16:00,Domingo,10,São Paulo,Derrota,0,2,Visitante,Rafael Traci,28.5,2.9,180.1,7.2,27.6,4.3,181.9,6.1,Mercado Livre Arena Pacaembu,32915
Flamengo,2017,31,28/10/2017,18:00,Sábado,10,Vasco da Gama,Empate,0,0,Mandante,Ricardo Marques Ribeiro,29.9,4.7,178.5,6.5,28.3,4.6,179.5,5.6,Estádio do Maracanã,24813
Flamengo,2017,32,05/11/2017,16:00,Domingo,11,Grêmio,Derrota,1,3,Visitante,Raphael Claus,28.3,3.7,179.5,6.9,28.2,3.4,179.3,7.1,Arena do Grêmio,18199
Flamengo,2017,33,08/11/2017,20:45,Quarta,11,Cruzeiro,Vitória,2,0,Mandante,Leandro Bizzio Marinho,27.2,4.0,180.2,6.5,28.4,5.0,180.0,7.0,Estádio Luso Brasileiro,7111
Flamengo,2017,34,12/11/2017,16:00,Domingo,11,Palmeiras,Derrota,0,2,Visitante,Braulio Da Silva Machado,27.2,4.0,180.2,6.5,29.9,5.0,180.8,6.6,Nubank Parque,27831
Flamengo,2017,35,16/11/2017,20:00,Quinta,11,Coritiba,Derrota,0,1,Visitante,Raphael Claus,29.9,4.8,177.9,6.5,27.3,3.4,178.1,5.8,Estádio Major Antônio Couto Pereira,14821
Flamengo,2017,36,19/11/2017,16:00,Domingo,11,Corinthians,Vitória,3,0,Mandante,Reway Wagner,28.0,3.7,180.1,6.5,26.5,2.7,181.7,7.5,Estádio Luso Brasileiro,13491
Flamengo,2017,37,26/11/2017,18:00,Domingo,11,Santos,Derrota,1,2,Mandante,Braulio Da Silva Machado,26.8,3.9,180.3,6.4,29.4,5.0,182.6,6.5,Estádio Luso Brasileiro,15456
Flamengo,2017,38,03/12/2017,16:00,Domingo,12,Vitória,Vitória,2,1,Visitante,Dewson Fernando Freitas da Silva,26.1,4.0,179.9,6.4,28.2,3.9,178.6,7.7,Estádio Manoel Barradas,29008
Flamengo,2018,1,14/04/2018,19:00,Sábado,04,Vitória,Empate,2,2,Visitante,Reway Wagner,28.3,5.9,179.3,6.0,26.3,4.2,182.1,7.7,Estádio Manoel Barradas,12669
Flamengo,2018,2,21/04/2018,19:00,Sábado,04,América Mineiro,Vitória,2,0,Mandante,Leandro Bizzio Marinho,26.4,5.5,180.1,5.5,27.6,4.2,181.5,7.9,Estádio Luso Brasileiro,52106
Flamengo,2018,3,29/04/2018,16:00,Domingo,04,Ceará,Vitória,3,0,Visitante,Anderson Daronco,28.4,5.9,179.3,6.0,28.1,3.6,179.8,7.6,Estádio Governador Plácido Castelo,52962
Flamengo,2018,4,06/05/2018,16:00,Domingo,05,Internacional,Vitória,2,0,Mandante,Luiz Flávio de Oliveira,26.2,4.6,179.5,5.9,27.4,4.2,183.6,4.9,Estádio Luso Brasileiro,60182
Flamengo,2018,5,13/05/2018,16:00,Domingo,05,Chapecoense,Derrota,2,3,Visitante,Leandro Pedro Vuaden,27.9,5.8,179.5,6.2,27.9,3.2,180.7,6.8,Arena Condá,10931
Flamengo,2018,6,19/05/2018,19:00,Sábado,05,Vasco da Gama,Empate,1,1,Mandante,Ricardo Marques Ribeiro,26.8,5.0,179.4,6.0,29.0,3.0,180.2,6.0,Estádio do Maracanã,35208
Flamengo,2018,7,26/05/2018,21:00,Sábado,05,Atlético Mineiro,Vitória,1,0,Visitante,Anderson Daronco,25.7,5.0,179.2,4.8,25.5,5.4,180.1,6.9,Arena Independência,15797
Flamengo,2018,8,31/05/2018,16:00,Quinta,05,Bahia,Vitória,2,0,Mandante,Jean Pierre Goncalves Lima,26.8,4.8,179.9,6.1,27.5,3.6,179.7,7.3,Estádio do Maracanã,55382
Flamengo,2018,9,03/06/2018,16:00,Domingo,06,Corinthians,Vitória,1,0,Mandante,Anderson Daronco,26.8,4.8,179.9,6.1,26.1,4.9,177.5,6.4,Estádio do Maracanã,49222
Flamengo,2018,10,07/06/2018,20:00,Quinta,06,Fluminense,Vitória,2,0,Visitante,Dewson Fernando Freitas da Silva,25.7,4.5,179.5,6.2,25.5,3.6,182.0,8.4,Arena BRB Mané Garrincha,60000
Flamengo,2018,11,10/06/2018,19:00,Domingo,06,Paraná Clube,Vitória,2,0,Mandante,Marcelo Aparecido Ribeiro de Souza,25.5,5.1,178.8,5.0,25.7,3.7,178.9,6.2,Estádio do Maracanã,59488
Flamengo,2018,12,13/06/2018,21:00,Quarta,06,Palmeiras,Empate,1,1,Visitante,Braulio Da Silva Machado,23.7,4.4,179.5,4.6,29.9,4.6,179.4,6.3,Nubank Parque,36882
Flamengo,2018,13,18/07/2018,21:45,Quarta,07,São Paulo,Derrota,0,1,Mandante,Paulo Roberto Alves Junior,28.1,4.9,180.2,6.5,30.2,4.2,181.9,5.3,Estádio Luso Brasileiro,55986
Flamengo,2018,14,21/07/2018,19:00,Sábado,07,Botafogo,Vitória,2,0,Mandante,Luiz Flávio de Oliveira,27.9,5.0,179.8,6.2,28.3,4.9,182.5,6.7,Estádio Luso Brasileiro,42182
Flamengo,2018,15,25/07/2018,21:45,Quarta,07,Santos,Empate,1,1,Visitante,Jailson Macedo Freitas,27.8,5.0,179.1,6.4,25.9,4.2,181.6,7.6,Estádio Urbano Caldeira,11843
Flamengo,2018,16,29/07/2018,16:00,Domingo,07,Sport Recife,Vitória,4,1,Mandante,Marcelo Aparecido Ribeiro de Souza,27.5,4.5,178.9,6.1,30.4,4.8,181.0,4.7,Estádio do Maracanã,58817
Flamengo,2018,17,04/08/2018,19:00,Sábado,08,Grêmio,Derrota,0,2,Visitante,Rafael Traci,26.9,5.7,179.4,4.3,27.5,4.6,180.7,5.7,Arena do Grêmio,14649
Flamengo,2018,18,12/08/2018,16:00,Domingo,08,Cruzeiro,Vitória,1,0,Mandante,Dewson Fernando Freitas da Silva,27.5,4.3,179.9,5.7,28.2,4.1,180.5,6.0,Estádio do Maracanã,55273
Flamengo,2018,19,19/08/2018,11:00,Domingo,08,Athletico,Derrota,0,3,Visitante,Igor Junio Benevenuto,25.3,3.2,180.1,5.7,26.3,4.9,179.5,6.6,Arena da Baixada,20146
Flamengo,2018,20,23/08/2018,19:30,Quinta,08,Vitória,Vitória,1,0,Mandante,Wilton Pereira Sampaio,27.7,4.2,179.5,6.0,24.3,3.6,178.9,9.0,Estádio do Maracanã,51878
Flamengo,2018,21,26/08/2018,16:00,Domingo,08,América Mineiro,Empate,2,2,Visitante,Jean Pierre Goncalves Lima,27.7,4.2,179.5,6.0,32.0,2.4,180.9,7.0,Arena Independência,12887
Flamengo,2018,22,02/09/2018,11:00,Domingo,09,Ceará,Derrota,0,1,Mandante,Raphael Claus,28.8,4.5,180.1,7.4,28.9,4.5,179.8,8.4,Estádio do Maracanã,61277
Flamengo,2018,23,05/09/2018,21:45,Quarta,09,Internacional,Derrota,1,2,Visitante,Ricardo Marques Ribeiro,26.5,4.8,179.9,6.3,27.0,3.2,181.1,5.5,Estádio Beira-Rio,31487
Flamengo,2018,24,08/09/2018,21:00,Sábado,09,Chapecoense,Vitória,2,0,Mandante,Leandro Bizzio Marinho,28.3,3.9,179.7,5.7,27.6,4.5,179.0,7.3,Estádio do Maracanã,30647
Flamengo,2018,25,15/09/2018,19:00,Sábado,09,Vasco da Gama,Empate,1,1,Visitante,Luiz Flávio de Oliveira,28.3,4.6,179.5,5.9,29.2,4.2,181.2,4.5,Estádio São Januário,54288
Flamengo,2018,26,23/09/2018,16:00,Domingo,09,Atlético Mineiro,Vitória,2,1,Mandante,Rodolpho Toski Marques,27.4,4.4,179.6,6.2,29.4,6.6,180.7,8.9,Estádio do Maracanã,39462
Flamengo,2018,27,29/09/2018,21:00,Sábado,09,Bahia,Empate,0,0,Visitante,Igor Junio Benevenuto,26.1,4.5,180.5,6.7,27.2,5.0,181.4,7.2,Arena Fonte Nova,31059
Flamengo,2018,28,05/10/2018,21:00,Sexta,10,Corinthians,Vitória,3,0,Visitante,Paulo Roberto Alves Junior,27.3,3.8,180.5,6.7,27.3,5.2,178.5,8.5,Neo Química Arena,41693
Flamengo,2018,29,13/10/2018,17:00,Sábado,10,Fluminense,Vitória,3,0,Mandante,Wilton Pereira Sampaio,27.3,3.8,180.5,6.7,25.8,4.1,180.6,8.3,Estádio do Maracanã,52924
Flamengo,2018,30,21/10/2018,19:00,Domingo,10,Paraná Clube,Vitória,4,0,Visitante,Braulio Da Silva Machado,27.3,3.8,180.5,6.7,26.6,3.3,180.5,4.5,Durival Britto e Silva,4271
Flamengo,2018,31,27/10/2018,19:00,Sábado,10,Palmeiras,Empate,1,1,Mandante,Rafael Traci,27.4,3.8,180.5,6.7,29.1,4.2,181.2,7.1,Estádio do Maracanã,65102
Flamengo,2018,32,04/11/2018,16:00,Domingo,11,São Paulo,Empate,2,2,Visitante,Wilton Pereira Sampaio,27.4,3.8,180.5,6.7,27.9,4.9,183.0,6.0,MorumBIS,32612
Flamengo,2018,33,10/11/2018,18:00,Sábado,11,Botafogo,Derrota,1,2,Visitante,Braulio Da Silva Machado,27.4,3.8,180.5,6.7,26.3,4.1,181.3,7.5,Estadio Nilton Santos,19267
Flamengo,2018,34,15/11/2018,16:00,Quinta,11,Santos,Vitória,1,0,Mandante,Paulo Roberto Alves Junior,28.7,3.6,180.5,7.2,25.7,4.5,181.4,7.2,Estádio do Maracanã,46067
Flamengo,2018,35,18/11/2018,16:00,Domingo,11,Sport Recife,Vitória,1,0,Visitante,Raphael Claus,26.9,3.6,182.6,7.1,27.3,4.3,182.7,6.2,Ilha do Retiro,26005
Flamengo,2018,36,21/11/2018,20:45,Quarta,11,Grêmio,Vitória,2,0,Mandante,Braulio Da Silva Machado,29.5,3.2,180.8,8.0,27.2,4.7,179.8,6.5,Estádio do Maracanã,36978
Flamengo,2018,37,25/11/2018,16:00,Domingo,11,Cruzeiro,Vitória,2,0,Visitante,Jean Pierre Goncalves Lima,28.4,3.5,180.0,7.2,31.3,3.8,180.2,7.6,Governador Magalhães Pinto,29369
Flamengo,2018,38,01/12/2018,18:00,Sábado,12,Athletico,Derrota,1,2,Mandante,Flavio Rodrigues De Souza,27.9,4.1,180.5,7.1,26.2,3.5,178.5,6.1,Estádio do Maracanã,62994
Flamengo,2019,1,27/04/2019,21:00,Sábado,04,Cruzeiro,Vitória,3,1,Mandante,Anderson Daronco,26.8,2.9,179.3,6.2,30.0,4.8,180.3,7.0,Estádio do Maracanã,35016
Flamengo,2019,2,01/05/2019,16:00,Quarta,05,Internacional,Derrota,1,2,Visitante,Flavio Rodrigues De Souza,27.5,3.3,180.2,7.3,29.2,4.7,180.7,6.0,Estádio Beira-Rio,37001
Flamengo,2019,3,05/05/2019,16:00,Domingo,05,São Paulo,Empate,1,1,Visitante,Ricardo Marques Ribeiro,24.7,4.4,180.0,6.0,26.0,4.6,180.1,5.3,MorumBIS,38749
Flamengo,2019,4,12/05/2019,11:00,Domingo,05,Chapecoense,Vitória,2,1,Mandante,Jean Pierre Goncalves Lima,26.1,4.7,179.2,4.4,27.6,4.3,179.4,5.7,Estádio do Maracanã,61023
Flamengo,2019,5,18/05/2019,19:00,Sábado,05,Atlético Mineiro,Derrota,1,2,Visitante,Paulo Roberto Alves Junior,27.5,3.5,178.6,4.9,29.7,5.4,178.5,9.1,Arena Independência,13616
Flamengo,2019,6,26/05/2019,16:00,Domingo,05,Athletico,Vitória,3,2,Mandante,Daniel Nobre Bins,27.9,4.4,179.1,4.9,25.6,4.0,181.2,5.5,Estádio do Maracanã,52667
Flamengo,2019,7,01/06/2019,16:00,Sábado,06,Fortaleza,Vitória,2,0,Mandante,Rodrigo D'alonso Ferreira,28.1,4.0,177.7,4.7,28.4,4.4,179.5,6.0,Estádio do Maracanã,37658
Flamengo,2019,8,09/06/2019,19:00,Domingo,06,Fluminense,Empate,0,0,Visitante,Wagner do Nascimento Magalhaes,28.2,4.0,178.9,4.8,23.9,3.5,179.8,5.1,Estádio do Maracanã,42726
Flamengo,2019,9,12/06/2019,21:30,Quarta,06,CSA,Vitória,2,0,Visitante,Douglas Marques das Flores,26.1,2.6,180.4,5.7,29.7,3.5,180.7,6.4,Arena BRB Mané Garrincha,37673
Flamengo,2019,10,14/07/2019,11:00,Domingo,07,Goiás,Vitória,6,1,Mandante,Caio Max Augusto Vieira,28.4,4.1,178.5,5.1,27.2,2.9,178.5,5.8,Estádio do Maracanã,65154
Flamengo,2019,11,21/07/2019,16:00,Domingo,07,Corinthians,Empate,1,1,Visitante,Leandro Pedro Vuaden,27.0,3.9,179.3,4.6,28.9,3.8,177.2,9.7,Neo Química Arena,34737
Flamengo,2019,12,28/07/2019,16:00,Domingo,07,Botafogo,Vitória,3,2,Mandante,Raphael Claus,26.7,4.4,181.0,5.5,28.1,4.8,180.5,6.9,Estádio do Maracanã,45622
Flamengo,2019,13,04/08/2019,16:00,Domingo,08,Bahia,Derrota,0,3,Visitante,Flavio Rodrigues De Souza,27.9,4.5,181.0,5.9,27.9,4.0,180.5,7.6,Arena Fonte Nova,43099
Flamengo,2019,14,10/08/2019,19:00,Sábado,08,Grêmio,Vitória,3,1,Mandante,Braulio Da Silva Machado,27.9,4.4,181.5,5.7,27.9,5.6,180.6,5.4,Estádio do Maracanã,57644
Flamengo,2019,15,17/08/2019,19:00,Sábado,08,Vasco da Gama,Vitória,4,1,Visitante,Leandro Pedro Vuaden,26.9,4.2,181.4,5.4,27.3,4.9,182.8,6.5,Arena BRB Mané Garrincha,65418
Flamengo,2019,16,25/08/2019,19:00,Domingo,08,Ceará,Vitória,3,0,Visitante,Wilton Pereira Sampaio,26.0,3.3,181.2,5.1,28.9,4.4,180.6,6.9,Estádio Governador Plácido Castelo,49986
Flamengo,2019,17,01/09/2019,16:00,Domingo,09,Palmeiras,Vitória,3,0,Mandante,Rafael Traci,28.3,4.1,180.8,5.8,29.5,3.8,180.4,6.4,Estádio do Maracanã,65969
Flamengo,2019,18,07/09/2019,17:00,Sábado,09,Avaí,Vitória,3,0,Visitante,Edina Alves Batista,27.9,5.4,182.3,6.3,27.3,4.0,181.6,8.0,Arena BRB Mané Garrincha,47575
Flamengo,2019,19,14/09/2019,17:00,Sábado,09,Santos,Vitória,1,0,Mandante,Braulio Da Silva Machado,28.3,4.1,180.8,5.8,27.3,3.5,180.1,10.7,Estádio do Maracanã,68243
Flamengo,2019,20,21/09/2019,17:00,Sábado,09,Cruzeiro,Vitória,2,1,Visitante,Raphael Claus,28.0,4.1,181.2,5.5,28.2,6.2,181.3,5.6,Governador Magalhães Pinto,40333
Flamengo,2019,21,25/09/2019,21:30,Quarta,09,Internacional,Vitória,3,1,Mandante,Luiz Flávio de Oliveira,28.4,4.1,180.8,5.8,30.1,3.8,182.0,5.4,Estádio do Maracanã,64548
Flamengo,2019,22,28/09/2019,19:00,Sábado,09,São Paulo,Empate,0,0,Mandante,Rafael Traci,27.4,2.9,179.8,5.6,28.6,5.1,179.5,5.8,Estádio do Maracanã,67051
Flamengo,2019,23,06/10/2019,11:00,Domingo,10,Chapecoense,Vitória,1,0,Visitante,Vinicius Goncalves Dias Araujo,27.3,4.6,181.3,5.8,28.1,4.9,179.4,4.6,Arena Condá,12152
Flamengo,2019,24,10/10/2019,20:00,Quinta,10,Atlético Mineiro,Vitória,3,1,Mandante,Wilton Pereira Sampaio,28.0,4.8,182.2,6.7,31.1,5.8,181.2,7.8,Estádio do Maracanã,58788
Flamengo,2019,25,13/10/2019,16:00,Domingo,10,Athletico,Vitória,2,0,Visitante,Braulio Da Silva Machado,28.3,4.1,181.4,6.9,28.4,4.6,180.9,7.4,Arena da Baixada,25473
Flamengo,2019,26,16/10/2019,20:00,Quarta,10,Fortaleza,Vitória,2,1,Visitante,Paulo Roberto Alves Junior,24.9,4.1,181.7,4.8,27.6,3.7,180.2,4.1,Estádio Governador Plácido Castelo,50101
Flamengo,2019,27,20/10/2019,18:00,Domingo,10,Fluminense,Vitória,2,0,Mandante,Anderson Daronco,27.7,3.8,181.3,5.0,26.8,4.8,180.2,7.1,Estádio do Maracanã,52279
Flamengo,2019,28,27/10/2019,19:00,Domingo,10,CSA,Vitória,1,0,Mandante,Rodolpho Toski Marques,28.0,4.7,180.3,5.0,29.6,4.0,181.5,7.3,Estádio do Maracanã,69846
Flamengo,2019,29,31/10/2019,20:00,Quinta,10,Goiás,Empate,2,2,Visitante,Ricardo Marques Ribeiro,27.5,2.8,181.1,6.4,27.5,3.9,180.0,6.7,Serra Dourada,35170
Flamengo,2019,30,03/11/2019,16:00,Domingo,11,Corinthians,Vitória,4,1,Mandante,Jean Pierre Goncalves Lima,27.3,4.6,180.8,6.2,27.0,5.2,181.0,8.9,Estádio do Maracanã,64985
Flamengo,2019,31,07/11/2019,20:00,Quinta,11,Botafogo,Vitória,1,0,Visitante,Leandro Pedro Vuaden,27.9,3.7,180.6,5.7,26.9,4.6,180.3,7.3,Estadio Nilton Santos,20958
Flamengo,2019,32,10/11/2019,18:00,Domingo,11,Bahia,Vitória,3,1,Mandante,Caio Max Augusto Vieira,28.0,3.7,181.5,4.9,27.3,4.2,179.5,8.1,Estádio do Maracanã,65930
Flamengo,2019,34,13/11/2019,21:30,Quarta,11,Vasco da Gama,Empate,4,4,Mandante,Wilton Pereira Sampaio,27.8,5.1,181.9,5.3,27.1,4.2,182.4,6.9,Estádio do Maracanã,52757
Flamengo,2019,33,17/11/2019,16:00,Domingo,11,Grêmio,Vitória,1,0,Visitante,Raphael Claus,26.5,5.4,179.7,6.4,31.7,4.6,180.6,5.4,Arena do Grêmio,28541
Flamengo,2019,35,27/11/2019,21:30,Quarta,11,Ceará,Vitória,4,1,Mandante,Paulo Roberto Alves Junior,28.6,4.6,180.2,6.5,30.5,2.2,179.3,7.0,Estádio do Maracanã,67539
Flamengo,2019,36,01/12/2019,16:00,Domingo,12,Palmeiras,Vitória,3,1,Visitante,Ricardo Marques Ribeiro,28.8,4.3,181.4,5.8,31.0,3.6,180.4,5.5,Nubank Parque,22219
Flamengo,2019,37,05/12/2019,20:00,Quinta,12,Avaí,Vitória,6,1,Mandante,Jefferson Ferreira de Moraes,27.4,5.1,179.5,7.6,25.6,5.1,183.4,7.4,Estádio do Maracanã,64648
Flamengo,2019,38,08/12/2019,16:00,Domingo,12,Santos,Derrota,0,4,Visitante,Paulo Roberto Alves Junior,28.0,3.7,181.1,5.4,27.7,3.5,178.7,10.3,Estádio Urbano Caldeira,13310
Flamengo,2020,1,09/08/2020,16:00,Domingo,08,Atlético Mineiro,Derrota,0,1,Mandante,Raphael Claus,29.0,4.3,180.6,5.5,24.4,2.8,178.1,7.5,Estádio do Maracanã,0
Flamengo,2020,2,12/08/2020,20:30,Quarta,08,Atlético Goianiense,Derrota,0,3,Visitante,Luiz Flávio de Oliveira,28.4,3.9,183.2,5.6,26.2,2.7,181.8,5.2,Serra Dourada,0
Flamengo,2020,3,15/08/2020,19:30,Sábado,08,Coritiba,Vitória,1,0,Visitante,Rodrigo D'alonso Ferreira,27.3,3.6,182.1,5.8,27.9,4.9,181.6,5.3,Estádio Major Antônio Couto Pereira,0
Flamengo,2020,4,19/08/2020,19:15,Quarta,08,Grêmio,Empate,1,1,Mandante,Rafael Traci,27.9,4.3,181.5,4.8,29.5,5.4,182.2,6.2,Estádio do Maracanã,0
Flamengo,2020,5,23/08/2020,11:00,Domingo,08,Botafogo,Empate,1,1,Mandante,Leandro Pedro Vuaden,28.8,4.9,179.9,5.5,26.3,4.9,181.1,5.9,Estádio do Maracanã,0
Flamengo,2020,6,30/08/2020,16:00,Domingo,08,Santos,Vitória,1,0,Visitante,Wilton Pereira Sampaio,27.6,4.0,180.5,7.4,27.3,4.2,177.7,9.1,Estádio Urbano Caldeira,0
Flamengo,2020,7,02/09/2020,20:30,Quarta,09,Bahia,Vitória,5,3,Visitante,Savio Pereira Sampaio,26.6,3.1,180.2,5.4,30.3,4.0,177.5,7.8,Arena Fonte Nova,0
Flamengo,2020,8,05/09/2020,17:00,Sábado,09,Fortaleza,Vitória,2,1,Mandante,Flavio Rodrigues De Souza,27.4,3.9,180.8,7.6,30.0,4.0,177.1,6.8,Estádio do Maracanã,0
Flamengo,2020,9,09/09/2020,21:30,Quarta,09,Fluminense,Vitória,2,1,Visitante,Raphael Claus,28.0,4.6,180.5,6.5,28.2,5.9,178.5,6.6,Estádio do Maracanã,0
Flamengo,2020,10,13/09/2020,18:00,Domingo,09,Ceará,Derrota,0,2,Visitante,Marielson Alves Silva,27.3,2.8,180.5,8.5,29.7,5.1,181.5,9.2,Estádio Governador Plácido Castelo,0
Flamengo,2020,12,27/09/2020,16:00,Domingo,09,Palmeiras,Empate,1,1,Visitante,Jean Pierre Goncalves Lima,21.6,2.4,182.9,7.0,27.5,6.0,179.9,4.4,Nubank Parque,0
Flamengo,2020,13,04/10/2020,16:00,Domingo,10,Athletico,Vitória,3,1,Mandante,Rodrigo D'alonso Ferreira,26.0,5.0,183.2,6.5,26.5,5.2,183.4,5.1,Estádio do Maracanã,0
Flamengo,2020,14,07/10/2020,19:15,Quarta,10,Sport Recife,Vitória,3,0,Mandante,Caio Max Augusto Vieira,27.3,5.2,184.4,7.3,29.1,4.0,181.6,6.6,Estádio do Maracanã,0
Flamengo,2020,15,10/10/2020,17:00,Sábado,10,Vasco da Gama,Vitória,2,1,Visitante,Flavio Rodrigues De Souza,26.7,5.0,183.9,8.0,26.4,5.4,179.5,5.7,Estádio São Januário,0
Flamengo,2020,11,13/10/2020,18:00,Terça,10,Goiás,Vitória,2,1,Mandante,Paulo Roberto Alves Junior,25.2,4.4,183.2,9.0,27.5,4.9,179.9,8.6,Estádio do Maracanã,0
Flamengo,2020,16,15/10/2020,20:00,Quinta,10,Red Bull Bragantino,Empate,1,1,Mandante,Daniel Nobre Bins,26.4,4.9,181.5,7.4,25.5,4.3,180.7,5.6,Estádio do Maracanã,0
Flamengo,2020,17,18/10/2020,16:00,Domingo,10,Corinthians,Vitória,5,1,Visitante,Leandro Pedro Vuaden,26.8,4.7,184.2,7.3,28.2,5.0,178.7,8.5,Neo Química Arena,0
Flamengo,2020,18,25/10/2020,18:15,Domingo,10,Internacional,Empate,2,2,Visitante,Wilton Pereira Sampaio,26.7,4.6,183.9,7.4,28.9,4.4,180.4,5.2,Estádio Beira-Rio,0
Flamengo,2020,19,01/11/2020,16:00,Domingo,11,São Paulo,Derrota,1,4,Mandante,Caio Max Augusto Vieira,26.5,5.1,183.9,7.5,26.4,5.2,179.3,5.0,Estádio do Maracanã,0
Flamengo,2020,20,08/11/2020,18:15,Domingo,11,Atlético Mineiro,Derrota,0,4,Visitante,Savio Pereira Sampaio,27.0,4.7,184.5,7.1,26.8,4.1,179.2,8.5,Governador Magalhães Pinto,0
Flamengo,2020,21,14/11/2020,21:30,Sábado,11,Atlético Goianiense,Empate,1,1,Mandante,Rafael Traci,25.4,2.9,183.0,8.2,25.4,2.7,179.7,7.6,Estádio do Maracanã,0
Flamengo,2020,22,21/11/2020,19:00,Sábado,11,Coritiba,Vitória,3,1,Mandante,Ricardo Marques Ribeiro,28.2,3.9,180.6,5.4,27.9,4.0,180.4,4.9,Estádio do Maracanã,0
Flamengo,2020,24,05/12/2020,17:00,Sábado,12,Botafogo,Vitória,1,0,Visitante,Anderson Daronco,29.3,4.0,182.4,6.0,27.1,5.0,180.0,5.7,Estadio Nilton Santos,0
Flamengo,2020,25,13/12/2020,16:00,Domingo,12,Santos,Vitória,4,1,Mandante,Paulo Roberto Alves Junior,27.9,5.4,180.5,5.0,23.8,3.7,181.5,5.7,Estádio do Maracanã,0
Flamengo,2020,26,20/12/2020,18:15,Domingo,12,Bahia,Vitória,4,3,Mandante,Flavio Rodrigues De Souza,27.9,5.4,180.5,5.0,27.6,4.2,179.1,6.9,Estádio do Maracanã,0
Flamengo,2020,27,26/12/2020,19:00,Sábado,12,Fortaleza,Empate,0,0,Visitante,Rafael Traci,26.7,3.9,182.2,7.3,29.0,3.6,178.2,7.6,Estádio Governador Plácido Castelo,0
Flamengo,2020,28,06/01/2021,21:30,Quarta,01,Fluminense,Derrota,1,2,Mandante,Leandro Pedro Vuaden,27.5,4.6,182.1,6.9,28.4,5.1,180.6,6.6,Estádio do Maracanã,0
Flamengo,2020,29,10/01/2021,16:00,Domingo,01,Ceará,Derrota,0,2,Mandante,Paulo Roberto Alves Junior,28.8,3.4,183.0,6.8,28.7,4.1,182.1,7.0,Estádio do Maracanã,0
Flamengo,2020,30,18/01/2021,20:00,Segunda,01,Goiás,Vitória,3,0,Visitante,Rodolpho Toski Marques,29.4,4.2,181.6,8.1,27.7,5.4,183.7,6.3,Serra Dourada,0
Flamengo,2020,31,21/01/2021,19:00,Quinta,01,Palmeiras,Vitória,2,0,Mandante,Savio Pereira Sampaio,29.0,4.5,180.7,7.1,27.5,5.0,179.5,5.3,Estádio do Maracanã,0
Flamengo,2020,32,24/01/2021,16:00,Domingo,01,Athletico,Derrota,1,2,Visitante,Leandro Pedro Vuaden,28.8,4.5,181.3,8.2,27.1,4.4,180.0,6.8,Arena da Baixada,0
Flamengo,2020,23,28/01/2021,20:00,Quinta,01,Grêmio,Vitória,4,2,Visitante,Rodolpho Toski Marques,29.0,4.4,181.8,8.2,28.3,4.9,181.7,6.0,Arena do Grêmio,0
Flamengo,2020,33,01/02/2021,20:00,Segunda,02,Sport Recife,Vitória,3,0,Visitante,Rafael Traci,30.3,4.2,180.7,6.5,26.7,4.1,180.4,6.7,Ilha do Retiro,0
Flamengo,2020,34,04/02/2021,21:00,Quinta,02,Vasco da Gama,Vitória,2,0,Mandante,Raphael Claus,29.1,4.4,181.8,8.2,27.5,5.3,178.4,7.2,Estádio do Maracanã,0
Flamengo,2020,35,07/02/2021,20:30,Domingo,02,Red Bull Bragantino,Empate,1,1,Visitante,Wilton Pereira Sampaio,27.6,4.6,182.1,7.9,27.2,4.5,179.2,6.3,Estádio Nabi Abi Chedid,0
Flamengo,2020,36,14/02/2021,16:00,Domingo,02,Corinthians,Vitória,2,1,Mandante,Rafael Traci,29.0,4.5,180.7,7.1,27.6,5.0,178.6,8.8,Estádio do Maracanã,0
Flamengo,2020,37,21/02/2021,16:00,Domingo,02,Internacional,Vitória,2,1,Mandante,Raphael Claus,29.0,4.5,182.0,8.2,25.4,4.8,181.8,5.5,Estádio do Maracanã,0
Flamengo,2020,38,25/02/2021,21:30,Quinta,02,São Paulo,Derrota,1,2,Visitante,Rodolpho Toski Marques,29.0,4.5,182.0,8.2,27.2,4.9,179.4,6.5,MorumBIS,0
Flamengo,2021,1,30/05/2021,16:00,Domingo,05,Palmeiras,Vitória,1,0,Mandante,Anderson Daronco,30.5,4.3,180.4,5.0,27.9,5.1,181.0,5.9,Estádio do Maracanã,0
Flamengo,2021,3,13/06/2021,16:00,Domingo,06,América Mineiro,Vitória,2,0,Mandante,Ramon Abatti Abel,28.5,5.5,179.4,6.3,29.0,5.0,179.1,7.0,Estádio do Maracanã,0
Flamengo,2021,5,19/06/2021,21:00,Sábado,06,Red Bull Bragantino,Derrota,2,3,Mandante,Braulio Da Silva Machado,28.5,5.5,179.4,6.3,25.1,3.8,180.8,6.9,Estádio do Maracanã,0
Flamengo,2021,6,23/06/2021,19:00,Quarta,06,Fortaleza,Vitória,2,1,Mandante,Anderson Daronco,28.9,5.1,179.5,6.5,28.5,4.4,181.0,4.6,Estádio do Maracanã,0
Flamengo,2021,7,27/06/2021,11:00,Domingo,06,Juventude,Derrota,0,1,Visitante,Thiago Luis Scarascati,28.6,5.5,179.8,7.8,27.5,3.9,181.6,6.0,Estádio Alfredo Jaconi,0
Flamengo,2021,8,01/07/2021,20:00,Quinta,07,Cuiabá,Vitória,2,0,Visitante,Rodolpho Toski Marques,27.4,5.2,178.8,6.5,29.6,3.7,180.4,6.0,Estádio Eurico Gaspar Dutra,0
Flamengo,2021,9,04/07/2021,16:00,Domingo,07,Fluminense,Derrota,0,1,Mandante,Luiz Flávio de Oliveira,27.8,4.9,180.7,7.6,27.4,5.5,178.2,7.6,Estádio do Maracanã,0
Flamengo,2021,10,07/07/2021,19:00,Quarta,07,Atlético Mineiro,Derrota,1,2,Visitante,Paulo Roberto Alves Junior,28.7,4.7,180.1,6.3,28.7,4.8,179.3,7.7,Governador Magalhães Pinto,0
Flamengo,2021,11,11/07/2021,18:15,Domingo,07,Chapecoense,Vitória,2,1,Mandante,Paulo Cesar Zanovelli da Silva,28.7,4.9,182.4,6.3,26.0,4.6,182.5,6.4,Estádio do Maracanã,0
Flamengo,2021,12,18/07/2021,18:15,Domingo,07,Bahia,Vitória,5,0,Visitante,Wilton Pereira Sampaio,30.4,4.3,179.5,8.0,28.0,4.9,180.2,6.8,Arena Fonte Nova,0
Flamengo,2021,13,25/07/2021,16:00,Domingo,07,São Paulo,Vitória,5,1,Mandante,Felipe Fernandes de Lima,30.0,4.7,180.0,6.9,25.8,5.3,179.5,6.2,Estádio do Maracanã,0
Flamengo,2021,14,01/08/2021,16:00,Domingo,08,Corinthians,Vitória,3,1,Visitante,Leandro Pedro Vuaden,30.9,4.0,181.1,6.8,28.9,5.3,179.6,9.3,Neo Química Arena,0
Flamengo,2021,15,08/08/2021,18:15,Domingo,08,Internacional,Derrota,0,4,Mandante,Paulo Roberto Alves Junior,30.9,4.0,181.1,6.8,27.7,4.7,181.0,5.0,Estádio do Maracanã,0
Flamengo,2021,16,15/08/2021,16:00,Domingo,08,Sport Recife,Vitória,2,0,Mandante,Raphael Claus,29.2,4.7,181.4,5.4,26.2,4.4,182.2,7.0,Estádio Raulino de Oliveira,0
Flamengo,2021,17,22/08/2021,16:00,Domingo,08,Ceará,Empate,1,1,Visitante,Leandro Pedro Vuaden,28.4,5.6,178.2,6.9,28.5,3.6,182.3,7.4,Estádio Governador Plácido Castelo,0
Flamengo,2021,18,28/08/2021,19:00,Sábado,08,Santos,Vitória,4,0,Visitante,Braulio Da Silva Machado,30.6,4.2,179.3,7.8,25.6,5.3,180.1,7.8,Estádio Urbano Caldeira,0
Flamengo,2021,20,12/09/2021,16:00,Domingo,09,Palmeiras,Vitória,3,1,Visitante,Wilton Pereira Sampaio,28.2,4.3,179.9,7.8,27.2,3.9,177.8,6.9,Nubank Parque,0
Flamengo,2021,21,19/09/2021,20:30,Domingo,09,Grêmio,Derrota,0,1,Mandante,Marielson Alves Silva,29.0,3.5,178.5,6.1,26.4,4.6,180.5,6.3,Estádio do Maracanã,0
Flamengo,2021,22,26/09/2021,11:00,Domingo,09,América Mineiro,Empate,1,1,Visitante,Anderson Daronco,27.4,4.1,181.6,7.2,30.0,4.0,180.4,7.4,Arena Independência,0
Flamengo,2021,23,03/10/2021,16:00,Domingo,10,Athletico,Vitória,3,0,Mandante,Savio Pereira Sampaio,30.1,3.9,180.4,4.9,25.1,3.0,180.3,4.7,Estádio do Maracanã,0
Flamengo,2021,24,06/10/2021,20:30,Quarta,10,Red Bull Bragantino,Empate,1,1,Visitante,Ramon Abatti Abel,26.4,2.8,180.9,5.5,24.3,4.3,181.2,7.3,Estádio Nabi Abi Chedid,2708
Flamengo,2021,25,09/10/2021,19:00,Sábado,10,Fortaleza,Vitória,3,0,Visitante,Felipe Fernandes de Lima,26.6,3.8,179.9,6.6,29.2,4.5,177.7,8.3,Estádio Governador Plácido Castelo,4052
Flamengo,2021,26,13/10/2021,19:00,Quarta,10,Juventude,Vitória,3,1,Mandante,Andre Luiz de Freitas Castro,27.5,4.6,180.2,6.5,29.0,4.9,181.0,6.4,Estádio do Maracanã,8197
Flamengo,2021,27,17/10/2021,20:30,Domingo,10,Cuiabá,Empate,0,0,Mandante,Flavio Rodrigues De Souza,28.1,4.7,179.1,6.7,29.4,3.9,178.9,7.5,Estádio do Maracanã,9437
Flamengo,2021,28,23/10/2021,19:00,Sábado,10,Fluminense,Derrota,1,3,Visitante,Vinicius Goncalves Dias Araujo,28.2,5.0,178.7,8.1,25.5,4.6,178.3,6.9,Estádio do Maracanã,10029
Flamengo,2021,29,30/10/2021,19:00,Sábado,10,Atlético Mineiro,Vitória,1,0,Mandante,Anderson Daronco,28.6,4.3,180.4,7.6,27.9,4.0,178.7,6.3,Estádio do Maracanã,20000
Flamengo,2021,4,02/11/2021,16:00,Terça,11,Athletico,Empate,2,2,Visitante,Marielson Alves Silva,28.3,4.3,179.8,7.6,26.9,3.3,180.2,4.6,Arena da Baixada,0
Flamengo,2021,19,05/11/2021,21:30,Sexta,11,Atlético Goianiense,Vitória,2,0,Mandante,Rodolpho Toski Marques,29.4,4.5,179.3,6.2,27.4,4.0,179.1,8.0,Estádio do Maracanã,18527
Flamengo,2021,30,08/11/2021,20:00,Segunda,11,Chapecoense,Empate,2,2,Visitante,Denis da Silva Ribeiro Serafim,25.9,4.0,178.5,6.5,27.1,3.0,182.5,5.8,Arena Condá,3834
Flamengo,2021,31,11/11/2021,19:00,Quinta,11,Bahia,Vitória,3,0,Mandante,Andre Luiz de Freitas Castro,27.5,4.6,181.9,8.2,28.0,4.4,180.1,8.5,Estádio do Maracanã,3488
Flamengo,2021,32,14/11/2021,16:00,Domingo,11,São Paulo,Vitória,4,0,Visitante,Leandro Pedro Vuaden,27.8,3.9,179.6,8.7,26.8,5.0,180.4,5.1,MorumBIS,47855
Flamengo,2021,33,17/11/2021,21:30,Quarta,11,Corinthians,Vitória,1,0,Mandante,Anderson Daronco,25.7,5.2,181.7,8.0,30.5,5.1,181.3,8.5,Estádio do Maracanã,49897
Flamengo,2021,34,20/11/2021,21:30,Sábado,11,Internacional,Vitória,2,1,Visitante,Savio Pereira Sampaio,30.6,4.1,179.2,6.0,29.2,4.3,181.0,4.9,Estádio Beira-Rio,22000
Flamengo,2021,2,23/11/2021,21:00,Terça,11,Grêmio,Empate,2,2,Visitante,Braulio Da Silva Machado,26.8,4.3,182.5,8.4,28.7,6.2,181.1,7.1,Arena do Grêmio,0
Flamengo,2021,36,30/11/2021,20:00,Terça,11,Ceará,Vitória,2,1,Mandante,Caio Max Augusto Vieira,28.1,5.3,180.3,7.2,28.5,3.9,181.5,6.5,Estádio do Maracanã,46481
Flamengo,2021,35,03/12/2021,20:00,Sexta,12,Sport Recife,Empate,1,1,Visitante,Leandro Pedro Vuaden,27.9,4.6,180.2,8.9,26.5,4.8,181.5,7.7,Arena de Pernambuco,10733
Flamengo,2021,37,06/12/2021,20:00,Segunda,12,Santos,Derrota,0,1,Mandante,Anderson Daronco,26.8,4.3,181.6,8.8,25.5,4.6,181.1,5.8,Estádio do Maracanã,41930
Flamengo,2021,38,09/12/2021,21:30,Quinta,12,Atlético Goianiense,Derrota,0,2,Visitante,Paulo Roberto Alves Junior,23.0,3.6,183.4,6.8,27.0,3.7,179.0,7.8,Estádio Antônio Accioly,11728
Flamengo,2022,1,09/04/2022,19:00,Sábado,04,Atlético Goianiense,Empate,1,1,Visitante,Braulio Da Silva Machado,26.7,4.0,181.5,7.8,27.2,3.2,180.0,5.6,Estádio Antônio Accioly,10496
Flamengo,2022,2,17/04/2022,16:00,Domingo,04,São Paulo,Vitória,3,1,Mandante,Anderson Daronco,28.0,5.3,180.5,7.2,26.7,5.3,178.5,5.1,Estádio do Maracanã,54686
Flamengo,2022,4,20/04/2022,19:30,Quarta,04,Palmeiras,Empate,0,0,Mandante,Wilton Pereira Sampaio,28.3,5.5,180.7,7.1,28.0,3.8,178.2,7.1,Estádio do Maracanã,69997
Flamengo,2022,3,23/04/2022,16:30,Sábado,04,Athletico,Derrota,0,1,Visitante,Raphael Claus,26.8,4.3,181.6,8.0,24.7,2.6,180.8,5.1,Arena da Baixada,22659
Flamengo,2022,5,08/05/2022,11:00,Domingo,05,Botafogo,Derrota,0,1,Mandante,Anderson Daronco,29.9,4.3,181.1,7.1,28.2,3.4,179.7,5.8,Estádio do Maracanã,54981
Flamengo,2022,6,14/05/2022,16:30,Sábado,05,Ceará,Empate,2,2,Visitante,Luiz Flávio de Oliveira,28.9,4.4,181.7,7.4,27.0,4.3,179.5,7.2,Estádio Governador Plácido Castelo,52139
Flamengo,2022,7,21/05/2022,16:30,Sábado,05,Goiás,Vitória,1,0,Mandante,Braulio Da Silva Machado,27.5,3.5,181.5,7.6,27.5,4.2,181.0,8.8,Estádio do Maracanã,4722
Flamengo,2022,8,29/05/2022,18:00,Domingo,05,Fluminense,Vitória,2,1,Visitante,Raphael Claus,28.1,4.0,180.8,7.6,30.3,6.0,178.0,6.8,Estádio do Maracanã,57919
Flamengo,2022,9,05/06/2022,16:00,Domingo,06,Fortaleza,Derrota,1,2,Mandante,Leandro Pedro Vuaden,27.0,3.9,181.7,7.4,28.7,3.9,178.2,6.7,Estádio do Maracanã,63975
Flamengo,2022,10,08/06/2022,20:30,Quarta,06,Red Bull Bragantino,Derrota,0,1,Visitante,Wilton Pereira Sampaio,25.9,3.4,180.8,7.3,25.0,4.3,181.1,6.7,Estádio Nabi Abi Chedid,8627
Flamengo,2022,11,11/06/2022,21:00,Sábado,06,Internacional,Derrota,1,3,Visitante,Braulio Da Silva Machado,30.2,4.8,180.4,5.1,28.6,3.1,178.1,6.1,Estádio Beira-Rio,22392
Flamengo,2022,12,15/06/2022,20:30,Quarta,06,Cuiabá,Vitória,2,0,Mandante,Savio Pereira Sampaio,28.7,5.0,179.7,6.1,30.4,4.3,179.9,5.8,Estádio do Maracanã,43930
Flamengo,2022,13,19/06/2022,16:00,Domingo,06,Atlético Mineiro,Derrota,0,2,Visitante,Raphael Claus,27.9,4.4,178.6,5.2,30.4,3.9,179.5,5.7,Governador Magalhães Pinto,55373
Flamengo,2022,14,25/06/2022,19:00,Sábado,06,América Mineiro,Vitória,3,0,Mandante,Ramon Abatti Abel,26.9,2.9,181.5,6.7,31.4,3.3,180.0,6.8,Estádio do Maracanã,42931
Flamengo,2022,15,02/07/2022,19:00,Sábado,07,Santos,Vitória,2,1,Visitante,Anderson Daronco,27.4,4.6,181.1,7.6,25.3,4.2,180.9,5.3,Estádio Urbano Caldeira,12464
Flamengo,2022,16,10/07/2022,16:00,Domingo,07,Corinthians,Derrota,0,1,Visitante,Ramon Abatti Abel,25.5,4.4,181.5,5.0,28.2,5.5,179.9,8.1,Neo Química Arena,44055
Flamengo,2022,17,16/07/2022,19:00,Sábado,07,Coritiba,Vitória,2,0,Mandante,Flavio Rodrigues De Souza,26.7,5.8,181.0,7.8,29.4,5.4,179.9,6.5,Estádio do Maracanã,33778
Flamengo,2022,18,20/07/2022,20:30,Quarta,07,Juventude,Vitória,4,0,Mandante,Paulo Cesar Zanovelli da Silva,29.1,4.6,180.7,5.9,28.7,3.1,177.3,8.7,Estádio do Maracanã,65392
Flamengo,2022,19,24/07/2022,11:00,Domingo,07,Avaí,Vitória,2,1,Visitante,Raphael Claus,28.0,4.8,179.9,7.0,28.7,4.6,179.8,6.6,Estádio da Ressacada,17557
Flamengo,2022,20,30/07/2022,20:30,Sábado,07,Atlético Goianiense,Vitória,4,1,Mandante,Caio Max Augusto Vieira,27.9,6.0,180.0,7.2,26.7,3.8,180.5,6.2,Estádio do Maracanã,64040
Flamengo,2022,21,06/08/2022,20:30,Sábado,08,São Paulo,Vitória,2,0,Visitante,Ramon Abatti Abel,27.9,6.0,180.0,7.2,29.3,5.5,178.8,5.0,MorumBIS,45217
Flamengo,2022,22,14/08/2022,16:00,Domingo,08,Athletico,Vitória,5,0,Mandante,Wilton Pereira Sampaio,27.0,5.5,179.9,7.2,23.7,3.1,182.0,5.5,Estádio do Maracanã,62716
Flamengo,2022,23,21/08/2022,16:00,Domingo,08,Palmeiras,Empate,1,1,Visitante,Ramon Abatti Abel,26.4,5.4,179.9,6.6,28.3,3.8,178.2,7.1,Nubank Parque,40485
Flamengo,2022,24,28/08/2022,18:00,Domingo,08,Botafogo,Vitória,1,0,Visitante,Flavio Rodrigues De Souza,27.4,5.8,180.8,6.4,29.3,3.9,181.5,5.3,Estádio Nilton Santos,14442
Flamengo,2022,25,04/09/2022,11:00,Domingo,09,Ceará,Empate,1,1,Mandante,Paulo Cesar Zanovelli da Silva,28.9,5.1,180.1,7.2,30.5,3.8,181.3,8.6,Estádio do Maracanã,64387
Flamengo,2022,26,11/09/2022,19:00,Domingo,09,Goiás,Empate,1,1,Visitante,Ramon Abatti Abel,28.5,5.4,179.7,6.9,28.0,2.7,177.9,7.6,Estádio da Serrinha,13798
Flamengo,2022,27,18/09/2022,16:00,Domingo,09,Fluminense,Derrota,1,2,Mandante,Raphael Claus,29.3,4.6,180.7,5.9,28.2,6.8,179.0,6.7,Estádio do Maracanã,55170
Flamengo,2022,28,28/09/2022,19:00,Quarta,09,Fortaleza,Derrota,2,3,Visitante,Flavio Rodrigues De Souza,26.5,6.5,182.5,4.8,28.1,4.3,178.6,4.8,Estádio Governador Plácido Castelo,46299
Flamengo,2022,29,01/10/2022,19:00,Sábado,10,Red Bull Bragantino,Vitória,4,1,Mandante,Anderson Daronco,29.1,3.5,181.2,6.1,25.8,3.1,180.1,6.7,Estádio do Maracanã,46698
Flamengo,2022,30,05/10/2022,21:30,Quarta,10,Internacional,Empate,0,0,Mandante,Flavio Rodrigues De Souza,29.4,4.6,180.7,5.9,28.0,4.4,178.3,6.5,Estádio do Maracanã,43710
Flamengo,2022,31,08/10/2022,19:00,Sábado,10,Cuiabá,Vitória,2,1,Visitante,Raphael Claus,28.6,6.0,180.3,7.3,28.4,4.0,182.9,3.7,Arena Pantanal,40059
Flamengo,2022,32,15/10/2022,20:30,Sábado,10,Atlético Mineiro,Vitória,1,0,Mandante,Ramon Abatti Abel,25.9,5.0,179.7,7.6,29.4,3.8,178.4,6.5,Estádio do Maracanã,51179
Flamengo,2022,33,22/10/2022,19:00,Sábado,10,América Mineiro,Vitória,2,1,Visitante,Jean Pierre Goncalves Lima,25.9,5.7,180.9,9.0,32.2,4.0,182.5,6.9,Arena Independência,N.A
Flamengo,2022,34,25/10/2022,21:45,Terça,10,Santos,Vitória,3,2,Mandante,Andre Luiz de Freitas Castro,28.8,5.6,180.7,7.1,25.1,4.3,180.6,6.5,Estádio do Maracanã,44679
Flamengo,2022,35,02/11/2022,21:30,Quarta,11,Corinthians,Derrota,1,2,Mandante,Ramon Abatti Abel,26.3,5.2,182.5,8.6,26.9,5.8,181.5,6.6,Estádio do Maracanã,N.A
Flamengo,2022,36,06/11/2022,16:00,Domingo,11,Coritiba,Derrota,0,1,Visitante,Raphael Claus,27.5,5.8,180.5,9.0,26.8,5.1,182.5,9.3,Estádio Major Antônio Couto Pereira,N.A
Flamengo,2022,37,09/11/2022,21:30,Quarta,11,Juventude,Empate,2,2,Visitante,Rodrigo Jose Pereira de Lima,25.0,4.2,182.6,8.1,26.6,2.9,179.5,6.3,Estádio Alfredo Jaconi,N.A
Flamengo,2022,38,12/11/2022,16:00,Sábado,11,Avaí,Derrota,1,2,Mandante,Edina Alves Batista,30.6,5.3,179.1,6.4,28.1,5.1,180.2,7.4,Estádio do Maracanã,N.A
Flamengo,2023,1,16/04/2023,16:00,Domingo,04,Coritiba,Vitória,3,0,Mandante,Rodrigo Jose Pereira de Lima,26.5,4.3,181.9,5.8,28.3,3.9,183.3,7.7,Estádio do Maracanã,42848
Flamengo,2023,2,23/04/2023,11:00,Domingo,04,Internacional,Derrota,1,2,Visitante,Ramon Abatti Abel,27.9,4.4,182.6,5.4,28.1,4.6,181.4,5.4,Estádio Beira-Rio,45751
Flamengo,2023,3,30/04/2023,16:00,Domingo,04,Botafogo,Derrota,2,3,Mandante,Edina Alves Batista,28.3,4.7,183.0,5.7,30.3,3.3,182.8,6.5,Estádio do Maracanã,53138
Flamengo,2023,4,07/05/2023,16:00,Domingo,05,Athletico,Derrota,1,2,Visitante,Raphael Claus,26.9,4.4,182.0,5.9,25.7,5.8,181.1,6.3,Arena da Baixada,32949
Flamengo,2023,5,10/05/2023,20:00,Quarta,05,Goiás,Vitória,2,0,Mandante,Savio Pereira Sampaio,26.0,4.2,182.6,6.9,28.3,3.7,181.2,5.7,Estádio do Maracanã,44948
Flamengo,2023,6,13/05/2023,16:00,Sábado,05,Bahia,Vitória,3,2,Visitante,Paulo Cesar Zanovelli da Silva,26.0,4.5,183.2,6.6,26.2,3.1,181.0,6.0,Arena Fonte Nova,48502
Flamengo,2023,7,21/05/2023,16:00,Domingo,05,Corinthians,Vitória,1,0,Mandante,Rafael Rodrigo Klein,26.0,3.8,184.1,4.5,26.9,5.5,181.4,6.9,Estádio do Maracanã,64871
Flamengo,2023,8,27/05/2023,18:30,Sábado,05,Cruzeiro,Empate,1,1,Mandante,Luiz Flávio de Oliveira,25.1,3.1,184.5,5.1,28.1,3.5,179.7,4.9,Estádio do Maracanã,65270
Flamengo,2023,9,05/06/2023,20:00,Segunda,06,Vasco da Gama,Vitória,4,1,Visitante,Braulio Da Silva Machado,26.1,4.5,184.1,5.9,26.2,3.3,180.6,6.5,Estádio do Maracanã,46423
Flamengo,2023,10,11/06/2023,18:30,Domingo,06,Grêmio,Vitória,3,0,Mandante,Savio Pereira Sampaio,27.8,4.4,182.8,7.2,27.8,4.6,181.4,4.7,Estádio do Maracanã,62967
Flamengo,2023,11,22/06/2023,21:30,Quinta,06,Red Bull Bragantino,Derrota,0,4,Visitante,Anderson Daronco,27.4,4.4,182.9,7.2,24.6,2.9,181.2,7.5,Estádio Nabi Abi Chedid,10103
Flamengo,2023,12,25/06/2023,18:30,Domingo,06,Santos,Vitória,3,2,Visitante,Wilton Pereira Sampaio,26.0,4.1,183.0,6.4,27.0,3.5,177.2,9.0,Estádio Urbano Caldeira,N.A
Flamengo,2023,13,01/07/2023,18:30,Sábado,07,Fortaleza,Vitória,2,0,Mandante,Savio Pereira Sampaio,26.8,3.6,182.5,6.6,30.1,2.9,178.1,4.5,Estádio do Maracanã,64853
Flamengo,2023,14,08/07/2023,21:00,Sábado,07,Palmeiras,Empate,1,1,Visitante,Ramon Abatti Abel,25.8,4.4,183.2,6.2,28.2,3.7,178.2,7.7,Nubank Parque,40229
Flamengo,2023,15,16/07/2023,16:00,Domingo,07,Fluminense,Empate,0,0,Visitante,Savio Pereira Sampaio,28.5,5.3,181.2,6.5,31.2,6.8,178.4,6.8,Estádio do Maracanã,62354
Flamengo,2023,16,22/07/2023,16:00,Sábado,07,América Mineiro,Empate,1,1,Mandante,Rodrigo Jose Pereira de Lima,27.9,4.7,181.4,6.8,28.5,2.6,180.5,7.1,Estádio do Maracanã,60402
Flamengo,2023,17,29/07/2023,21:00,Sábado,07,Atlético Mineiro,Vitória,2,1,Visitante,Flavio Rodrigues De Souza,27.3,5.6,182.7,6.6,29.4,3.7,179.6,7.6,Governador Magalhães Pinto,22441
Flamengo,2023,18,06/08/2023,20:00,Domingo,08,Cuiabá,Derrota,0,3,Visitante,Anderson Daronco,27.2,4.4,182.2,6.6,29.1,4.1,181.7,6.3,Arena Pantanal,33091
Flamengo,2023,19,13/08/2023,18:30,Domingo,08,São Paulo,Empate,1,1,Mandante,Rafael Rodrigo Klein,25.8,3.8,182.0,6.8,26.7,4.1,177.8,5.3,Estádio do Maracanã,62018
Flamengo,2023,20,20/08/2023,16:00,Domingo,08,Coritiba,Vitória,3,2,Visitante,Raphael Claus,27.2,5.2,183.9,5.9,28.5,4.7,180.1,6.3,Estádio Major Antônio Couto Pereira,31851
Flamengo,2023,21,26/08/2023,18:30,Sábado,08,Internacional,Empate,0,0,Mandante,Edina Alves Batista,26.9,3.3,182.5,6.5,28.8,5.0,180.4,6.2,Estádio do Maracanã,58892
Flamengo,2023,22,02/09/2023,21:00,Sábado,09,Botafogo,Vitória,2,1,Visitante,Raphael Claus,25.8,3.8,184.5,5.8,28.9,4.7,183.1,7.3,Estádio Nilton Santos,40769
Flamengo,2023,23,13/09/2023,21:30,Quarta,09,Athletico,Derrota,0,3,Mandante,Rafael Rodrigo Klein,26.1,4.4,184.3,6.0,26.6,4.3,182.5,4.9,Estádio Kleber Andrade,20670
Flamengo,2023,24,20/09/2023,19:00,Quarta,09,Goiás,Empate,0,0,Visitante,Raphael Claus,27.5,4.2,183.5,6.8,28.0,3.0,180.0,6.7,Estádio da Serrinha,13799
Flamengo,2023,25,30/09/2023,16:00,Sábado,09,Bahia,Vitória,1,0,Mandante,Savio Pereira Sampaio,27.8,3.6,184.4,6.0,29.1,1.8,181.3,5.5,Estádio do Maracanã,46472
Flamengo,2023,26,07/10/2023,21:00,Sábado,10,Corinthians,Empate,1,1,Visitante,Anderson Daronco,27.8,3.6,184.4,6.0,28.4,7.0,184.1,5.5,Neo Química Arena,40800
Flamengo,2023,27,19/10/2023,19:00,Quinta,10,Cruzeiro,Vitória,2,0,Visitante,Rafael Rodrigo Klein,28.7,4.4,184.4,6.0,28.1,4.3,181.6,5.4,Governador Magalhães Pinto,37073
Flamengo,2023,28,22/10/2023,16:00,Domingo,10,Vasco da Gama,Vitória,1,0,Mandante,Raphael Claus,27.4,3.0,184.3,6.2,28.2,5.2,179.5,5.9,Estádio do Maracanã,69473
Flamengo,2023,29,25/10/2023,21:30,Quarta,10,Grêmio,Derrota,2,3,Visitante,Rodrigo Jose Pereira de Lima,27.4,2.9,183.0,6.5,29.0,4.9,182.2,5.0,Arena do Grêmio,22325
Flamengo,2023,31,01/11/2023,20:00,Quarta,11,Santos,Derrota,1,2,Mandante,Rafael Rodrigo Klein,27.2,2.9,183.3,6.7,27.6,4.2,179.6,9.1,Estádio do Maracanã,64708
Flamengo,2023,32,05/11/2023,16:00,Domingo,11,Fortaleza,Vitória,2,0,Visitante,Anderson Daronco,28.4,3.5,181.9,7.8,30.9,3.8,177.5,5.8,Estádio Governador Plácido Castelo,49324
Flamengo,2023,33,08/11/2023,21:30,Quarta,11,Palmeiras,Vitória,3,0,Mandante,Rodrigo Jose Pereira de Lima,27.3,1.7,182.4,7.8,27.9,4.6,181.5,5.3,Estádio do Maracanã,64590
Flamengo,2023,34,11/11/2023,18:30,Sábado,11,Fluminense,Empate,1,1,Mandante,Wilton Pereira Sampaio,28.4,3.5,182.5,7.8,29.7,6.5,177.4,6.9,Estádio do Maracanã,59970
Flamengo,2023,30,23/11/2023,21:30,Quinta,11,Red Bull Bragantino,Vitória,1,0,Mandante,Braulio Da Silva Machado,27.1,1.5,181.7,7.8,26.6,3.3,180.6,5.1,Estádio do Maracanã,57699
Flamengo,2023,35,26/11/2023,18:30,Domingo,11,América Mineiro,Vitória,3,0,Visitante,Rodrigo Jose Pereira de Lima,27.9,2.3,183.2,7.5,29.5,3.9,180.5,5.6,Parque do Sabiá,39900
Flamengo,2023,36,29/11/2023,19:30,Quarta,11,Atlético Mineiro,Derrota,0,3,Mandante,Ramon Abatti Abel,27.6,2.3,182.5,7.5,29.5,4.1,179.4,6.2,Estádio do Maracanã,65305
Flamengo,2023,37,03/12/2023,16:00,Domingo,12,Cuiabá,Vitória,2,1,Mandante,Rodrigo Jose Pereira de Lima,29.1,3.2,182.5,7.8,29.0,4.6,182.4,6.4,Estádio do Maracanã,63148
Flamengo,2023,38,06/12/2023,21:30,Quarta,12,São Paulo,Derrota,0,1,Visitante,Caio Max Augusto Vieira,28.5,1.9,182.3,7.8,26.6,5.0,180.2,6.5,MorumBIS,36618
Flamengo,2024,1,14/04/2024,16:00,Domingo,04,Atlético Goianiense,Vitória,2,1,Visitante,Andre Luiz Skettino Policarpo Bento,28.0,1.2,181.5,8.4,26.1,2.7,183.2,8.3,Estádio Antônio Accioly,31617
Flamengo,2024,2,17/04/2024,21:30,Quarta,04,São Paulo,Vitória,2,1,Mandante,Anderson Daronco,28.7,2.0,181.5,8.9,28.2,3.9,180.5,6.5,Estádio do Maracanã,45166
Flamengo,2024,3,21/04/2024,16:00,Domingo,04,Palmeiras,Empate,0,0,Visitante,Rodrigo Jose Pereira de Lima,29.0,1.9,182.9,8.8,27.4,4.8,182.5,5.3,Nubank Parque,29956
Flamengo,2024,4,28/04/2024,11:00,Domingo,04,Botafogo,Derrota,0,2,Mandante,Raphael Claus,28.9,1.9,181.6,8.7,28.7,4.2,182.3,7.5,Estádio do Maracanã,53683
Flamengo,2024,5,04/05/2024,18:30,Sábado,05,Red Bull Bragantino,Empate,1,1,Visitante,Paulo Cesar Zanovelli da Silva,26.8,3.3,181.8,7.4,25.2,3.3,181.5,7.5,Estádio Nabi Abi Chedid,9917
Flamengo,2024,6,11/05/2024,16:00,Sábado,05,Corinthians,Vitória,2,0,Mandante,Ramon Abatti Abel,27.0,3.1,181.0,8.8,27.6,5.3,182.6,9.5,Estádio do Maracanã,56829
Flamengo,2024,7,02/06/2024,16:00,Domingo,06,Vasco da Gama,Vitória,6,1,Visitante,Braulio Da Silva Machado,28.9,2.9,180.4,9.1,28.2,5.7,182.8,5.1,Estádio São Januário,62228
Flamengo,2024,8,13/06/2024,20:00,Quinta,06,Grêmio,Vitória,2,1,Mandante,Luiz Flávio de Oliveira,26.7,4.9,184.7,6.1,30.0,2.9,179.2,6.1,Estádio do Maracanã,51785
Flamengo,2024,9,16/06/2024,16:00,Domingo,06,Athletico,Empate,1,1,Visitante,Anderson Daronco,27.8,4.9,185.3,5.7,28.4,5.6,182.6,6.4,Arena da Baixada,38641
Flamengo,2024,10,20/06/2024,20:00,Quinta,06,Bahia,Vitória,2,1,Mandante,Braulio Da Silva Machado,27.2,4.6,183.3,6.2,28.4,3.5,180.8,5.5,Estádio do Maracanã,49909
Flamengo,2024,11,23/06/2024,16:00,Domingo,06,Fluminense,Vitória,1,0,Visitante,Rafael Rodrigo Klein,27.7,4.9,184.5,5.7,32.0,6.0,180.5,7.0,Estádio do Maracanã,57098
Flamengo,2024,12,26/06/2024,20:00,Quarta,06,Juventude,Derrota,1,2,Visitante,Matheus Delgado Candançan,25.7,3.8,184.5,5.7,29.2,5.4,180.8,7.3,Estádio Alfredo Jaconi,12675
Flamengo,2024,13,30/06/2024,18:30,Domingo,06,Cruzeiro,Vitória,2,1,Mandante,Braulio Da Silva Machado,27.6,4.9,183.3,6.8,27.4,3.6,178.1,8.1,Estádio do Maracanã,52768
Flamengo,2024,14,03/07/2024,21:30,Quarta,07,Atlético Mineiro,Vitória,4,2,Visitante,Ramon Abatti Abel,28.6,3.9,184.5,7.4,26.5,5.5,182.2,5.9,Arena MRV,33993
Flamengo,2024,15,06/07/2024,20:00,Sábado,07,Cuiabá,Empate,1,1,Mandante,Rodrigo Jose Pereira de Lima,28.7,3.9,183.8,6.7,27.9,4.7,182.9,4.8,Estádio do Maracanã,54948
Flamengo,2024,16,11/07/2024,20:00,Quinta,07,Fortaleza,Derrota,1,2,Mandante,Edina Alves Batista,27.4,4.5,183.0,7.2,29.7,3.2,179.4,4.8,Estádio do Maracanã,57517
Flamengo,2024,18,20/07/2024,16:00,Sábado,07,Criciúma,Vitória,2,1,Mandante,Maguielson Lima Barbosa,28.4,3.7,182.3,8.2,30.3,3.7,181.7,5.2,Arena BRB Mané Garrincha,60127
Flamengo,2024,19,24/07/2024,20:00,Quarta,07,Vitória,Vitória,2,1,Visitante,Raphael Claus,28.3,1.4,180.4,9.1,27.4,4.0,178.3,7.3,Estádio Manoel Barradas,30688
Flamengo,2024,20,28/07/2024,16:00,Domingo,07,Atlético Goianiense,Vitória,2,0,Mandante,Gustavo Ervino Bauermann,29.0,3.3,181.5,7.0,26.7,2.9,181.4,8.8,Estádio do Maracanã,61883
Flamengo,2024,21,03/08/2024,21:30,Sábado,08,São Paulo,Derrota,0,1,Visitante,Rafael Rodrigo Klein,27.9,4.8,183.6,7.4,30.9,5.0,179.4,7.1,MorumBIS,58065
Flamengo,2024,22,11/08/2024,16:00,Domingo,08,Palmeiras,Empate,1,1,Mandante,Wilton Pereira Sampaio,27.7,2.4,182.3,8.2,25.0,4.9,183.3,4.6,Estádio do Maracanã,55051
Flamengo,2024,23,18/08/2024,18:30,Domingo,08,Botafogo,Derrota,1,4,Visitante,Bruno Arleu de Araujo,28.9,3.9,184.4,7.7,26.6,3.9,182.1,7.8,Estádio Nilton Santos,23731
Flamengo,2024,24,25/08/2024,20:00,Domingo,08,Red Bull Bragantino,Vitória,2,1,Mandante,Gustavo Ervino Bauermann,29.1,3.9,182.2,8.1,24.5,3.6,181.6,7.2,Estádio do Maracanã,28159
Flamengo,2024,25,01/09/2024,16:00,Domingo,09,Corinthians,Derrota,1,2,Visitante,Ramon Abatti Abel,29.9,3.0,184.4,6.6,28.0,3.5,181.5,8.3,Neo Química Arena,45635
Flamengo,2024,26,15/09/2024,18:30,Domingo,09,Vasco da Gama,Empate,1,1,Mandante,Raphael Claus,29.5,2.7,183.7,6.8,29.9,4.7,179.4,7.4,Estádio do Maracanã,65200
Flamengo,2024,27,22/09/2024,18:30,Domingo,09,Grêmio,Derrota,2,3,Visitante,Matheus Delgado Candançan,24.2,5.2,184.0,7.5,29.1,4.8,178.0,8.1,Arena do Grêmio,48504
Flamengo,2024,28,29/09/2024,20:00,Domingo,09,Athletico,Vitória,1,0,Mandante,Davi de Oliveira Lacerda,26.8,4.9,182.9,5.6,25.7,4.4,182.7,6.1,Estádio do Maracanã,30022
Flamengo,2024,29,05/10/2024,19:00,Sábado,10,Bahia,Vitória,2,0,Visitante,Rafael Rodrigo Klein,28.4,3.0,181.8,7.4,28.5,3.2,180.7,5.3,Arena Fonte Nova,43433
Flamengo,2024,30,17/10/2024,20:00,Quinta,10,Fluminense,Derrota,0,2,Mandante,Raphael Claus,26.8,4.1,182.8,6.8,29.8,7.5,180.0,5.8,Estádio do Maracanã,58117
Flamengo,2024,31,26/10/2024,16:30,Sábado,10,Juventude,Vitória,4,2,Mandante,Braulio Da Silva Machado,27.5,3.0,181.8,7.6,28.3,3.9,179.5,6.5,Estádio do Maracanã,65700
Flamengo,2024,17,30/10/2024,19:00,Quarta,10,Internacional,Empate,1,1,Visitante,Davi de Oliveira Lacerda,27.8,3.7,184.0,6.1,27.2,3.0,179.2,6.5,Estádio Beira-Rio,43729
Flamengo,2024,32,06/11/2024,21:00,Quarta,11,Cruzeiro,Vitória,1,0,Visitante,Gustavo Ervino Bauermann,28.4,5.0,182.3,7.6,28.1,4.1,179.8,7.6,Arena Independência,20855
Flamengo,2024,33,13/11/2024,20:00,Quarta,11,Atlético Mineiro,Empate,0,0,Mandante,Davi de Oliveira Lacerda,27.6,5.7,182.5,7.7,30.9,4.1,180.3,7.5,Estádio do Maracanã,63441
Flamengo,2024,34,20/11/2024,19:00,Quarta,11,Cuiabá,Vitória,2,1,Visitante,Edina Alves Batista,27.9,4.3,183.5,7.4,29.4,4.1,182.0,6.6,Arena Pantanal,12891
Flamengo,2024,35,26/11/2024,20:00,Terça,11,Fortaleza,Empate,0,0,Visitante,Anderson Daronco,28.7,3.5,182.3,7.1,30.8,4.0,179.0,5.7,Estádio Governador Plácido Castelo,57624
Flamengo,2024,36,01/12/2024,16:00,Domingo,12,Internacional,Vitória,3,2,Mandante,Rodrigo Jose Pereira de Lima,27.8,4.0,181.2,8.3,29.0,4.5,179.5,6.4,Estádio do Maracanã,56571
Flamengo,2024,37,04/12/2024,20:00,Quarta,12,Criciúma,Vitória,3,0,Visitante,Wilton Pereira Sampaio,27.4,5.5,183.3,6.6,30.6,2.6,178.5,7.3,Estádio Heriberto Hülse,18849
Flamengo,2024,38,08/12/2024,16:00,Domingo,12,Vitória,Empate,2,2,Mandante,Lucas Casagrande,28.3,4.7,183.9,5.0,27.8,2.9,178.7,6.6,Estádio do Maracanã,67113
Flamengo,2025,1,29/03/2025,21:00,Sábado,03,Internacional,Empate,1,1,Mandante,Davi de Oliveira Lacerda,29.4,3.2,180.5,8.4,29.6,4.5,179.5,6.0,Estádio do Maracanã,48452
Flamengo,2025,2,06/04/2025,18:30,Domingo,04,Vitória,Vitória,2,1,Visitante,Rafael Rodrigo Klein,29.0,2.9,181.1,7.6,27.3,2.2,180.2,7.4,Estádio Manoel Barradas,29493
Flamengo,2025,3,13/04/2025,17:30,Domingo,04,Grêmio,Vitória,2,0,Visitante,Ramon Abatti Abel,29.6,3.3,180.8,8.6,29.6,3.4,178.7,6.3,Arena do Grêmio,23367
Flamengo,2025,4,16/04/2025,21:30,Quarta,04,Juventude,Vitória,6,0,Mandante,Matheus Delgado Candançan,29.1,3.5,180.6,8.0,26.2,3.8,180.6,8.0,Estádio do Maracanã,31445
Flamengo,2025,5,19/04/2025,18:30,Sábado,04,Vasco da Gama,Empate,0,0,Visitante,Raphael Claus,29.0,3.0,180.7,8.6,27.8,4.5,180.2,5.8,Estádio São Januário,39027
Flamengo,2025,6,27/04/2025,16:00,Domingo,04,Corinthians,Vitória,4,0,Mandante,Ramon Abatti Abel,28.4,2.4,181.6,7.7,28.9,4.3,182.8,7.7,Estádio do Maracanã,67501
Flamengo,2025,7,04/05/2025,18:30,Domingo,05,Cruzeiro,Derrota,1,2,Visitante,Wilton Pereira Sampaio,29.0,2.9,181.7,7.7,29.7,4.7,178.5,8.5,Governador Magalhães Pinto,52792
Flamengo,2025,8,10/05/2025,21:00,Sábado,05,Bahia,Vitória,1,0,Mandante,Anderson Daronco,30.6,2.1,180.6,8.5,25.7,2.7,180.8,5.7,Estádio do Maracanã,62204
Flamengo,2025,9,18/05/2025,18:30,Domingo,05,Botafogo,Empate,0,0,Mandante,Bruno Arleu de Araujo,28.6,3.8,181.7,7.4,26.9,4.5,184.1,7.5,Estádio do Maracanã,50255
Flamengo,2025,10,25/05/2025,16:00,Domingo,05,Palmeiras,Vitória,2,0,Visitante,Ramon Abatti Abel,29.9,3.2,181.5,7.2,27.1,5.5,181.4,4.7,Nubank Parque,41075
Flamengo,2025,11,01/06/2025,18:30,Domingo,06,Fortaleza,Vitória,5,0,Mandante,Gustavo Ervino Bauermann,30.3,3.4,181.1,6.8,29.6,4.9,179.3,6.6,Estádio do Maracanã,61132
Flamengo,2025,13,12/07/2025,16:30,Sábado,07,São Paulo,Vitória,2,0,Mandante,Wilton Pereira Sampaio,29.7,3.7,180.9,6.6,30.3,3.8,179.3,7.1,Estádio do Maracanã,67359
Flamengo,2025,14,16/07/2025,20:00,Quarta,07,Santos,Derrota,0,1,Visitante,Felipe Fernandes de Lima,29.9,3.7,179.5,6.8,28.2,5.3,180.1,7.2,Estádio Urbano Caldeira,13541
Flamengo,2025,15,20/07/2025,19:30,Domingo,07,Fluminense,Vitória,1,0,Mandante,Raphael Claus,29.8,3.4,180.0,7.4,30.5,6.8,180.9,5.9,Estádio do Maracanã,58416
Flamengo,2025,16,23/07/2025,21:30,Quarta,07,Red Bull Bragantino,Vitória,2,1,Visitante,Davi de Oliveira Lacerda,29.3,3.9,181.9,6.9,26.6,3.7,180.1,7.3,Estádio Cícero de Souza Marques,7537
Flamengo,2025,17,27/07/2025,20:30,Domingo,07,Atlético Mineiro,Vitória,1,0,Mandante,Ramon Abatti Abel,30.0,2.7,181.2,7.2,30.3,4.2,179.7,7.0,Estádio do Maracanã,51345
Flamengo,2025,18,03/08/2025,18:30,Domingo,08,Ceará,Empate,1,1,Visitante,Rodrigo Jose Pereira de Lima,29.3,3.9,182.8,5.7,29.6,3.3,179.8,8.5,Estádio Governador Plácido Castelo,57887
Flamengo,2025,19,09/08/2025,18:30,Sábado,08,Mirassol,Vitória,2,1,Mandante,Paulo Cesar Zanovelli da Silva,28.3,3.2,182.3,6.5,30.6,4.0,179.8,6.3,Estádio do Maracanã,64018
Flamengo,2025,20,17/08/2025,18:30,Domingo,08,Internacional,Vitória,3,1,Visitante,Rodrigo Jose Pereira de Lima,29.9,2.1,181.5,6.9,27.9,5.2,181.6,6.0,Estádio Beira-Rio,22241
Flamengo,2025,21,25/08/2025,21:00,Segunda,08,Vitória,Vitória,8,0,Mandante,Felipe Fernandes de Lima,30.1,2.9,181.8,6.6,26.9,2.6,180.4,6.1,Estádio do Maracanã,57249
Flamengo,2025,22,31/08/2025,16:00,Domingo,08,Grêmio,Empate,1,1,Mandante,Paulo Cesar Zanovelli da Silva,29.0,2.2,180.5,7.9,31.3,4.4,179.1,6.7,Estádio do Maracanã,69477
Flamengo,2025,23,14/09/2025,16:00,Domingo,09,Juventude,Vitória,2,0,Visitante,Raphael Claus,29.3,2.2,181.7,6.7,31.2,5.4,178.8,5.6,Estádio Alfredo Jaconi,15204
Flamengo,2025,24,21/09/2025,17:30,Domingo,09,Vasco da Gama,Empate,1,1,Mandante,Rafael Rodrigo Klein,29.5,2.8,181.6,5.9,27.4,5.0,180.7,5.5,Estádio do Maracanã,62156
Flamengo,2025,25,28/09/2025,20:30,Domingo,09,Corinthians,Vitória,2,1,Visitante,Wilton Pereira Sampaio,29.3,2.4,181.5,7.2,25.8,4.1,182.4,8.9,Neo Química Arena,40629
Flamengo,2025,26,02/10/2025,20:30,Quinta,10,Cruzeiro,Empate,0,0,Mandante,Ramon Abatti Abel,30.1,3.0,181.2,6.5,29.3,4.3,179.2,7.9,Estádio do Maracanã,72565
Flamengo,2025,27,05/10/2025,18:30,Domingo,10,Bahia,Derrota,0,1,Visitante,Rodrigo Jose Pereira de Lima,29.5,2.6,180.9,6.9,29.7,4.0,181.8,7.1,Arena Fonte Nova,48634
Flamengo,2025,28,15/10/2025,19:30,Quarta,10,Botafogo,Vitória,3,0,Visitante,Alex Gomes Stefano,29.3,3.3,182.7,6.0,28.4,4.4,180.2,8.5,Estádio Nilton Santos,22635
Flamengo,2025,29,19/10/2025,16:00,Domingo,10,Palmeiras,Vitória,3,2,Mandante,Wilton Pereira Sampaio,30.2,2.6,182.8,6.1,26.9,3.4,182.1,8.8,Estádio do Maracanã,71651
Flamengo,2025,30,25/10/2025,19:30,Sábado,10,Fortaleza,Derrota,0,1,Visitante,Davi de Oliveira Lacerda,30.1,3.2,182.5,5.6,28.7,4.2,178.5,4.9,Estádio Governador Plácido Castelo,36815
Flamengo,2025,31,01/11/2025,21:00,Sábado,11,Sport Recife,Vitória,3,0,Mandante,Fernando Antonio Mendes de Salles Nascimento Filho,29.3,3.0,181.9,6.7,31.1,3.1,181.7,7.1,Estádio do Maracanã,67598
Flamengo,2025,32,05/11/2025,21:30,Quarta,11,São Paulo,Empate,2,2,Visitante,Rodrigo Jose Pereira de Lima,29.9,3.1,182.7,5.7,30.1,5.0,182.3,5.8,Estádio Urbano Caldeira,11228
Flamengo,2025,33,09/11/2025,18:30,Domingo,11,Santos,Vitória,3,2,Mandante,Savio Pereira Sampaio,30.5,2.7,180.5,7.8,29.2,4.2,180.2,6.2,Estádio do Maracanã,69612
Flamengo,2025,12,15/11/2025,18:30,Sábado,11,Sport Recife,Vitória,5,1,Visitante,Rafael Rodrigo Klein,28.0,4.5,183.9,5.2,29.9,3.3,182.8,8.2,Ilha do Retiro,19706
Flamengo,2025,34,19/11/2025,21:30,Quarta,11,Fluminense,Derrota,1,2,Visitante,Davi de Oliveira Lacerda,28.6,3.9,183.6,5.4,31.9,6.5,176.5,7.5,Estádio do Maracanã,69591
Flamengo,2025,35,22/11/2025,21:30,Sábado,11,Red Bull Bragantino,Vitória,3,0,Mandante,Fernando Antonio Mendes de Salles Nascimento Filho,30.2,3.7,180.8,6.8,26.8,4.0,180.9,7.3,Estádio do Maracanã,68408
Flamengo,2025,36,25/11/2025,21:30,Terça,11,Atlético Mineiro,Empate,1,1,Visitante,Rafael Rodrigo Klein,28.0,3.7,183.3,5.3,31.2,4.9,177.6,8.1,Arena MRV,18321
Flamengo,2025,37,03/12/2025,21:30,Quarta,12,Ceará,Vitória,1,0,Mandante,Rodrigo Jose Pereira de Lima,31.6,2.9,181.8,6.6,28.2,2.7,181.1,8.1,Estádio do Maracanã,73244
Flamengo,2025,38,06/12/2025,18:30,Sábado,12,Mirassol,Empate,3,3,Visitante,Lucas Casagrande,20.9,3.1,182.5,6.5,29.2,4.3,178.3,6.6,Estádio José Maria de Campos Maia,10278
Fluminense,2015,1,09/05/2015,21:00,Sábado,05,Joinville,Vitória,1,0,Mandante,Thiago Duarte Peixoto,26.3,5.2,181.5,5.9,28.5,4.3,180.4,4.9,Estádio do Maracanã,19185
Fluminense,2015,2,17/05/2015,16:00,Domingo,05,Atlético Mineiro,Derrota,1,4,Visitante,Anderson Daronco,N.A,N.A,N.A,N.A,N.A,N.A,N.A,N.A,Arena Independência,11958
Fluminense,2015,3,24/05/2015,16:00,Domingo,05,Corinthians,Empate,0,0,Mandante,Heber Roberto Lopes,N.A,N.A,N.A,N.A,N.A,N.A,N.A,N.A,Estádio do Maracanã,28572
Fluminense,2015,4,31/05/2015,18:30,Domingo,05,Flamengo,Vitória,3,2,Visitante,Sandro Meira Ricci,N.A,N.A,N.A,N.A,N.A,N.A,N.A,N.A,Estádio do Maracanã,28663
Fluminense,2015,5,04/06/2015,16:00,Quinta,06,Coritiba,Vitória,2,0,Mandante,Cleisson Veloso Pereira,27.4,4.3,181.3,5.9,26.5,3.3,179.5,5.7,Estádio do Maracanã,32944
Fluminense,2015,6,07/06/2015,19:30,Domingo,06,Sport Recife,Empate,0,0,Mandante,Paulo Roberto Alves Junior,27.5,4.2,181.4,5.9,26.9,4.7,178.7,8.0,Estádio do Maracanã,15411
Fluminense,2015,7,14/06/2015,16:00,Domingo,06,Palmeiras,Derrota,1,2,Visitante,Dewson Fernando Freitas da Silva,28.5,5.5,180.3,6.3,29.4,5.5,179.4,8.4,Nubank Parque,26181
Fluminense,2015,8,24/06/2015,19:30,Quarta,06,Ponte Preta,Vitória,2,0,Mandante,Leandro Pedro Vuaden,26.8,4.7,181.2,5.6,27.8,3.6,178.2,6.2,Estádio do Maracanã,7033
Fluminense,2015,9,28/06/2015,16:00,Domingo,06,Goiás,Vitória,2,1,Visitante,Luiz Flávio de Oliveira,28.4,5.3,180.7,5.9,24.6,3.1,179.3,6.0,Serra Dourada,3053
Fluminense,2015,10,02/07/2015,21:00,Quinta,07,Santos,Vitória,2,1,Mandante,Ricardo Marques Ribeiro,N.A,N.A,N.A,N.A,N.A,N.A,N.A,N.A,Estádio do Maracanã,11437
Fluminense,2015,11,05/07/2015,16:00,Domingo,07,São Paulo,Empate,0,0,Visitante,Leandro Pedro Vuaden,27.8,4.6,180.4,7.3,28.2,6.0,182.4,3.9,MorumBIS,16469
Fluminense,2015,12,09/07/2015,21:00,Quinta,07,Cruzeiro,Vitória,1,0,Mandante,Heber Roberto Lopes,27.2,5.2,180.5,7.9,27.2,4.3,180.5,5.9,Estádio do Maracanã,16391
Fluminense,2015,13,12/07/2015,16:00,Domingo,07,Athletico,Vitória,2,1,Visitante,Anderson Daronco,N.A,N.A,N.A,N.A,N.A,N.A,N.A,N.A,Arena da Baixada,17522
Fluminense,2015,14,19/07/2015,16:00,Domingo,07,Vasco da Gama,Derrota,1,2,Mandante,Luiz Flávio de Oliveira,26.8,4.6,180.8,6.9,27.8,4.5,182.7,5.1,Estádio do Maracanã,37687
Fluminense,2015,15,26/07/2015,11:00,Domingo,07,Chapecoense,Derrota,1,2,Visitante,Raphael Claus,27.6,3.7,179.4,7.4,29.1,2.9,180.5,6.8,Arena Condá,8494
Fluminense,2015,16,01/08/2015,18:30,Sábado,08,Grêmio,Vitória,1,0,Mandante,Wilton Pereira Sampaio,26.8,5.2,179.3,7.1,25.3,4.4,183.3,5.6,Estádio do Maracanã,33288
Fluminense,2015,17,08/08/2015,18:30,Sábado,08,Avaí,Derrota,0,1,Visitante,Thiago Duarte Peixoto,28.5,6.2,179.3,6.2,28.5,4.5,178.6,7.2,Estádio da Ressacada,11033
Fluminense,2015,18,12/08/2015,22:00,Quarta,08,Internacional,Derrota,0,1,Visitante,Flavio Rodrigues Guerra,N.A,N.A,N.A,N.A,N.A,N.A,N.A,N.A,Estádio Beira-Rio,9222
Fluminense,2015,19,16/08/2015,16:00,Domingo,08,Figueirense,Vitória,2,1,Mandante,Diego Almeida Real,27.7,4.3,180.1,6.0,26.2,3.4,181.1,4.5,Estádio do Maracanã,23130
Fluminense,2015,20,23/08/2015,16:00,Domingo,08,Joinville,Derrota,1,2,Visitante,Emerson Luiz Sobral,27.0,4.2,180.2,7.1,25.4,5.5,180.5,4.8,Arena Joinville,12395
Fluminense,2015,21,30/08/2015,16:00,Domingo,08,Atlético Mineiro,Derrota,1,2,Mandante,Marielson Alves Silva,N.A,N.A,N.A,N.A,N.A,N.A,N.A,N.A,Estádio do Maracanã,20533
Fluminense,2015,22,02/09/2015,22:00,Quarta,09,Corinthians,Derrota,0,2,Visitante,Sandro Meira Ricci,27.5,4.9,180.2,6.8,27.7,5.9,180.4,9.2,Neo Química Arena,29328
Fluminense,2015,23,06/09/2015,16:00,Domingo,09,Flamengo,Derrota,1,3,Mandante,Ricardo Marques Ribeiro,27.9,4.7,179.2,7.3,28.1,3.9,178.0,5.9,Estádio do Maracanã,55999
Fluminense,2015,24,09/09/2015,22:00,Quarta,09,Coritiba,Empate,1,1,Visitante,Leandro Pedro Vuaden,25.1,5.1,180.7,7.9,28.0,4.6,176.9,6.3,Estádio Major Antônio Couto Pereira,12619
Fluminense,2015,25,13/09/2015,18:30,Domingo,09,Sport Recife,Derrota,0,1,Visitante,Heber Roberto Lopes,25.2,5.0,180.6,6.9,27.7,3.3,182.5,6.3,Ilha do Retiro,5333
Fluminense,2015,26,16/09/2015,19:30,Quarta,09,Palmeiras,Derrota,1,4,Mandante,Anderson Daronco,26.3,5.3,180.5,6.4,29.4,6.0,179.5,7.1,Estádio do Maracanã,9842
Fluminense,2015,27,19/09/2015,21:00,Sábado,09,Ponte Preta,Derrota,1,3,Visitante,Andre Luiz de Freitas Castro,25.8,5.0,180.5,5.9,29.0,3.7,179.0,5.8,Moisés Lucarelli,5470
Fluminense,2015,28,26/09/2015,18:30,Sábado,09,Goiás,Vitória,2,0,Mandante,Marielson Alves Silva,27.6,6.1,181.1,5.9,25.7,4.0,179.6,4.8,Estádio do Maracanã,11725
Fluminense,2015,29,04/10/2015,16:00,Domingo,10,Santos,Derrota,1,3,Visitante,Sandro Meira Ricci,26.5,5.4,179.5,8.2,26.4,5.8,181.3,7.7,Estádio Urbano Caldeira,7491
Fluminense,2015,30,14/10/2015,22:00,Quarta,10,São Paulo,Vitória,2,0,Mandante,Braulio Da Silva Machado,26.0,5.0,180.2,6.8,27.1,6.4,182.5,4.6,Estádio do Maracanã,8357
Fluminense,2015,31,18/10/2015,10:00,Domingo,10,Cruzeiro,Derrota,0,2,Visitante,Andre Luiz de Freitas Castro,25.4,5.4,180.1,6.8,28.6,4.5,180.4,5.7,Governador Magalhães Pinto,38577
Fluminense,2015,32,24/10/2015,16:00,Sábado,10,Athletico,Derrota,0,1,Mandante,Luiz Flávio de Oliveira,27.6,5.9,178.8,6.0,25.7,3.8,179.0,6.9,Estádio do Maracanã,8995
Fluminense,2015,33,01/11/2015,17:00,Domingo,11,Vasco da Gama,Vitória,1,0,Visitante,Luiz Flávio de Oliveira,27.1,4.9,178.9,6.5,30.9,4.1,181.4,5.8,Estádio Nilton Santos,11957
Fluminense,2015,34,07/11/2015,20:00,Sábado,11,Chapecoense,Derrota,2,3,Mandante,Nielson Nogueira Dias,26.2,4.6,178.5,7.1,28.9,2.6,179.5,9.1,Estádio do Maracanã,4153
Fluminense,2015,35,19/11/2015,18:30,Quinta,11,Grêmio,Derrota,0,1,Visitante,Reway Wagner,28.3,4.4,178.0,7.4,25.4,4.2,180.5,7.2,Arena do Grêmio,15909
Fluminense,2015,36,22/11/2015,18:30,Domingo,11,Avaí,Vitória,3,1,Mandante,Flavio Rodrigues Guerra,27.7,4.7,178.6,6.9,26.5,4.0,180.2,7.8,Estádio Kleber Andrade,9183
Fluminense,2015,37,28/11/2015,18:30,Sábado,11,Internacional,Empate,1,1,Mandante,Marielson Alves Silva,25.6,5.0,179.5,6.3,26.8,4.6,180.5,5.4,Estádio do Maracanã,7691
Fluminense,2015,38,06/12/2015,16:00,Domingo,12,Figueirense,Derrota,0,1,Visitante,Dewson Fernando Freitas da Silva,27.0,5.9,180.1,6.9,25.6,3.2,179.2,4.8,Orlando Scarpelli,16047
Fluminense,2016,1,15/05/2016,16:00,Domingo,05,América Mineiro,Vitória,1,0,Visitante,Thiago Duarte Peixoto,28.3,4.3,180.8,6.4,28.1,4.0,182.3,4.9,Arena Independência,2078
Fluminense,2016,2,21/05/2016,18:30,Sábado,05,Santa Cruz,Empate,2,2,Mandante,Jailson Macedo Freitas,29.2,4.4,179.8,6.8,28.9,4.9,181.7,5.9,Estádio Giulite Coutinho,3380
Fluminense,2016,3,25/05/2016,21:45,Quarta,05,Palmeiras,Derrota,0,2,Visitante,Sandro Meira Ricci,29.7,3.4,179.7,6.8,25.9,5.8,178.6,6.8,Nubank Parque,28534
Fluminense,2016,4,29/05/2016,16:00,Domingo,05,Botafogo,Vitória,1,0,Mandante,Marcelo Aparecido Ribeiro de Souza,28.7,4.6,181.5,6.0,25.9,5.2,181.0,6.3,Estádio Raulino de Oliveira,4550
Fluminense,2016,5,01/06/2016,21:45,Quarta,06,Atlético Mineiro,Empate,1,1,Visitante,Luiz Flávio de Oliveira,27.4,5.0,181.5,5.8,27.2,4.4,180.2,6.8,Arena Independência,8144
Fluminense,2016,6,04/06/2016,20:30,Sábado,06,Chapecoense,Empate,0,0,Visitante,Ricardo Marques Ribeiro,27.4,5.0,181.5,5.8,26.6,3.6,179.1,4.3,Arena Condá,5817
Fluminense,2016,7,11/06/2016,18:30,Sábado,06,Grêmio,Empate,1,1,Mandante,Andre Luiz de Freitas Castro,26.9,4.7,179.6,6.7,27.8,4.3,179.9,7.7,Estádio Giulite Coutinho,3636
Fluminense,2016,8,16/06/2016,20:00,Quinta,06,Corinthians,Vitória,1,0,Mandante,Ricardo Marques Ribeiro,26.7,4.8,179.5,7.0,26.6,2.1,178.8,6.1,Estádio Giulite Coutinho,21148
Fluminense,2016,9,19/06/2016,16:00,Domingo,06,Sport Recife,Derrota,1,2,Visitante,Raphael Claus,26.7,4.8,179.5,7.0,28.9,5.8,178.2,8.0,Ilha do Retiro,8065
Fluminense,2016,10,22/06/2016,21:45,Quarta,06,Santos,Derrota,2,4,Mandante,Rodolpho Toski Marques,29.5,5.7,177.7,7.0,24.7,5.3,182.3,7.5,Estádio Giulite Coutinho,5310
Fluminense,2016,11,26/06/2016,16:00,Domingo,06,Flamengo,Vitória,2,1,Visitante,Luiz Flávio de Oliveira,28.6,5.4,180.0,6.1,27.8,3.8,182.0,5.9,Arena das Dunas,25946
Fluminense,2016,12,29/06/2016,21:45,Quarta,06,São Paulo,Derrota,1,2,Visitante,Anderson Daronco,28.6,5.4,180.0,6.1,26.9,3.3,181.2,6.8,MorumBIS,10323
Fluminense,2016,13,02/07/2016,16:00,Sábado,07,Coritiba,Empate,0,0,Mandante,Leandro Pedro Vuaden,29.6,4.9,179.9,6.6,27.0,5.2,176.6,7.2,Estádio Giulite Coutinho,1826
Fluminense,2016,14,10/07/2016,19:30,Domingo,07,Vitória,Empate,0,0,Visitante,Marcelo Aparecido Ribeiro de Souza,28.8,5.1,178.6,6.7,26.3,4.6,179.3,8.8,Estádio Manoel Barradas,6938
Fluminense,2016,15,17/07/2016,16:00,Domingo,07,Cruzeiro,Vitória,2,0,Mandante,Wilton Pereira Sampaio,26.9,4.6,180.0,8.2,28.1,4.5,180.8,5.9,Estádio Giulite Coutinho,9681
Fluminense,2016,16,24/07/2016,16:00,Domingo,07,Athletico,Derrota,0,1,Visitante,Francisco Carlos Do Nascimento,26.8,4.5,180.6,7.7,24.5,2.6,179.7,6.8,Arena da Baixada,14959
Fluminense,2016,17,31/07/2016,11:00,Domingo,07,Ponte Preta,Vitória,3,0,Mandante,Igor Junio Benevenuto,27.1,4.1,181.4,6.9,27.6,4.3,179.3,8.0,Estádio Giulite Coutinho,9574
Fluminense,2016,19,07/08/2016,16:15,Domingo,08,Internacional,Empate,2,2,Visitante,Rafael Traci,27.0,4.2,179.8,7.3,26.7,3.2,180.8,6.3,Estádio Beira-Rio,19552
Fluminense,2016,20,14/08/2016,11:00,Domingo,08,América Mineiro,Vitória,1,0,Mandante,Diego Almeida Real,26.7,4.1,179.8,7.3,26.4,3.6,179.9,7.2,Estádio Giulite Coutinho,6775
Fluminense,2016,21,21/08/2016,16:00,Domingo,08,Santa Cruz,Vitória,1,0,Visitante,Luiz Flávio de Oliveira,26.9,3.9,179.9,7.7,29.5,4.8,180.6,7.9,Estádio do Arruda,8279
Fluminense,2016,22,28/08/2016,16:00,Domingo,08,Palmeiras,Derrota,0,2,Mandante,Ricardo Marques Ribeiro,27.1,4.2,179.8,7.3,27.0,6.3,178.0,8.3,Estádio Giulite Coutinho,12037
Fluminense,2016,18,03/09/2016,16:00,Sábado,09,Figueirense,Vitória,3,2,Mandante,Rodrigo Batista Raposo,27.7,4.5,179.9,6.2,28.1,3.3,180.7,6.2,Estádio Giulite Coutinho,6136
Fluminense,2016,23,07/09/2016,16:00,Quarta,09,Botafogo,Derrota,0,1,Visitante,Rodolpho Toski Marques,28.5,3.9,181.5,6.4,27.9,4.6,180.2,7.5,Estádio Luso Brasileiro,10156
Fluminense,2016,24,12/09/2016,20:00,Segunda,09,Atlético Mineiro,Vitória,4,2,Mandante,Eduardo Tomaz de Aquino Valadao,27.0,3.8,178.3,8.6,30.6,3.6,182.8,6.6,Estádio Giulite Coutinho,9004
Fluminense,2016,26,18/09/2016,16:00,Domingo,09,Grêmio,Vitória,1,0,Visitante,Wilton Pereira Sampaio,28.2,3.6,179.5,7.4,27.4,4.2,181.3,6.5,Arena do Grêmio,12136
Fluminense,2016,27,25/09/2016,16:00,Domingo,09,Corinthians,Vitória,1,0,Visitante,Anderson Daronco,26.9,4.6,178.7,7.8,25.6,2.5,179.1,5.8,Neo Química Arena,18838
Fluminense,2016,28,01/10/2016,11:00,Sábado,10,Sport Recife,Vitória,3,1,Mandante,Leandro Pedro Vuaden,27.5,4.4,178.9,7.8,28.4,5.4,177.3,7.3,Estádio Giulite Coutinho,7801
Fluminense,2016,29,05/10/2016,21:00,Quarta,10,Santos,Derrota,1,2,Visitante,Igor Junio Benevenuto,27.5,4.4,178.9,7.8,28.1,5.5,180.6,6.9,Estádio Urbano Caldeira,5253
Fluminense,2016,30,13/10/2016,21:00,Quinta,10,Flamengo,Derrota,1,2,Mandante,Sandro Meira Ricci,27.5,4.4,179.9,7.6,28.2,3.5,180.5,7.2,Estádio Raulino de Oliveira,11166
Fluminense,2016,31,17/10/2016,19:00,Segunda,10,São Paulo,Derrota,1,2,Mandante,Nielson Nogueira Dias,27.6,4.4,179.5,7.4,26.4,2.2,179.5,6.8,Estádio Giulite Coutinho,6664
Fluminense,2016,32,23/10/2016,17:30,Domingo,10,Coritiba,Empate,1,1,Visitante,Raphael Claus,27.2,4.9,180.0,6.6,27.2,4.4,179.0,5.6,Estádio Major Antônio Couto Pereira,9819
Fluminense,2016,33,28/10/2016,18:30,Sexta,10,Vitória,Empate,2,2,Mandante,Nielson Nogueira Dias,27.3,4.9,180.0,6.6,27.5,3.2,178.5,8.2,Estádio Giulite Coutinho,20005
Fluminense,2016,34,06/11/2016,16:00,Domingo,11,Cruzeiro,Derrota,2,4,Visitante,Elmo Alves Resende Cunha,26.9,3.7,181.4,6.5,27.5,3.5,178.6,7.4,Governador Magalhães Pinto,7735
Fluminense,2016,35,15/11/2016,16:00,Terça,11,Athletico,Empate,1,1,Mandante,Luiz Flávio de Oliveira,28.7,3.5,181.2,6.4,26.6,4.9,182.1,6.2,Estádio Giulite Coutinho,43691
Fluminense,2016,36,20/11/2016,16:00,Domingo,11,Ponte Preta,Derrota,0,1,Visitante,Marielson Alves Silva,27.9,4.8,181.1,5.8,27.1,4.9,180.6,8.7,Moisés Lucarelli,4981
Fluminense,2016,37,27/11/2016,18:30,Domingo,11,Figueirense,Derrota,0,1,Visitante,Jean Pierre Goncalves Lima,27.2,4.6,179.5,7.6,26.2,4.9,181.0,9.1,Orlando Scarpelli,1842
Fluminense,2016,38,11/12/2016,16:00,Domingo,12,Internacional,Empate,1,1,Mandante,Heber Roberto Lopes,25.2,3.7,181.6,6.2,26.5,4.1,180.5,5.1,Estádio Giulite Coutinho,3377
Fluminense,2017,1,14/05/2017,11:00,Domingo,05,Santos,Vitória,3,2,Mandante,Reway Wagner,25.6,4.4,180.5,6.9,27.4,5.9,181.5,6.1,Estádio Giulite Coutinho,11835
Fluminense,2017,2,21/05/2017,16:00,Domingo,05,Atlético Mineiro,Vitória,2,1,Visitante,Jean Pierre Goncalves Lima,25.1,4.5,181.3,6.4,29.2,3.8,179.8,8.4,Arena Independência,16145
Fluminense,2017,3,27/05/2017,16:00,Sábado,05,Vasco da Gama,Derrota,2,3,Visitante,Raphael Claus,24.8,4.7,181.9,5.0,26.1,5.5,180.2,6.6,Estádio São Januário,20442
Fluminense,2017,4,03/06/2017,18:00,Sábado,06,Vitória,Vitória,2,1,Mandante,Ricardo Marques Ribeiro,25.4,3.8,182.8,5.7,29.3,2.9,181.3,7.3,Estádio Giulite Coutinho,13801
Fluminense,2017,5,06/06/2017,20:00,Terça,06,Athletico,Empate,1,1,Mandante,Igor Junio Benevenuto,25.2,3.9,182.2,5.9,28.0,4.8,180.8,6.5,Estádio Giulite Coutinho,14843
Fluminense,2017,6,10/06/2017,16:00,Sábado,06,Palmeiras,Derrota,1,3,Visitante,Andre Luiz de Freitas Castro,25.6,4.1,181.7,6.2,31.0,6.5,178.8,6.9,Nubank Parque,33066
Fluminense,2017,7,15/06/2017,21:00,Quinta,06,Grêmio,Derrota,0,2,Mandante,Elmo Alves Resende Cunha,24.5,4.1,181.5,6.7,27.3,3.8,179.4,6.4,Estádio do Maracanã,11652
Fluminense,2017,8,18/06/2017,16:00,Domingo,06,Flamengo,Empate,2,2,Mandante,Vinicius Goncalves Dias Araujo,24.6,4.2,182.3,6.2,28.3,6.0,178.8,6.5,Estádio do Maracanã,33112
Fluminense,2017,9,21/06/2017,21:45,Quarta,06,Avaí,Vitória,3,0,Visitante,Marielson Alves Silva,24.6,4.0,181.7,6.6,29.5,5.4,178.9,7.2,Estádio da Ressacada,5239
Fluminense,2017,10,25/06/2017,16:00,Domingo,06,São Paulo,Empate,1,1,Visitante,Anderson Daronco,24.9,4.0,182.5,6.2,25.7,4.5,181.7,6.9,MorumBIS,17742
Fluminense,2017,11,03/07/2017,20:00,Segunda,07,Chapecoense,Empate,3,3,Mandante,Eduardo Tomaz de Aquino Valadao,24.2,4.1,182.7,6.2,25.5,3.5,181.3,7.2,Estádio Giulite Coutinho,7536
Fluminense,2017,12,09/07/2017,16:00,Domingo,07,Bahia,Empate,1,1,Visitante,Flavio Rodrigues De Souza,25.3,3.7,181.5,7.2,26.5,3.3,178.7,7.1,Arena Fonte Nova,18267
Fluminense,2017,13,12/07/2017,21:00,Quarta,07,Botafogo,Derrota,0,1,Mandante,Reway Wagner,24.3,4.2,182.3,6.6,26.8,4.5,181.4,6.9,Estádio Giulite Coutinho,14851
Fluminense,2017,14,16/07/2017,19:00,Domingo,07,Coritiba,Vitória,2,1,Visitante,Leandro Bizzio Marinho,23.6,3.5,184.1,5.3,27.3,2.8,180.5,5.0,Estádio Major Antônio Couto Pereira,10843
Fluminense,2017,15,20/07/2017,19:30,Quinta,07,Cruzeiro,Empate,1,1,Mandante,Leandro Pedro Vuaden,24.0,4.1,183.4,4.5,27.5,4.8,180.2,6.8,Estádio Giulite Coutinho,5753
Fluminense,2017,16,23/07/2017,16:00,Domingo,07,Corinthians,Derrota,0,1,Mandante,Rafael Traci,24.5,3.9,183.3,4.3,25.8,3.6,180.1,8.1,Estádio do Maracanã,23863
Fluminense,2017,18,02/08/2017,19:30,Quarta,08,Sport Recife,Empate,2,2,Visitante,Marcelo Aparecido Ribeiro de Souza,25.6,3.8,181.3,5.8,28.8,5.5,178.7,6.9,Ilha do Retiro,15469
Fluminense,2017,19,05/08/2017,19:00,Sábado,08,Atlético Goianiense,Vitória,3,1,Mandante,Paulo Roberto Alves Junior,24.5,3.9,180.0,6.3,26.4,2.7,180.5,6.5,Estádio do Maracanã,27278
Fluminense,2017,17,09/08/2017,20:00,Quarta,08,Ponte Preta,Empate,0,0,Visitante,Heber Roberto Lopes,25.6,3.8,181.5,5.9,27.0,5.4,179.3,7.7,Moisés Lucarelli,5977
Fluminense,2017,20,14/08/2017,20:00,Segunda,08,Santos,Empate,0,0,Visitante,Andre Luiz de Freitas Castro,25.7,3.6,181.7,5.7,27.7,4.6,180.6,9.8,Estádio Urbano Caldeira,22018
Fluminense,2017,21,21/08/2017,20:00,Segunda,08,Atlético Mineiro,Vitória,2,1,Mandante,Vinicius Goncalves Dias Araujo,25.7,3.6,181.7,5.7,29.7,5.3,181.2,8.3,Estádio Giulite Coutinho,10412
Fluminense,2017,22,26/08/2017,16:00,Sábado,08,Vasco da Gama,Derrota,0,1,Mandante,Ricardo Marques Ribeiro,25.7,3.6,181.7,5.7,28.4,4.7,180.2,5.6,Estádio Giulite Coutinho,23460
Fluminense,2017,23,10/09/2017,16:00,Domingo,09,Vitória,Empate,2,2,Visitante,Reway Wagner,25.5,3.9,180.2,6.1,27.7,3.3,179.1,7.9,Estádio Manoel Barradas,12444
Fluminense,2017,24,17/09/2017,16:00,Domingo,09,Athletico,Derrota,1,3,Visitante,Raphael Claus,23.5,3.2,182.1,6.7,27.9,4.2,181.8,5.6,Arena da Baixada,11329
Fluminense,2017,25,24/09/2017,16:00,Domingo,09,Palmeiras,Derrota,0,1,Mandante,Anderson Daronco,24.1,3.6,181.7,5.5,29.4,4.9,179.2,7.6,Estádio do Maracanã,13145
Fluminense,2017,26,01/10/2017,16:00,Domingo,10,Grêmio,Derrota,0,1,Visitante,Rafael Traci,24.9,4.2,181.0,7.6,28.5,6.0,179.7,7.0,Arena do Grêmio,15727
Fluminense,2017,27,12/10/2017,17:00,Quinta,10,Flamengo,Empate,1,1,Visitante,Luiz Flávio de Oliveira,26.0,4.3,180.1,9.2,29.6,4.7,179.7,6.4,Estádio Luso Brasileiro,38629
Fluminense,2017,28,15/10/2017,16:00,Domingo,10,Avaí,Vitória,1,0,Mandante,Flavio Rodrigues De Souza,25.8,4.3,180.8,8.9,27.4,4.9,177.9,7.8,Estádio Giulite Coutinho,18006
Fluminense,2017,29,18/10/2017,20:45,Quarta,10,São Paulo,Vitória,3,1,Mandante,Leandro Pedro Vuaden,26.1,4.3,180.1,9.2,25.8,4.8,180.9,6.3,Estádio Giulite Coutinho,22999
Fluminense,2017,30,22/10/2017,18:00,Domingo,10,Chapecoense,Derrota,0,2,Visitante,Claudio Francisco Lima E. Silva,25.2,4.7,182.6,7.7,27.8,3.3,181.8,5.6,Arena Condá,10010
Fluminense,2017,31,29/10/2017,16:00,Domingo,10,Bahia,Empate,1,1,Mandante,Wilton Pereira Sampaio,26.1,4.3,180.1,9.2,27.5,3.6,180.2,6.9,Estádio do Maracanã,12841
Fluminense,2017,32,04/11/2017,18:00,Sábado,11,Botafogo,Vitória,2,1,Visitante,Luiz Flávio de Oliveira,25.5,4.3,178.9,8.2,26.2,3.8,182.2,6.4,Estádio Nilton Santos,11776
Fluminense,2017,33,09/11/2017,20:00,Quinta,11,Coritiba,Empate,2,2,Mandante,Ricardo Marques Ribeiro,26.0,4.4,177.4,7.3,27.4,3.1,178.7,4.7,Estádio Giulite Coutinho,10908
Fluminense,2017,34,12/11/2017,18:00,Domingo,11,Cruzeiro,Derrota,1,3,Visitante,Andre Luiz de Freitas Castro,25.1,4.8,179.9,6.5,28.5,4.9,178.2,7.2,Governador Magalhães Pinto,8644
Fluminense,2017,35,15/11/2017,20:45,Quarta,11,Corinthians,Derrota,1,3,Visitante,Braulio Da Silva Machado,26.0,4.2,180.3,8.2,25.6,3.2,178.7,7.9,Neo Química Arena,45775
Fluminense,2017,36,20/11/2017,16:00,Segunda,11,Ponte Preta,Vitória,2,0,Mandante,Anderson Daronco,26.2,4.3,178.5,7.4,28.2,5.0,181.7,7.6,Estádio do Maracanã,19686
Fluminense,2017,37,25/11/2017,16:00,Sábado,11,Sport Recife,Derrota,1,2,Mandante,Dewson Fernando Freitas da Silva,26.2,4.3,178.5,7.4,30.5,4.4,180.8,4.6,Estádio do Maracanã,12819
Fluminense,2017,38,03/12/2017,16:00,Domingo,12,Atlético Goianiense,Empate,1,1,Visitante,Anderson Daronco,25.8,4.6,178.8,6.8,25.4,2.4,181.8,5.3,Estádio Olímpico Pedro Ludovico,2996
Fluminense,2018,1,15/04/2018,16:00,Domingo,04,Corinthians,Derrota,1,2,Visitante,Anderson Daronco,25.0,4.0,181.7,7.9,27.7,3.8,179.2,8.1,Neo Química Arena,28777
Fluminense,2018,2,22/04/2018,16:00,Domingo,04,Cruzeiro,Vitória,1,0,Mandante,Flavio Rodrigues De Souza,25.4,3.7,181.3,8.9,29.1,4.3,179.5,7.0,Estádio do Maracanã,10016
Fluminense,2018,3,29/04/2018,16:00,Domingo,04,São Paulo,Empate,1,1,Mandante,Rodolpho Toski Marques,25.5,3.7,180.4,9.3,28.8,5.0,182.5,4.7,Estádio do Maracanã,19237
Fluminense,2018,4,06/05/2018,16:00,Domingo,05,Vitória,Vitória,2,1,Visitante,Rodrigo D'alonso Ferreira,25.0,3.1,180.9,8.8,26.4,3.9,181.6,9.7,Estádio Manoel Barradas,6652
Fluminense,2018,5,14/05/2018,20:00,Segunda,05,Botafogo,Derrota,1,2,Visitante,Raphael Claus,25.6,3.6,181.5,9.1,27.0,5.0,182.6,5.2,Estádio Nilton Santos,10382
Fluminense,2018,6,20/05/2018,19:00,Domingo,05,Athletico,Vitória,2,0,Mandante,Igor Junio Benevenuto,25.6,3.6,181.4,9.1,27.3,4.5,180.8,4.9,Estádio do Maracanã,9172
Fluminense,2018,7,26/05/2018,16:00,Sábado,05,Chapecoense,Vitória,3,1,Mandante,Rafael Traci,25.6,3.6,181.4,9.1,29.6,3.5,179.9,6.3,Estádio do Maracanã,14541
Fluminense,2018,8,30/05/2018,21:45,Quarta,05,Grêmio,Empate,0,0,Visitante,Luiz Flávio de Oliveira,24.9,3.1,181.4,8.7,27.7,3.9,181.8,3.5,Arena do Grêmio,18149
Fluminense,2018,9,04/06/2018,20:00,Segunda,06,Paraná Clube,Derrota,1,2,Visitante,Leandro Bizzio Marinho,26.0,3.3,180.5,9.7,27.1,2.8,180.0,6.0,Durival Britto e Silva,3491
Fluminense,2018,10,07/06/2018,20:00,Quinta,06,Flamengo,Derrota,0,2,Mandante,Dewson Fernando Freitas da Silva,25.5,3.6,182.0,8.4,25.7,4.5,179.5,6.2,Arena BRB Mané Garrincha,60000
Fluminense,2018,11,10/06/2018,16:00,Domingo,06,Atlético Mineiro,Derrota,2,5,Visitante,Flavio Rodrigues De Souza,23.9,3.4,182.4,7.4,29.3,6.2,180.2,7.3,Arena Independência,14476
Fluminense,2018,12,13/06/2018,19:00,Quarta,06,Santos,Derrota,0,1,Mandante,Rafael Traci,23.8,3.4,181.7,7.6,27.0,3.4,181.8,7.4,Estádio do Maracanã,7438
Fluminense,2018,13,19/07/2018,20:00,Quinta,07,Vasco da Gama,Empate,1,1,Visitante,Marcelo Aparecido Ribeiro de Souza,25.9,3.9,178.9,9.7,27.3,4.4,178.5,5.8,Estádio São Januário,11901
Fluminense,2018,14,22/07/2018,16:00,Domingo,07,Sport Recife,Vitória,2,1,Visitante,Braulio Da Silva Machado,25.7,4.0,179.1,9.6,30.5,4.8,180.5,5.1,Ilha do Retiro,11119
Fluminense,2018,15,25/07/2018,19:30,Quarta,07,Palmeiras,Vitória,1,0,Mandante,Rodrigo D'Alonso Ferreira,26.7,4.0,181.2,7.6,29.6,3.8,180.5,7.1,Estádio do Maracanã,22827
Fluminense,2018,16,28/07/2018,16:00,Sábado,07,Ceará,Derrota,0,1,Visitante,Leandro Bizzio Marinho,26.2,4.1,182.1,8.3,28.6,4.6,179.9,8.6,Estádio Presidente Vargas,11119
Fluminense,2018,17,05/08/2018,19:00,Domingo,08,Bahia,Empate,1,1,Mandante,Luiz Flávio de Oliveira,26.3,3.9,178.1,8.8,28.5,3.5,182.2,6.4,Estádio do Maracanã,16548
Fluminense,2018,19,19/08/2018,19:00,Domingo,08,América Mineiro,Empate,0,0,Visitante,Caio Max Augusto Vieira,25.3,4.3,181.6,8.3,30.9,3.3,180.9,8.2,Arena Independência,4851
Fluminense,2018,20,22/08/2018,21:45,Quarta,08,Corinthians,Vitória,1,0,Mandante,Ricardo Marques Ribeiro,25.8,3.9,180.3,8.9,27.7,4.9,178.2,9.1,Estádio do Maracanã,8444
Fluminense,2018,21,25/08/2018,21:00,Sábado,08,Cruzeiro,Derrota,1,2,Visitante,Rafael Traci,24.6,4.0,180.0,8.9,27.9,5.2,180.0,7.4,Governador Magalhães Pinto,14449
Fluminense,2018,22,02/09/2018,16:00,Domingo,09,São Paulo,Empate,1,1,Visitante,Dewson Fernando Freitas da Silva,25.6,3.8,178.6,8.8,29.0,4.4,180.5,4.7,MorumBIS,49348
Fluminense,2018,23,06/09/2018,19:00,Quinta,09,Vitória,Empate,0,0,Mandante,Jean Pierre Goncalves Lima,26.6,4.0,180.4,8.1,22.8,2.5,181.6,8.0,Estádio do Maracanã,8952
Fluminense,2018,24,09/09/2018,16:00,Domingo,09,Botafogo,Vitória,1,0,Mandante,Leandro Pedro Vuaden,26.8,3.8,180.4,8.1,24.1,3.3,180.9,5.6,Estádio do Maracanã,10699
Fluminense,2018,25,16/09/2018,16:00,Domingo,09,Athletico,Derrota,1,3,Visitante,Andre Luiz de Freitas Castro,26.9,3.7,180.2,8.1,27.6,5.2,179.8,7.0,Arena da Baixada,9872
Fluminense,2018,26,24/09/2018,20:00,Segunda,09,Chapecoense,Vitória,2,1,Visitante,Anderson Daronco,26.1,3.9,180.4,8.6,28.4,3.6,179.5,7.1,Arena Condá,5170
Fluminense,2018,27,29/09/2018,16:00,Sábado,09,Grêmio,Derrota,0,1,Mandante,Raphael Claus,25.9,4.1,180.2,8.8,27.4,5.1,180.3,5.0,Estádio do Maracanã,8721
Fluminense,2018,28,08/10/2018,20:00,Segunda,10,Paraná Clube,Vitória,4,0,Mandante,Marcelo Aparecido Ribeiro de Souza,26.2,3.9,180.5,8.5,26.8,3.0,180.0,4.0,Estádio do Maracanã,6715
Fluminense,2018,29,13/10/2018,17:00,Sábado,10,Flamengo,Derrota,0,3,Visitante,Wilton Pereira Sampaio,25.8,4.1,180.6,8.3,27.3,3.8,180.5,6.7,Estádio do Maracanã,52924
Fluminense,2018,30,21/10/2018,16:00,Domingo,10,Atlético Mineiro,Vitória,1,0,Mandante,Jean Pierre Goncalves Lima,25.9,4.0,180.7,8.3,29.2,5.6,179.7,8.4,Estadio Nilton Santos,4762
Fluminense,2018,31,27/10/2018,16:30,Sábado,10,Santos,Derrota,0,3,Visitante,Heber Roberto Lopes,25.1,2.8,179.2,7.3,26.4,5.0,180.4,6.8,Estádio Urbano Caldeira,8680
Fluminense,2018,32,03/11/2018,17:00,Sábado,11,Vasco da Gama,Derrota,0,1,Mandante,Luiz Flávio de Oliveira,25.3,3.5,180.0,8.5,28.1,5.3,181.1,6.1,Estádio do Maracanã,14275
Fluminense,2018,33,11/11/2018,18:00,Domingo,11,Sport Recife,Empate,0,0,Mandante,Flavio Rodrigues De Souza,26.3,3.2,180.8,8.1,27.5,4.4,182.1,6.3,Estádio do Maracanã,12256
Fluminense,2018,34,14/11/2018,20:45,Quarta,11,Palmeiras,Derrota,0,3,Visitante,Braulio Da Silva Machado,25.9,3.4,181.5,7.8,27.8,2.2,179.6,6.2,Nubank Parque,37430
Fluminense,2018,35,19/11/2018,19:00,Segunda,11,Ceará,Empate,0,0,Mandante,Anderson Daronco,26.5,3.8,181.1,7.7,28.6,3.9,178.7,8.2,Estádio do Maracanã,6435
Fluminense,2018,36,22/11/2018,20:00,Quinta,11,Bahia,Derrota,0,2,Visitante,Flavio Rodrigues De Souza,26.4,3.0,179.2,7.8,27.3,4.1,181.3,8.0,Arena Fonte Nova,16784
Fluminense,2018,37,25/11/2018,18:00,Domingo,11,Internacional,Derrota,0,2,Visitante,Heber Roberto Lopes,26.2,2.6,181.4,7.1,28.6,4.1,182.1,5.2,Estádio Beira-Rio,28446
Fluminense,2018,38,02/12/2018,16:00,Domingo,12,América Mineiro,Vitória,1,0,Mandante,Rafael Traci,27.5,3.5,181.1,7.6,29.7,4.2,179.5,8.8,Estádio do Maracanã,38870
Fluminense,2019,1,28/04/2019,19:00,Domingo,04,Goiás,Derrota,0,1,Mandante,Dewson Fernando Freitas da Silva,26.5,4.0,181.1,5.8,26.0,3.2,178.8,6.5,Estádio do Maracanã,17420
Fluminense,2019,2,02/05/2019,19:15,Quinta,05,Santos,Derrota,1,2,Visitante,Wilton Pereira Sampaio,26.6,4.0,181.1,5.8,26.2,4.7,179.6,10.9,Estádio Urbano Caldeira,10564
Fluminense,2019,3,05/05/2019,19:00,Domingo,05,Grêmio,Vitória,5,4,Visitante,Raphael Claus,27.1,4.1,181.3,5.5,28.7,5.6,179.8,5.3,Arena do Grêmio,8390
Fluminense,2019,4,11/05/2019,16:00,Sábado,05,Botafogo,Derrota,0,1,Mandante,Marcelo Aparecido Ribeiro de Souza,25.5,3.8,182.2,5.8,27.4,5.1,180.5,7.0,Estádio do Maracanã,24600
Fluminense,2019,5,18/05/2019,18:00,Sábado,05,Cruzeiro,Vitória,4,1,Mandante,Flavio Rodrigues De Souza,25.8,3.7,181.2,5.6,30.1,3.7,180.2,7.5,Estádio do Maracanã,11437
Fluminense,2019,6,26/05/2019,19:00,Domingo,05,Bahia,Derrota,2,3,Visitante,Igor Junio Benevenuto,24.6,4.2,182.5,4.9,27.0,4.8,178.6,8.1,Arena Fonte Nova,21776
Fluminense,2019,7,02/06/2019,16:00,Domingo,06,Athletico,Derrota,0,3,Visitante,Reway Wagner,24.8,4.2,180.5,6.0,27.6,5.3,179.8,7.0,Arena da Baixada,11709
Fluminense,2019,8,09/06/2019,19:00,Domingo,06,Flamengo,Empate,0,0,Mandante,Wagner do Nascimento Magalhaes,23.9,3.5,179.8,5.1,28.2,4.0,178.9,4.8,Estádio do Maracanã,42726
Fluminense,2019,9,13/06/2019,20:00,Quinta,06,Chapecoense,Empate,1,1,Visitante,Ricardo Marques Ribeiro,23.1,3.8,180.4,5.5,28.8,5.0,178.8,5.9,Arena Condá,6257
Fluminense,2019,10,15/07/2019,20:00,Segunda,07,Ceará,Empate,1,1,Mandante,Douglas Marques das Flores,24.9,3.9,182.8,4.2,28.8,4.7,180.5,7.1,Estádio do Maracanã,23484
Fluminense,2019,11,20/07/2019,11:00,Sábado,07,Vasco da Gama,Derrota,1,2,Visitante,Bruno Arleu de Araujo,26.4,5.6,182.3,4.4,27.3,4.9,180.9,7.0,Estádio São Januário,20904
Fluminense,2019,12,27/07/2019,19:00,Sábado,07,São Paulo,Derrota,1,2,Mandante,Anderson Daronco,24.5,3.7,182.1,5.5,26.4,4.4,179.3,5.5,Estádio do Maracanã,21741
Fluminense,2019,13,03/08/2019,19:00,Sábado,08,Internacional,Vitória,2,1,Mandante,Rodolpho Toski Marques,24.9,4.2,181.9,6.1,26.6,4.4,178.2,8.1,Estádio do Maracanã,16485
Fluminense,2019,14,10/08/2019,21:00,Sábado,08,Atlético Mineiro,Derrota,1,2,Visitante,Wilton Pereira Sampaio,25.0,4.2,181.9,6.1,29.7,5.1,180.2,8.1,Arena Independência,19081
Fluminense,2019,15,18/08/2019,16:00,Domingo,08,CSA,Derrota,0,1,Mandante,Reway Wagner,24.0,4.1,181.2,5.7,30.1,3.7,179.9,7.6,Estádio do Maracanã,25049
Fluminense,2019,17,02/09/2019,20:00,Segunda,09,Avaí,Derrota,0,1,Mandante,Raphael Claus,26.8,5.5,180.5,6.9,27.2,4.0,181.6,8.0,Estádio do Maracanã,16811
Fluminense,2019,18,07/09/2019,17:00,Sábado,09,Fortaleza,Vitória,1,0,Visitante,Wilton Pereira Sampaio,27.6,5.4,181.7,6.1,27.8,4.1,181.8,3.5,Estádio Governador Plácido Castelo,35474
Fluminense,2019,16,10/09/2019,21:00,Terça,09,Palmeiras,Derrota,0,3,Visitante,Anderson Daronco,27.6,5.4,181.7,6.1,30.8,4.5,180.1,6.7,Nubank Parque,27956
Fluminense,2019,19,15/09/2019,16:00,Domingo,09,Corinthians,Vitória,1,0,Mandante,Jean Pierre Goncalves Lima,26.7,5.5,182.5,4.7,25.7,4.8,179.3,10.1,Estádio do Maracanã,15733
Fluminense,2019,20,22/09/2019,19:00,Domingo,09,Goiás,Derrota,0,3,Visitante,Rafael Traci,26.8,5.5,182.5,4.6,27.0,3.1,179.3,6.1,Serra Dourada,6806
Fluminense,2019,21,26/09/2019,20:00,Quinta,09,Santos,Empate,1,1,Mandante,Wilton Pereira Sampaio,26.7,5.5,182.5,4.7,26.3,2.8,180.5,10.1,Estádio do Maracanã,11032
Fluminense,2019,22,29/09/2019,16:00,Domingo,09,Grêmio,Vitória,2,1,Mandante,Caio Max Augusto Vieira,26.1,5.4,181.3,5.2,27.5,5.7,181.5,5.8,Estádio do Maracanã,17791
Fluminense,2019,23,06/10/2019,16:00,Domingo,10,Botafogo,Vitória,1,0,Visitante,Rodolpho Toski Marques,26.6,5.6,181.6,5.4,28.6,4.7,181.0,6.6,Estadio Nilton Santos,12404
Fluminense,2019,24,09/10/2019,21:30,Quarta,10,Cruzeiro,Empate,0,0,Visitante,Jean Pierre Goncalves Lima,26.4,5.2,182.8,4.4,30.8,4.9,180.5,7.5,Governador Magalhães Pinto,38113
Fluminense,2019,25,12/10/2019,19:00,Sábado,10,Bahia,Vitória,2,0,Mandante,Heber Roberto Lopes,27.3,5.3,180.9,6.5,27.9,4.1,180.3,6.8,Estádio do Maracanã,17637
Fluminense,2019,26,17/10/2019,21:00,Quinta,10,Athletico,Derrota,1,2,Mandante,Rodrigo D'alonso Ferreira,25.9,5.4,181.6,5.4,26.3,3.4,180.5,6.9,Estádio do Maracanã,16109
Fluminense,2019,27,20/10/2019,18:00,Domingo,10,Flamengo,Derrota,0,2,Visitante,Anderson Daronco,26.8,4.8,180.2,7.1,27.7,3.8,181.3,5.0,Estádio do Maracanã,52279
Fluminense,2019,28,26/10/2019,19:30,Sábado,10,Chapecoense,Empate,1,1,Mandante,Savio Pereira Sampaio,26.5,5.4,180.4,7.2,31.9,2.8,178.1,5.1,Estádio do Maracanã,18751
Fluminense,2019,29,30/10/2019,21:30,Quarta,10,Ceará,Derrota,0,2,Visitante,Leandro Pedro Vuaden,27.0,5.4,183.0,4.6,30.3,2.1,180.4,7.2,Estádio Governador Plácido Castelo,19660
Fluminense,2019,30,02/11/2019,19:00,Sábado,11,Vasco da Gama,Empate,0,0,Mandante,Raphael Claus,25.6,4.1,182.2,5.6,27.2,5.1,181.4,7.6,Estádio do Maracanã,16056
Fluminense,2019,31,07/11/2019,19:30,Quinta,11,São Paulo,Vitória,2,0,Visitante,Daniel Nobre Bins,25.6,4.1,182.2,5.6,27.7,4.3,180.5,5.9,MorumBIS,17650
Fluminense,2019,32,10/11/2019,16:00,Domingo,11,Internacional,Derrota,1,2,Visitante,Rodolpho Toski Marques,26.4,5.4,181.9,5.6,30.4,4.9,180.7,5.2,Estádio Beira-Rio,11781
Fluminense,2019,33,16/11/2019,19:00,Sábado,11,Atlético Mineiro,Empate,1,1,Mandante,Leandro Pedro Vuaden,25.0,3.4,182.3,5.4,26.9,5.1,180.6,8.5,Estádio do Maracanã,24405
Fluminense,2019,34,25/11/2019,20:00,Segunda,11,CSA,Vitória,1,0,Visitante,Luiz Flávio de Oliveira,24.8,3.5,182.1,5.5,28.8,2.9,180.8,7.2,Estádio Rei Pelé,8916
Fluminense,2019,35,28/11/2019,19:30,Quinta,11,Palmeiras,Vitória,1,0,Mandante,Leandro Pedro Vuaden,25.2,3.7,181.8,5.5,28.1,3.5,180.7,5.4,Estádio do Maracanã,30947
Fluminense,2019,36,01/12/2019,16:00,Domingo,12,Avaí,Empate,1,1,Visitante,Daniel Nobre Bins,25.2,4.8,181.0,5.9,25.4,5.2,181.8,8.1,Estádio da Ressacada,3237
Fluminense,2019,37,04/12/2019,21:30,Quarta,12,Fortaleza,Empate,0,0,Mandante,Raphael Claus,25.7,5.0,181.5,6.0,29.9,4.2,176.5,9.1,Estádio do Maracanã,39965
Fluminense,2019,38,08/12/2019,16:00,Domingo,12,Corinthians,Vitória,2,1,Visitante,Rodrigo D'alonso Ferreira,25.0,4.9,181.5,4.8,28.6,5.1,178.5,9.7,Neo Química Arena,36316
Fluminense,2020,1,09/08/2020,19:00,Domingo,08,Grêmio,Derrota,0,1,Visitante,Wilton Pereira Sampaio,27.4,5.7,180.5,6.1,30.1,4.8,182.4,6.0,Arena do Grêmio,0
Fluminense,2020,2,12/08/2020,21:30,Quarta,08,Palmeiras,Empate,1,1,Mandante,Rafael Traci,28.8,5.9,180.0,6.0,28.3,5.1,179.3,5.8,Estádio do Maracanã,0
Fluminense,2020,3,16/08/2020,18:00,Domingo,08,Internacional,Vitória,2,1,Mandante,Raphael Claus,27.2,5.8,180.9,5.8,29.2,4.2,181.2,4.7,Estádio do Maracanã,0
Fluminense,2020,4,19/08/2020,19:15,Quarta,08,Red Bull Bragantino,Derrota,1,2,Visitante,Jean Pierre Goncalves Lima,27.2,5.8,180.9,5.8,25.4,3.7,180.3,7.7,Estádio Nabi Abi Chedid,0
Fluminense,2020,5,22/08/2020,16:00,Sábado,08,Athletico,Vitória,1,0,Visitante,Daniel Nobre Bins,26.5,5.5,180.8,6.2,26.5,4.4,181.5,6.9,Arena da Baixada,0
Fluminense,2020,6,29/08/2020,19:00,Sábado,08,Vasco da Gama,Vitória,2,1,Mandante,Braulio Da Silva Machado,25.8,5.9,180.5,6.1,27.8,4.8,178.9,6.2,Estádio do Maracanã,0
Fluminense,2020,7,02/09/2020,19:15,Quarta,09,Atlético Goianiense,Empate,1,1,Mandante,Marielson Alves Silva,26.7,6.4,180.5,6.4,24.8,2.4,178.6,7.0,Estádio do Maracanã,0
Fluminense,2020,8,06/09/2020,16:00,Domingo,09,São Paulo,Derrota,1,3,Visitante,Paulo Roberto Alves Junior,26.4,5.7,179.5,6.8,26.3,4.3,179.5,5.0,MorumBIS,0
Fluminense,2020,9,09/09/2020,21:30,Quarta,09,Flamengo,Derrota,1,2,Mandante,Raphael Claus,28.2,5.9,178.5,6.6,28.0,4.6,180.5,6.5,Estádio do Maracanã,0
Fluminense,2020,10,13/09/2020,16:00,Domingo,09,Corinthians,Vitória,2,1,Mandante,Braulio Da Silva Machado,28.2,5.9,179.9,7.0,27.2,5.0,180.2,9.0,Estádio do Maracanã,0
Fluminense,2020,11,20/09/2020,20:30,Domingo,09,Sport Recife,Derrota,0,1,Visitante,Leandro Pedro Vuaden,26.8,5.6,179.4,6.2,28.0,3.8,181.7,6.5,Ilha do Retiro,0
Fluminense,2020,12,28/09/2020,20:00,Segunda,09,Coritiba,Vitória,4,0,Mandante,Vinicius Goncalves Dias Araujo,30.3,5.4,181.0,7.2,27.0,4.9,180.0,4.4,Estádio do Maracanã,0
Fluminense,2020,13,04/10/2020,11:00,Domingo,10,Botafogo,Empate,1,1,Visitante,Anderson Daronco,29.7,5.9,181.5,6.6,26.6,5.3,180.5,6.3,Estadio Nilton Santos,0
Fluminense,2020,14,07/10/2020,20:30,Quarta,10,Goiás,Vitória,4,2,Visitante,Luiz Flávio de Oliveira,29.6,5.6,180.8,6.6,26.2,5.4,178.6,6.4,Serra Dourada,0
Fluminense,2020,15,11/10/2020,16:00,Domingo,10,Bahia,Vitória,1,0,Mandante,Jose Mendonca da Silva Junior,29.6,5.6,180.8,6.6,29.0,4.1,179.1,8.1,Estádio do Maracanã,0
Fluminense,2020,16,14/10/2020,21:30,Quarta,10,Atlético Mineiro,Empate,1,1,Visitante,Raphael Claus,26.9,5.1,180.3,6.6,26.2,4.9,179.5,7.7,Arena Independência,0
Fluminense,2020,17,17/10/2020,19:00,Sábado,10,Ceará,Empate,2,2,Mandante,Gilberto Rodrigues Castro Junior,29.5,5.8,181.5,6.3,29.4,5.9,181.4,5.9,Estádio do Maracanã,0
Fluminense,2020,18,25/10/2020,16:00,Domingo,10,Santos,Vitória,3,1,Mandante,Anderson Daronco,29.2,5.5,181.5,5.8,26.1,2.3,180.6,9.2,Estádio do Maracanã,0
Fluminense,2020,19,31/10/2020,21:00,Sábado,10,Fortaleza,Vitória,1,0,Visitante,Marielson Alves Silva,27.3,3.9,182.5,5.1,28.5,4.6,177.5,7.5,Estádio Governador Plácido Castelo,0
Fluminense,2020,20,08/11/2020,20:30,Domingo,11,Grêmio,Derrota,0,1,Mandante,Edina Alves Batista,28.2,4.5,180.5,6.7,26.4,4.2,181.0,5.3,Estádio do Maracanã,0
Fluminense,2020,21,14/11/2020,21:30,Sábado,11,Palmeiras,Derrota,0,2,Visitante,Leandro Pedro Vuaden,28.4,4.9,180.5,6.8,27.2,6.2,178.3,4.4,Nubank Parque,0
Fluminense,2020,22,22/11/2020,18:15,Domingo,11,Internacional,Vitória,2,1,Visitante,Luiz Flávio de Oliveira,28.5,5.7,180.7,6.4,27.2,5.1,179.7,5.3,Estádio Beira-Rio,0
Fluminense,2020,23,30/11/2020,20:00,Segunda,11,Red Bull Bragantino,Empate,0,0,Mandante,Dyorgines Jose Padovani de Andrade,26.5,6.7,179.5,6.5,25.5,4.3,180.3,6.6,Estádio do Maracanã,0
Fluminense,2020,24,05/12/2020,19:00,Sábado,12,Athletico,Vitória,3,1,Mandante,Ramon Abatti Abel,27.8,6.8,179.9,6.3,26.6,3.3,180.5,6.3,Estádio do Maracanã,0
Fluminense,2020,25,13/12/2020,20:30,Domingo,12,Vasco da Gama,Empate,1,1,Visitante,Rodolpho Toski Marques,29.2,5.6,180.9,5.7,28.8,4.9,179.8,6.3,Estádio São Januário,0
Fluminense,2020,26,16/12/2020,21:30,Quarta,12,Atlético Goianiense,Derrota,1,2,Visitante,Rodrigo D'alonso Ferreira,28.5,5.7,182.9,4.2,26.1,2.4,179.5,6.7,Serra Dourada,0
Fluminense,2020,27,26/12/2020,21:00,Sábado,12,São Paulo,Derrota,1,2,Mandante,Anderson Daronco,26.7,5.5,181.8,7.0,26.8,5.1,179.4,5.5,Estádio do Maracanã,0
Fluminense,2020,28,06/01/2021,21:30,Quarta,01,Flamengo,Vitória,2,1,Visitante,Leandro Pedro Vuaden,28.4,5.1,180.6,6.6,27.5,4.6,182.1,6.9,Estádio do Maracanã,0
Fluminense,2020,29,13/01/2021,21:30,Quarta,01,Corinthians,Derrota,0,5,Visitante,Rafael Traci,28.5,5.1,180.6,6.6,29.7,4.0,179.4,9.1,Neo Química Arena,0
Fluminense,2020,30,16/01/2021,19:00,Sábado,01,Sport Recife,Vitória,1,0,Mandante,Heber Roberto Lopes,26.9,6.0,181.0,5.9,27.4,3.2,181.3,6.2,Estádio Nilton Santos,0
Fluminense,2020,31,20/01/2021,20:30,Quarta,01,Coritiba,Empate,3,3,Visitante,Felipe Fernandes de Lima,27.4,6.4,180.2,5.7,25.2,5.1,179.5,6.3,Estádio Major Antônio Couto Pereira,0
Fluminense,2020,32,24/01/2021,20:30,Domingo,01,Botafogo,Vitória,2,0,Mandante,Edina Alves Batista,26.0,6.6,179.2,5.6,25.7,5.1,181.4,5.5,Estádio do Maracanã,0
Fluminense,2020,33,31/01/2021,20:30,Domingo,01,Goiás,Vitória,3,0,Mandante,Raphael Claus,28.3,7.0,180.7,5.1,27.0,5.8,185.1,4.9,Estádio do Maracanã,0
Fluminense,2020,34,03/02/2021,21:30,Quarta,02,Bahia,Vitória,1,0,Visitante,Flavio Rodrigues De Souza,27.7,6.9,180.3,5.4,27.7,5.3,180.6,5.3,Arena Fonte Nova,0
Fluminense,2020,35,10/02/2021,21:30,Quarta,02,Atlético Mineiro,Empate,0,0,Mandante,Luiz Flávio de Oliveira,28.8,7.2,180.5,5.7,27.2,4.1,177.8,7.9,Estádio do Maracanã,0
Fluminense,2020,36,15/02/2021,18:00,Segunda,02,Ceará,Vitória,3,1,Visitante,Wilton Pereira Sampaio,26.0,6.6,179.2,5.6,28.7,4.2,181.3,6.0,Estádio Governador Plácido Castelo,0
Fluminense,2020,37,21/02/2021,18:15,Domingo,02,Santos,Empate,1,1,Visitante,Savio Pereira Sampaio,27.8,6.9,180.3,5.4,25.3,4.9,179.6,6.6,Estádio Urbano Caldeira,0
Fluminense,2020,38,25/02/2021,21:30,Quinta,02,Fortaleza,Vitória,2,0,Mandante,Anderson Daronco,28.4,6.9,181.3,5.8,30.8,4.0,177.8,7.7,Estádio do Maracanã,0
Fluminense,2021,1,29/05/2021,21:00,Sábado,05,São Paulo,Empate,0,0,Visitante,Rodolpho Toski Marques,27.7,5.9,179.2,7.1,27.0,4.7,180.5,5.2,MorumBIS,0
Fluminense,2021,2,06/06/2021,11:00,Domingo,06,Cuiabá,Vitória,1,0,Mandante,Edina Alves Batista,29.0,6.5,178.6,6.7,28.5,4.2,179.5,6.0,Estádio do Maracanã,0
Fluminense,2021,3,13/06/2021,20:30,Domingo,06,Red Bull Bragantino,Empate,2,2,Visitante,Leandro Pedro Vuaden,28.4,4.5,180.8,7.0,24.5,4.2,180.1,6.9,Estádio Nabi Abi Chedid,0
Fluminense,2021,4,17/06/2021,19:00,Quinta,06,Santos,Vitória,1,0,Mandante,Paulo Roberto Alves Junior,27.9,7.0,179.1,5.9,26.0,4.6,178.5,8.3,Estádio do Maracanã,0
Fluminense,2021,5,20/06/2021,18:15,Domingo,06,Fortaleza,Empate,1,1,Visitante,Flavio Rodrigues De Souza,26.7,7.3,179.8,6.3,27.6,3.6,179.1,6.0,Estádio Governador Plácido Castelo,0
Fluminense,2021,6,23/06/2021,19:00,Quarta,06,Atlético Goianiense,Derrota,0,1,Visitante,Paulo Cesar Zanovelli da Silva,26.4,7.0,179.6,6.7,27.5,3.8,178.1,8.8,Serra Dourada,0
Fluminense,2021,7,27/06/2021,16:00,Domingo,06,Corinthians,Empate,1,1,Mandante,Savio Pereira Sampaio,26.5,5.0,178.6,7.0,27.1,5.4,179.4,9.0,Estádio do Maracanã,0
Fluminense,2021,8,30/06/2021,16:00,Quarta,06,Athletico,Derrota,1,4,Mandante,Ricardo Marques Ribeiro,27.9,6.9,178.4,6.8,26.7,3.3,181.8,6.2,Estádio Raulino de Oliveira,0
Fluminense,2021,9,04/07/2021,16:00,Domingo,07,Flamengo,Vitória,1,0,Visitante,Luiz Flávio de Oliveira,27.4,5.5,178.2,7.6,27.8,4.9,180.7,7.6,Estádio do Maracanã,0
Fluminense,2021,10,07/07/2021,21:30,Quarta,07,Ceará,Empate,0,0,Mandante,Ramon Abatti Abel,26.7,5.8,179.3,7.2,27.3,2.8,180.9,8.2,Estádio do Maracanã,0
Fluminense,2021,11,10/07/2021,19:00,Sábado,07,Sport Recife,Vitória,2,1,Visitante,Antonio Dib Moraes de Sousa,29.2,6.3,180.2,6.4,28.9,3.6,182.7,7.1,Ilha do Retiro,0
Fluminense,2021,12,17/07/2021,21:00,Sábado,07,Grêmio,Derrota,0,1,Mandante,Paulo Roberto Alves Junior,27.6,6.0,179.2,6.2,26.5,6.3,181.6,6.3,Estádio do Maracanã,0
Fluminense,2021,13,24/07/2021,19:00,Sábado,07,Palmeiras,Derrota,0,1,Visitante,Savio Pereira Sampaio,29.5,6.6,179.1,7.0,27.8,5.5,180.2,4.8,Nubank Parque,0
Fluminense,2021,15,08/08/2021,16:00,Domingo,08,América Mineiro,Derrota,0,1,Visitante,Marielson Alves Silva,29.7,6.5,178.6,5.9,29.0,4.8,180.5,7.4,Arena Independência,0
Fluminense,2021,16,15/08/2021,20:30,Domingo,08,Internacional,Derrota,2,4,Visitante,Luiz Flávio de Oliveira,26.9,5.1,179.9,6.5,28.2,4.1,181.4,5.1,Estádio Beira-Rio,0
Fluminense,2021,17,23/08/2021,20:00,Segunda,08,Atlético Mineiro,Empate,1,1,Mandante,Flavio Rodrigues De Souza,27.5,5.9,179.4,6.4,27.5,4.0,178.0,6.8,Estádio do Maracanã,0
Fluminense,2021,18,30/08/2021,19:00,Segunda,08,Bahia,Vitória,2,0,Mandante,Edina Alves Batista,27.4,5.1,179.1,7.2,28.1,4.3,180.1,8.2,Estádio do Maracanã,0
Fluminense,2021,14,02/09/2021,19:00,Quinta,09,Juventude,Empate,1,1,Mandante,Heber Roberto Lopes,28.2,5.2,178.1,6.9,27.9,4.3,180.5,6.4,Estádio do Maracanã,0
Fluminense,2021,19,07/09/2021,21:30,Terça,09,Chapecoense,Vitória,2,1,Visitante,Savio Pereira Sampaio,26.7,4.8,179.7,6.4,27.2,4.6,181.8,6.5,Arena Condá,0
Fluminense,2021,20,12/09/2021,20:30,Domingo,09,São Paulo,Vitória,2,1,Mandante,Jefferson Ferreira de Moraes,25.6,5.2,181.0,5.9,27.4,4.8,180.7,5.6,Estádio do Maracanã,0
Fluminense,2021,21,20/09/2021,20:00,Segunda,09,Cuiabá,Empate,2,2,Visitante,Ramon Abatti Abel,26.3,4.3,180.1,6.7,29.5,4.0,178.5,5.9,Arena Pantanal,0
Fluminense,2021,22,26/09/2021,16:00,Domingo,09,Red Bull Bragantino,Vitória,2,1,Mandante,Leandro Pedro Vuaden,25.6,5.2,181.0,5.9,23.1,4.5,182.0,4.8,Estádio do Maracanã,0
Fluminense,2021,24,06/10/2021,21:30,Quarta,10,Fortaleza,Derrota,0,2,Mandante,Paulo Roberto Alves Junior,25.7,5.2,181.0,5.9,27.7,3.3,178.3,6.3,Estádio do Maracanã,4448
Fluminense,2021,25,09/10/2021,16:30,Sábado,10,Atlético Goianiense,Empate,0,0,Mandante,Edina Alves Batista,26.7,5.0,180.5,6.8,27.6,4.1,181.0,5.7,Estádio do Maracanã,0
Fluminense,2021,26,13/10/2021,21:00,Quarta,10,Corinthians,Derrota,0,1,Visitante,Marielson Alves Silva,26.8,4.8,180.5,6.9,30.2,5.0,181.0,7.8,Neo Química Arena,11892
Fluminense,2021,27,17/10/2021,16:00,Domingo,10,Athletico,Vitória,1,0,Visitante,Felipe Fernandes de Lima,25.0,4.3,178.8,7.4,24.1,3.5,180.5,5.7,Arena da Baixada,1486
Fluminense,2021,28,23/10/2021,19:00,Sábado,10,Flamengo,Vitória,3,1,Mandante,Vinicius Goncalves Dias Araujo,25.5,4.6,178.3,6.9,28.2,5.0,178.7,8.1,Estádio do Maracanã,10029
Fluminense,2021,23,27/10/2021,19:00,Quarta,10,Santos,Derrota,0,2,Visitante,Braulio Da Silva Machado,25.5,4.6,178.3,6.9,26.5,4.4,181.7,7.1,Estádio Urbano Caldeira,0
Fluminense,2021,29,31/10/2021,16:00,Domingo,10,Ceará,Derrota,0,1,Visitante,Raphael Claus,25.5,4.6,180.1,7.2,29.9,3.3,181.1,6.9,Estádio Governador Plácido Castelo,8095
Fluminense,2021,30,06/11/2021,21:00,Sábado,11,Sport Recife,Vitória,1,0,Mandante,Jefferson Ferreira de Moraes,25.8,6.0,179.1,7.4,27.9,4.3,181.2,8.1,Estádio do Maracanã,3870
Fluminense,2021,31,09/11/2021,21:30,Terça,11,Grêmio,Derrota,0,1,Visitante,Vinicius Goncalves Dias Araujo,24.2,4.6,178.5,6.6,26.7,6.0,180.8,7.0,Arena do Grêmio,0
Fluminense,2021,32,14/11/2021,18:15,Domingo,11,Palmeiras,Vitória,2,1,Mandante,Caio Max Augusto Vieira,28.1,5.1,178.5,7.1,29.3,3.6,178.5,6.9,Estádio do Maracanã,7969
Fluminense,2021,33,17/11/2021,20:30,Quarta,11,Juventude,Derrota,0,1,Visitante,Ricardo Marques Ribeiro,25.0,4.5,179.3,6.3,28.1,4.0,179.9,7.1,Estádio Alfredo Jaconi,6000
Fluminense,2021,34,21/11/2021,17:00,Domingo,11,América Mineiro,Vitória,2,0,Mandante,Heber Roberto Lopes,26.4,5.7,180.5,6.8,30.8,3.6,180.6,7.5,Estádio do Maracanã,14168
Fluminense,2021,35,24/11/2021,21:30,Quarta,11,Internacional,Vitória,1,0,Mandante,Felipe Fernandes de Lima,27.8,5.5,179.2,7.0,29.4,4.5,180.8,4.9,Estádio do Maracanã,18617
Fluminense,2021,36,28/11/2021,16:00,Domingo,11,Atlético Mineiro,Derrota,1,2,Visitante,Marielson Alves Silva,28.0,5.5,179.6,6.6,29.2,4.3,179.5,6.4,Governador Magalhães Pinto,59900
Fluminense,2021,37,05/12/2021,16:00,Domingo,12,Bahia,Derrota,0,2,Visitante,Luiz Flávio de Oliveira,28.2,5.1,179.9,6.5,28.4,4.8,179.7,8.7,Arena Fonte Nova,26048
Fluminense,2021,38,09/12/2021,21:30,Quinta,12,Chapecoense,Vitória,3,0,Mandante,Leandro Pedro Vuaden,26.9,5.2,177.8,6.9,22.5,2.7,183.8,5.5,Estádio do Maracanã,48198
Fluminense,2022,1,09/04/2022,16:30,Sábado,04,Santos,Empate,0,0,Mandante,Anderson Daronco,28.6,6.2,178.8,6.2,26.0,4.3,181.2,6.5,Estádio do Maracanã,22855
Fluminense,2022,2,16/04/2022,21:00,Sábado,04,Cuiabá,Vitória,1,0,Visitante,Savio Pereira Sampaio,29.2,6.6,178.8,6.9,29.9,4.1,181.8,4.2,Arena Pantanal,10791
Fluminense,2022,3,23/04/2022,19:00,Sábado,04,Internacional,Derrota,0,1,Mandante,Braulio Da Silva Machado,29.3,7.0,179.7,6.1,29.0,4.0,178.1,7.2,Estádio do Maracanã,16176
Fluminense,2022,4,01/05/2022,16:00,Domingo,05,Coritiba,Derrota,2,3,Visitante,Raphael Claus,28.6,6.0,178.9,6.3,27.7,4.8,181.8,7.5,Estádio Major Antônio Couto Pereira,24622
Fluminense,2022,5,08/05/2022,16:00,Domingo,05,Palmeiras,Empate,1,1,Visitante,Savio Pereira Sampaio,30.6,5.3,178.6,7.3,27.5,4.0,178.0,7.2,Nubank Parque,28776
Fluminense,2022,6,14/05/2022,21:00,Sábado,05,Athletico,Vitória,2,1,Mandante,Ramon Abatti Abel,28.5,6.4,178.8,6.1,24.1,2.3,181.6,5.0,Estádio Raulino de Oliveira,4722
Fluminense,2022,7,22/05/2022,16:00,Domingo,05,Fortaleza,Vitória,1,0,Visitante,Anderson Daronco,29.2,6.1,180.3,5.4,28.1,3.8,177.7,4.0,Estádio Governador Plácido Castelo,37507
Fluminense,2022,8,29/05/2022,18:00,Domingo,05,Flamengo,Derrota,1,2,Mandante,Raphael Claus,30.3,6.0,178.0,6.8,28.1,4.0,180.8,7.6,Estádio do Maracanã,57919
Fluminense,2022,9,05/06/2022,11:00,Domingo,06,Juventude,Derrota,0,1,Visitante,Jefferson Ferreira de Moraes,30.6,6.0,178.5,6.3,27.5,3.4,181.3,6.1,Estádio Alfredo Jaconi,2573
Fluminense,2022,10,08/06/2022,21:30,Quarta,06,Atlético Mineiro,Vitória,5,3,Mandante,Leandro Pedro Vuaden,30.5,5.9,178.4,6.7,29.3,4.4,179.3,6.0,Estádio do Maracanã,16143
Fluminense,2022,11,11/06/2022,19:00,Sábado,06,Atlético Goianiense,Derrota,0,2,Mandante,Luiz Flávio de Oliveira,30.8,6.1,177.2,6.7,27.9,2.8,181.7,5.6,Estádio do Maracanã,27859
Fluminense,2022,12,15/06/2022,21:30,Quarta,06,América Mineiro,Empate,0,0,Visitante,Anderson Daronco,29.2,6.3,179.6,6.5,31.4,4.3,180.4,6.2,Arena Independência,2599
Fluminense,2022,13,19/06/2022,19:00,Domingo,06,Avaí,Vitória,2,0,Mandante,Rodolpho Toski Marques,28.5,6.2,179.1,6.9,29.0,5.0,180.3,5.8,Estádio do Maracanã,15530
Fluminense,2022,14,26/06/2022,16:00,Domingo,06,Botafogo,Vitória,1,0,Visitante,Anderson Daronco,28.6,6.2,179.1,6.9,27.6,5.7,182.1,6.3,Estádio Nilton Santos,29791
Fluminense,2022,15,02/07/2022,16:30,Sábado,07,Corinthians,Vitória,4,0,Mandante,Wilton Pereira Sampaio,28.0,6.8,179.0,6.7,25.1,5.9,181.9,5.8,Estádio do Maracanã,44782
Fluminense,2022,16,09/07/2022,19:00,Sábado,07,Ceará,Vitória,2,1,Mandante,Luiz Flávio de Oliveira,28.4,6.5,178.8,6.8,30.4,2.7,182.5,7.0,Estádio do Maracanã,63707
Fluminense,2022,17,17/07/2022,16:00,Domingo,07,São Paulo,Empate,2,2,Visitante,Wilton Pereira Sampaio,28.6,6.8,178.5,6.2,26.7,5.8,179.7,3.9,MorumBIS,47141
Fluminense,2022,18,20/07/2022,19:00,Quarta,07,Goiás,Vitória,3,2,Visitante,Paulo Roberto Alves Junior,28.4,6.5,178.8,6.8,26.9,2.2,178.9,7.4,Estádio da Serrinha,11974
Fluminense,2022,19,24/07/2022,16:00,Domingo,07,Red Bull Bragantino,Vitória,2,1,Mandante,Andre Luiz de Freitas Castro,29.1,5.9,178.6,6.9,23.5,3.5,181.5,7.0,Estádio Raulino de Oliveira,9877
Fluminense,2022,20,01/08/2022,20:00,Segunda,08,Santos,Empate,2,2,Visitante,Braulio Da Silva Machado,28.3,6.4,178.8,6.8,27.5,5.5,182.9,6.5,Estádio Urbano Caldeira,11943
Fluminense,2022,21,07/08/2022,16:00,Domingo,08,Cuiabá,Vitória,1,0,Mandante,Flavio Rodrigues De Souza,30.6,6.5,178.2,7.2,28.2,4.1,180.7,5.4,Estádio do Maracanã,46323
Fluminense,2022,22,14/08/2022,19:00,Domingo,08,Internacional,Derrota,0,3,Visitante,Ramon Abatti Abel,28.1,6.8,179.0,6.7,27.0,4.3,178.1,6.4,Estádio Beira-Rio,14824
Fluminense,2022,23,20/08/2022,19:00,Sábado,08,Coritiba,Vitória,5,2,Mandante,Paulo Cesar Zanovelli da Silva,27.9,6.4,178.2,6.6,26.6,5.7,184.5,6.8,Estádio do Maracanã,24029
Fluminense,2022,24,27/08/2022,19:00,Sábado,08,Palmeiras,Empate,1,1,Mandante,Braulio Da Silva Machado,28.9,6.4,178.3,6.6,28.3,3.8,178.2,7.1,Estádio do Maracanã,45084
Fluminense,2022,25,03/09/2022,19:00,Sábado,09,Athletico,Derrota,0,1,Visitante,Flavio Rodrigues De Souza,29.6,6.6,179.0,6.6,25.2,3.1,183.0,5.6,Arena da Baixada,14037
Fluminense,2022,26,10/09/2022,19:00,Sábado,09,Fortaleza,Vitória,2,1,Mandante,Paulo Roberto Alves Junior,28.8,6.4,178.8,6.8,30.0,4.0,179.5,5.2,Estádio do Maracanã,26533
Fluminense,2022,27,18/09/2022,16:00,Domingo,09,Flamengo,Vitória,2,1,Visitante,Raphael Claus,28.2,6.8,179.0,6.7,29.3,4.6,180.7,5.9,Estádio do Maracanã,55170
Fluminense,2022,28,28/09/2022,19:00,Quarta,09,Juventude,Vitória,4,0,Mandante,Edina Alves Batista,29.3,7.3,178.5,6.6,28.7,3.4,180.2,6.7,Estádio do Maracanã,23396
Fluminense,2022,29,01/10/2022,15:00,Sábado,10,Atlético Mineiro,Derrota,0,2,Visitante,Luiz Flávio de Oliveira,29.5,7.4,178.5,6.3,29.5,4.5,177.8,6.9,Governador Magalhães Pinto,20858
Fluminense,2022,30,05/10/2022,19:00,Quarta,10,Atlético Goianiense,Derrota,2,3,Visitante,Anderson Daronco,28.9,7.1,178.8,5.9,27.3,3.5,181.1,4.7,Estádio Antônio Accioly,6075
Fluminense,2022,31,09/10/2022,18:00,Domingo,10,América Mineiro,Derrota,0,2,Mandante,Leandro Pedro Vuaden,28.3,6.8,179.0,6.7,30.1,4.6,180.1,8.9,Estádio do Maracanã,23324
Fluminense,2022,32,16/10/2022,19:00,Domingo,10,Avaí,Vitória,3,0,Visitante,Anderson Daronco,29.6,6.7,177.3,6.8,29.5,4.1,178.7,6.7,Estádio da Ressacada,79
Fluminense,2022,33,23/10/2022,16:00,Domingo,10,Botafogo,Empate,2,2,Mandante,Ramon Abatti Abel,28.7,6.5,177.4,7.0,29.5,4.2,183.3,5.1,Estádio do Maracanã,N.A
Fluminense,2022,34,26/10/2022,21:45,Quarta,10,Corinthians,Vitória,2,0,Visitante,Leandro Pedro Vuaden,28.8,6.5,177.4,7.0,29.9,5.4,180.5,8.5,Neo Química Arena,37920
Fluminense,2022,35,31/10/2022,20:00,Segunda,10,Ceará,Vitória,1,0,Visitante,Raphael Claus,29.5,6.0,178.0,6.7,29.5,4.9,181.5,8.6,Estádio Governador Plácido Castelo,N.A
Fluminense,2022,36,05/11/2022,16:30,Sábado,11,São Paulo,Vitória,3,1,Mandante,Anderson Daronco,29.6,6.0,178.0,6.7,28.2,5.1,179.6,5.3,Estádio do Maracanã,N.A
Fluminense,2022,37,09/11/2022,19:00,Quarta,11,Goiás,Vitória,3,0,Mandante,Paulo Cesar Zanovelli da Silva,28.6,6.7,178.0,6.7,27.3,2.6,178.8,7.9,Estádio do Maracanã,N.A
Fluminense,2022,38,13/11/2022,16:00,Domingo,11,Red Bull Bragantino,Vitória,1,0,Visitante,Jean Pierre Goncalves Lima,27.4,7.0,177.5,6.4,24.4,3.2,182.2,6.5,Estádio Nabi Abi Chedid,N.A
Fluminense,2023,1,15/04/2023,16:00,Sábado,04,América Mineiro,Vitória,3,0,Visitante,Braulio Da Silva Machado,27.7,7.1,178.7,7.0,32.1,3.7,179.6,8.3,Arena Independência,6653
Fluminense,2023,2,22/04/2023,16:00,Sábado,04,Athletico,Vitória,2,0,Mandante,Paulo Cesar Zanovelli da Silva,30.7,7.0,178.5,6.7,27.9,5.2,181.4,4.7,Estádio do Maracanã,38598
Fluminense,2023,3,29/04/2023,16:30,Sábado,04,Fortaleza,Derrota,2,4,Visitante,Raphael Claus,26.9,6.7,179.6,6.3,29.4,4.9,179.2,5.3,Estádio Governador Plácido Castelo,39943
Fluminense,2023,4,06/05/2023,21:00,Sábado,05,Vasco da Gama,Empate,1,1,Mandante,Wilton Pereira Sampaio,30.8,7.0,178.5,6.7,25.5,3.9,180.8,5.3,Estádio do Maracanã,39850
Fluminense,2023,5,10/05/2023,21:30,Quarta,05,Cruzeiro,Vitória,2,0,Visitante,Flavio Rodrigues De Souza,30.1,7.2,179.2,5.8,28.3,3.4,179.0,4.8,Governador Magalhães Pinto,51846
Fluminense,2023,6,13/05/2023,18:30,Sábado,05,Cuiabá,Vitória,2,0,Mandante,Edina Alves Batista,31.3,6.5,179.2,6.0,28.7,3.8,181.2,5.7,Estádio do Maracanã,39040
Fluminense,2023,7,20/05/2023,18:30,Sábado,05,Botafogo,Derrota,0,1,Visitante,Braulio Da Silva Machado,30.1,6.9,177.7,7.2,29.9,4.1,183.5,6.4,Estádio Nilton Santos,24732
Fluminense,2023,8,28/05/2023,16:00,Domingo,05,Corinthians,Derrota,0,2,Visitante,Leandro Pedro Vuaden,30.1,6.8,178.3,6.8,25.9,5.0,180.7,7.2,Neo Química Arena,34624
Fluminense,2023,9,04/06/2023,16:00,Domingo,06,Red Bull Bragantino,Vitória,2,1,Mandante,Rodrigo Jose Pereira de Lima,30.2,6.8,178.3,6.8,24.7,2.9,180.5,6.1,Estádio do Maracanã,27228
Fluminense,2023,10,11/06/2023,18:30,Domingo,06,Goiás,Empate,2,2,Visitante,Leandro Pedro Vuaden,27.8,6.4,179.0,6.7,28.8,4.0,181.5,5.0,Estádio da Serrinha,10260
Fluminense,2023,11,21/06/2023,21:30,Quarta,06,Atlético Mineiro,Empate,1,1,Mandante,Ramon Abatti Abel,31.0,6.0,180.2,7.3,29.6,4.6,179.6,7.5,Estádio Raulino de Oliveira,7788
Fluminense,2023,12,24/06/2023,18:30,Sábado,06,Bahia,Vitória,2,1,Mandante,Savio Pereira Sampaio,29.9,6.4,178.5,8.1,27.4,4.8,180.7,6.6,Estádio do Maracanã,24507
Fluminense,2023,13,01/07/2023,16:00,Sábado,07,São Paulo,Derrota,0,1,Visitante,Anderson Daronco,31.8,6.7,176.3,6.2,26.5,5.9,179.9,6.2,MorumBIS,49153
Fluminense,2023,14,09/07/2023,16:00,Domingo,07,Internacional,Vitória,2,0,Mandante,Luiz Flávio de Oliveira,31.2,6.8,179.2,6.9,30.0,4.3,179.5,7.2,Estádio do Maracanã,34166
Fluminense,2023,15,16/07/2023,16:00,Domingo,07,Flamengo,Empate,0,0,Mandante,Savio Pereira Sampaio,31.2,6.8,178.4,6.8,28.5,5.3,181.2,6.5,Estádio do Maracanã,62354
Fluminense,2023,16,24/07/2023,19:00,Segunda,07,Coritiba,Derrota,0,2,Visitante,Flavio Rodrigues De Souza,31.1,6.1,179.9,7.3,27.4,4.2,181.6,7.2,Estádio Major Antônio Couto Pereira,32872
Fluminense,2023,17,29/07/2023,16:00,Sábado,07,Santos,Vitória,1,0,Mandante,Rodrigo Jose Pereira de Lima,29.1,6.0,177.3,7.3,27.1,3.6,178.9,6.6,Estádio do Maracanã,34211
Fluminense,2023,18,05/08/2023,21:00,Sábado,08,Palmeiras,Vitória,2,1,Mandante,Ramon Abatti Abel,30.2,6.5,175.5,7.1,26.0,6.2,180.9,5.9,Estádio do Maracanã,77973
Fluminense,2023,19,13/08/2023,16:00,Domingo,08,Grêmio,Derrota,1,2,Visitante,Rodrigo Jose Pereira de Lima,31.3,5.6,177.4,6.9,28.8,4.9,181.7,5.5,Arena do Grêmio,38712
Fluminense,2023,20,19/08/2023,18:30,Sábado,08,América Mineiro,Vitória,3,1,Mandante,Flavio Rodrigues De Souza,32.4,6.1,178.2,6.9,30.8,4.7,182.4,7.0,Estádio do Maracanã,35562
Fluminense,2023,21,27/08/2023,18:30,Domingo,08,Athletico,Empate,2,2,Visitante,Raphael Claus,27.5,4.1,180.2,7.3,26.5,5.5,181.0,5.6,Arena da Baixada,23630
Fluminense,2023,22,03/09/2023,16:00,Domingo,09,Fortaleza,Vitória,1,0,Mandante,Andre Luiz Skettino Policarpo Bento,31.1,7.5,177.4,6.5,30.5,3.1,178.4,5.0,Estádio Raulino de Oliveira,10035
Fluminense,2023,23,16/09/2023,16:00,Sábado,09,Vasco da Gama,Derrota,2,4,Visitante,Raphael Claus,28.8,6.9,177.5,5.8,27.1,4.7,182.3,6.2,Estádio Nilton Santos,35850
Fluminense,2023,24,20/09/2023,21:30,Quarta,09,Cruzeiro,Vitória,1,0,Mandante,Matheus Delgado Candançan,30.4,7.3,178.5,6.2,29.2,3.0,180.4,5.3,Estádio do Maracanã,28985
Fluminense,2023,25,30/09/2023,18:30,Sábado,09,Cuiabá,Derrota,0,3,Visitante,Paulo Cesar Zanovelli da Silva,28.8,4.3,178.7,7.6,29.3,3.8,182.6,7.3,Arena Pantanal,8358
Fluminense,2023,26,08/10/2023,16:00,Domingo,10,Botafogo,Derrota,0,2,Mandante,Leandro Pedro Vuaden,30.9,6.3,177.4,6.9,30.5,3.1,183.2,6.4,Estádio do Maracanã,45193
Fluminense,2023,27,19/10/2023,21:30,Quinta,10,Corinthians,Empate,3,3,Mandante,Paulo Cesar Zanovelli da Silva,32.4,6.4,178.2,5.8,28.8,6.7,179.3,8.0,Estádio do Maracanã,35096
Fluminense,2023,28,22/10/2023,18:30,Domingo,10,Red Bull Bragantino,Derrota,0,1,Visitante,Wilton Pereira Sampaio,29.4,6.6,176.3,5.6,26.1,4.0,180.2,5.4,Estádio Nabi Abi Chedid,6813
Fluminense,2023,29,25/10/2023,19:00,Quarta,10,Goiás,Vitória,5,3,Mandante,Leandro Pedro Vuaden,32.3,6.5,177.2,6.2,29.1,2.7,180.8,5.4,Estádio Raulino de Oliveira,4793
Fluminense,2023,30,28/10/2023,21:00,Sábado,10,Atlético Mineiro,Derrota,0,2,Visitante,Raphael Claus,28.8,6.5,178.5,6.2,28.4,4.3,178.9,6.2,Arena MRV,23003
Fluminense,2023,31,31/10/2023,19:00,Terça,10,Bahia,Derrota,0,1,Visitante,Edina Alves Batista,26.6,4.9,180.2,7.8,28.6,2.6,180.4,6.2,Arena Fonte Nova,34319
Fluminense,2023,33,08/11/2023,19:00,Quarta,11,Internacional,Empate,0,0,Visitante,Caio Max Augusto Vieira,27.0,5.9,177.7,6.7,29.4,4.8,178.5,6.5,Estádio Beira-Rio,18669
Fluminense,2023,34,11/11/2023,18:30,Sábado,11,Flamengo,Empate,1,1,Visitante,Wilton Pereira Sampaio,29.7,6.5,177.4,6.9,28.4,3.5,182.5,7.8,Estádio do Maracanã,59970
Fluminense,2023,32,22/11/2023,21:30,Quarta,11,São Paulo,Vitória,1,0,Mandante,Andre Luiz Skettino Policarpo Bento,32.0,6.4,179.4,6.0,27.1,5.5,178.5,6.6,Estádio do Maracanã,44694
Fluminense,2023,35,25/11/2023,21:00,Sábado,11,Coritiba,Vitória,2,1,Mandante,Matheus Delgado Candançan,30.2,7.0,177.7,6.0,25.6,3.4,180.4,8.1,Estádio do Maracanã,19919
Fluminense,2023,36,29/11/2023,19:00,Quarta,11,Santos,Vitória,3,0,Visitante,Anderson Daronco,30.5,6.2,178.7,5.7,27.3,3.0,178.0,9.1,Estádio Urbano Caldeira,12855
Fluminense,2023,37,03/12/2023,16:00,Domingo,12,Palmeiras,Derrota,0,1,Visitante,Braulio Da Silva Machado,28.8,6.9,179.5,6.3,28.4,5.0,180.5,5.3,Nubank Parque,29986
Fluminense,2023,38,06/12/2023,21:30,Quarta,12,Grêmio,Derrota,2,3,Mandante,Raphael Claus,31.5,6.9,178.4,6.0,29.1,3.7,181.7,6.2,Estádio do Maracanã,44190
Fluminense,2024,1,13/04/2024,21:00,Sábado,04,Red Bull Bragantino,Empate,2,2,Mandante,Maguielson Lima Barbosa,31.4,7.3,177.2,6.1,24.5,3.5,179.7,5.8,Estádio do Maracanã,17645
Fluminense,2024,2,16/04/2024,21:30,Terça,04,Bahia,Derrota,1,2,Visitante,Joao Vitor Gobi,30.4,6.6,177.6,6.0,28.7,3.9,179.7,6.2,Arena Fonte Nova,23080
Fluminense,2024,3,20/04/2024,16:00,Sábado,04,Vasco da Gama,Vitória,2,1,Mandante,Wilton Pereira Sampaio,32.0,7.3,177.3,6.2,28.2,4.4,180.5,6.0,Estádio do Maracanã,25842
Fluminense,2024,4,28/04/2024,16:00,Domingo,04,Corinthians,Derrota,0,3,Visitante,Ramon Abatti Abel,31.7,7.1,178.4,5.3,27.0,4.9,181.5,8.7,Neo Química Arena,42119
Fluminense,2024,5,04/05/2024,16:00,Sábado,05,Atlético Mineiro,Empate,2,2,Mandante,Raphael Claus,32.5,6.8,178.3,5.4,30.0,3.9,178.9,6.3,Estádio do Maracanã,5168
Fluminense,2024,6,13/05/2024,20:00,Segunda,05,São Paulo,Derrota,1,2,Visitante,Anderson Daronco,28.4,7.3,179.5,5.8,27.4,4.3,180.2,5.6,MorumBIS,39515
Fluminense,2024,7,01/06/2024,18:30,Sábado,06,Juventude,Empate,1,1,Mandante,Matheus Delgado Candançan,31.5,7.6,178.2,5.1,28.9,5.7,180.2,8.8,Estádio do Maracanã,21037
Fluminense,2024,8,11/06/2024,20:00,Terça,06,Botafogo,Derrota,0,1,Visitante,Flavio Rodrigues De Souza,31.1,6.8,177.9,5.9,29.6,4.1,183.9,7.0,Estádio Nilton Santos,27239
Fluminense,2024,9,15/06/2024,21:00,Sábado,06,Atlético Goianiense,Derrota,1,2,Mandante,Gustavo Ervino Bauermann,32.7,7.0,178.3,5.8,27.1,3.1,183.3,7.5,Estádio do Maracanã,14485
Fluminense,2024,10,19/06/2024,21:30,Quarta,06,Cruzeiro,Derrota,0,2,Visitante,Matheus Delgado Candançan,31.1,6.7,179.8,5.9,26.7,3.6,178.7,6.7,Governador Magalhães Pinto,28812
Fluminense,2024,11,23/06/2024,16:00,Domingo,06,Flamengo,Derrota,0,1,Mandante,Rafael Rodrigo Klein,32.0,6.0,180.5,7.0,27.7,4.9,184.5,5.7,Estádio do Maracanã,57098
Fluminense,2024,12,27/06/2024,19:00,Quinta,06,Vitória,Derrota,0,1,Mandante,Flavio Rodrigues De Souza,33.6,4.9,179.3,7.1,27.4,3.9,178.9,7.1,Estádio do Maracanã,24269
Fluminense,2024,13,30/06/2024,16:00,Domingo,06,Grêmio,Derrota,0,1,Visitante,Paulo Cesar Zanovelli da Silva,33.1,5.1,179.1,7.0,30.2,5.4,178.8,7.2,Arena do Grêmio,8549
Fluminense,2024,14,04/07/2024,20:00,Quinta,07,Internacional,Empate,1,1,Mandante,Felipe Fernandes de Lima,31.7,6.6,179.1,6.6,29.5,6.3,181.7,5.3,Estádio do Maracanã,40337
Fluminense,2024,15,07/07/2024,16:00,Domingo,07,Fortaleza,Derrota,0,1,Visitante,Davi de Oliveira Lacerda,29.7,7.2,178.1,7.0,30.7,2.8,179.2,4.9,Estádio Governador Plácido Castelo,34831
Fluminense,2024,16,11/07/2024,20:00,Quinta,07,Criciúma,Empate,1,1,Visitante,Anderson Daronco,30.4,6.9,178.5,6.9,30.3,4.1,181.0,7.2,Estádio Heriberto Hülse,11486
Fluminense,2024,18,21/07/2024,20:00,Domingo,07,Cuiabá,Vitória,1,0,Visitante,Anderson Daronco,31.8,7.1,177.5,5.9,28.4,4.2,183.3,5.0,Arena Pantanal,13231
Fluminense,2024,19,24/07/2024,21:30,Quarta,07,Palmeiras,Vitória,1,0,Mandante,Wilton Pereira Sampaio,31.8,7.1,177.5,5.9,28.8,5.5,179.7,6.6,Estádio do Maracanã,51375
Fluminense,2024,20,28/07/2024,11:00,Domingo,07,Red Bull Bragantino,Vitória,1,0,Visitante,Lucas Paulo Torezin,30.3,7.3,179.4,6.9,24.7,2.7,183.1,4.6,Estádio Nabi Abi Chedid,7304
Fluminense,2024,21,04/08/2024,16:00,Domingo,08,Bahia,Vitória,1,0,Mandante,Davi de Oliveira Lacerda,30.7,7.4,178.5,5.9,27.5,4.2,180.5,6.1,Estádio do Maracanã,50262
Fluminense,2024,22,10/08/2024,21:30,Sábado,08,Vasco da Gama,Derrota,0,2,Visitante,Anderson Daronco,30.1,7.2,179.0,7.2,29.8,4.7,180.5,5.9,Estádio São Januário,20003
Fluminense,2024,23,17/08/2024,21:00,Sábado,08,Corinthians,Empate,0,0,Mandante,Braulio Da Silva Machado,26.9,8.5,180.5,6.6,26.0,3.0,182.2,8.9,Estádio do Maracanã,30475
Fluminense,2024,24,24/08/2024,21:00,Sábado,08,Atlético Mineiro,Vitória,2,0,Visitante,Flavio Rodrigues De Souza,30.8,8.1,179.4,4.9,29.1,4.3,180.4,8.1,Arena MRV,32068
Fluminense,2024,25,01/09/2024,18:30,Domingo,09,São Paulo,Vitória,2,0,Mandante,Paulo Cesar Zanovelli da Silva,31.3,7.6,178.7,6.6,30.2,6.0,179.1,7.6,Estádio do Maracanã,45759
Fluminense,2024,26,15/09/2024,16:00,Domingo,09,Juventude,Derrota,1,2,Visitante,Flavio Rodrigues De Souza,31.0,7.8,178.9,6.5,29.8,5.2,181.7,7.5,Estádio Alfredo Jaconi,6232
Fluminense,2024,27,21/09/2024,18:30,Sábado,09,Botafogo,Derrota,0,1,Mandante,Wilton Pereira Sampaio,31.2,6.4,179.3,7.4,28.2,4.5,182.5,7.5,Estádio do Maracanã,22000
Fluminense,2024,28,29/09/2024,16:00,Domingo,09,Atlético Goianiense,Derrota,0,1,Visitante,Ramon Abatti Abel,32.3,6.2,179.4,7.5,25.8,2.0,179.6,10.9,Estádio Antônio Accioly,7871
Fluminense,2024,29,03/10/2024,21:30,Quinta,10,Cruzeiro,Vitória,1,0,Mandante,Gustavo Ervino Bauermann,31.2,7.5,177.9,6.2,28.1,3.9,178.8,6.8,Estádio do Maracanã,30242
Fluminense,2024,30,17/10/2024,20:00,Quinta,10,Flamengo,Vitória,2,0,Visitante,Raphael Claus,29.8,7.5,180.0,5.8,26.8,4.1,182.8,6.8,Estádio do Maracanã,58117
Fluminense,2024,17,22/10/2024,19:30,Terça,10,Athletico,Vitória,1,0,Mandante,Braulio Da Silva Machado,30.3,7.1,179.5,6.4,27.2,5.0,183.1,6.1,Estádio do Maracanã,39465
Fluminense,2024,31,26/10/2024,16:30,Sábado,10,Vitória,Derrota,1,2,Visitante,Flavio Rodrigues De Souza,30.3,7.2,179.1,6.0,28.4,3.2,178.2,8.2,Estádio Manoel Barradas,29497
Fluminense,2024,32,01/11/2024,21:00,Sexta,11,Grêmio,Empate,2,2,Mandante,Matheus Delgado Candançan,32.1,7.0,178.3,6.0,30.6,4.1,177.5,7.8,Estádio do Maracanã,35278
Fluminense,2024,33,08/11/2024,19:00,Sexta,11,Internacional,Derrota,0,2,Visitante,Luiz Flávio de Oliveira,30.8,5.8,179.2,7.3,27.6,3.1,179.2,6.5,Estádio Beira-Rio,35877
Fluminense,2024,34,22/11/2024,21:30,Sexta,11,Fortaleza,Empate,2,2,Mandante,Raphael Claus,32.2,7.0,178.3,6.0,30.9,3.9,178.7,5.7,Estádio do Maracanã,37969
Fluminense,2024,35,26/11/2024,19:00,Terça,11,Criciúma,Empate,0,0,Mandante,Luiz Flávio de Oliveira,31.5,7.6,178.8,6.5,30.6,3.7,182.1,5.8,Estádio do Maracanã,41240
Fluminense,2024,36,01/12/2024,18:30,Domingo,12,Athletico,Empate,1,1,Visitante,Eduardo Senna,30.2,7.6,179.2,6.2,27.3,5.1,180.5,6.0,Arena da Baixada,41375
Fluminense,2024,37,05/12/2024,20:00,Quinta,12,Cuiabá,Vitória,1,0,Mandante,Rafael Rodrigo Klein,31.5,6.9,178.8,6.2,28.2,4.4,181.1,6.6,Estádio do Maracanã,59730
Fluminense,2024,38,08/12/2024,16:00,Domingo,12,Palmeiras,Vitória,1,0,Visitante,Ramon Abatti Abel,32.0,6.3,177.6,5.8,25.8,5.1,181.9,5.3,Nubank Parque,34571
Fluminense,2025,1,29/03/2025,18:30,Sábado,03,Fortaleza,Derrota,0,2,Visitante,Rodrigo Jose Pereira de Lima,30.5,6.8,177.6,4.8,33.4,2.3,179.0,5.8,Estádio Governador Plácido Castelo,19484
Fluminense,2025,2,06/04/2025,16:00,Domingo,04,Red Bull Bragantino,Vitória,2,1,Mandante,Wilton Pereira Sampaio,30.7,6.8,177.6,4.8,26.9,3.7,179.4,6.0,Estádio do Maracanã,19729
Fluminense,2025,3,13/04/2025,19:30,Domingo,04,Santos,Vitória,1,0,Mandante,Felipe Fernandes de Lima,31.5,6.7,177.0,5.8,30.2,3.7,181.1,6.7,Estádio do Maracanã,46172
Fluminense,2025,4,16/04/2025,19:30,Quarta,04,Corinthians,Vitória,2,0,Visitante,Rodrigo Jose Pereira de Lima,30.1,6.4,178.8,7.6,28.1,4.3,182.2,6.2,Neo Química Arena,34624
Fluminense,2025,5,20/04/2025,18:30,Domingo,04,Vitória,Empate,1,1,Mandante,Matheus Delgado Candançan,31.0,6.3,178.3,7.3,26.9,1.6,179.3,8.0,Estádio do Maracanã,29065
Fluminense,2025,6,26/04/2025,21:00,Sábado,04,Botafogo,Derrota,0,2,Visitante,Bruno Arleu de Araujo,30.7,6.6,179.1,7.7,26.8,4.0,183.2,8.8,Estádio Nilton Santos,12943
Fluminense,2025,7,03/05/2025,18:30,Sábado,05,Sport Recife,Vitória,2,1,Mandante,Rafael Rodrigo Klein,30.3,6.0,179.3,7.2,27.5,4.8,181.3,4.9,Estádio do Maracanã,18754
Fluminense,2025,8,11/05/2025,17:30,Domingo,05,Atlético Mineiro,Derrota,2,3,Visitante,Ramon Abatti Abel,30.4,6.9,178.2,6.4,29.1,4.7,179.1,7.0,Arena MRV,25018
Fluminense,2025,9,18/05/2025,16:00,Domingo,05,Juventude,Empate,1,1,Visitante,Wilton Pereira Sampaio,30.7,6.6,177.9,5.8,29.8,4.5,178.2,5.7,Estádio Alfredo Jaconi,8120
Fluminense,2025,10,24/05/2025,18:30,Sábado,05,Vasco da Gama,Vitória,2,1,Mandante,Rodrigo Jose Pereira de Lima,30.6,6.5,178.6,4.8,26.8,5.1,181.0,5.8,Estádio do Maracanã,42422
Fluminense,2025,11,01/06/2025,20:30,Domingo,06,Internacional,Vitória,2,0,Visitante,Lucas Paulo Torezin,32.2,6.3,177.6,6.0,28.9,4.8,180.2,5.3,Estádio Beira-Rio,13502
Fluminense,2025,14,17/07/2025,19:30,Quinta,07,Cruzeiro,Derrota,0,2,Mandante,Rafael Rodrigo Klein,31.3,6.8,175.5,7.5,29.4,5.7,179.4,8.3,Estádio do Maracanã,45681
Fluminense,2025,15,20/07/2025,19:30,Domingo,07,Flamengo,Derrota,0,1,Visitante,Raphael Claus,30.5,6.8,180.9,5.9,29.8,3.4,180.0,7.4,Estádio do Maracanã,58416
Fluminense,2025,16,23/07/2025,19:00,Quarta,07,Palmeiras,Derrota,1,2,Mandante,Ramon Abatti Abel,30.2,6.1,177.5,8.6,27.1,5.1,180.5,5.5,Estádio do Maracanã,21081
Fluminense,2025,17,27/07/2025,16:00,Domingo,07,São Paulo,Derrota,1,3,Visitante,Davi de Oliveira Lacerda,30.2,7.2,179.9,4.9,30.0,3.7,179.5,7.4,MorumBIS,42529
Fluminense,2025,18,02/08/2025,21:00,Sábado,08,Grêmio,Vitória,1,0,Mandante,Lucas Paulo Torezin,33.2,6.4,178.5,5.8,27.9,5.2,179.2,6.5,Estádio do Maracanã,15344
Fluminense,2025,19,09/08/2025,21:00,Sábado,08,Bahia,Empate,3,3,Visitante,Jefferson Ferreira de Moraes,30.9,7.8,180.8,4.5,28.9,4.1,181.1,7.3,Arena Fonte Nova,35505
Fluminense,2025,20,16/08/2025,16:00,Sábado,08,Fortaleza,Vitória,2,1,Mandante,Rafael Rodrigo Klein,32.1,7.1,179.2,6.3,29.4,5.2,178.3,8.1,Estádio do Maracanã,28771
Fluminense,2025,21,23/08/2025,16:00,Sábado,08,Red Bull Bragantino,Derrota,2,4,Visitante,Lucas Paulo Torezin,30.2,6.4,178.4,7.3,25.9,3.3,181.1,5.7,Estádio Cícero de Souza Marques,3932
Fluminense,2025,22,31/08/2025,16:00,Domingo,08,Santos,Empate,0,0,Visitante,Wilton Pereira Sampaio,31.1,6.8,176.4,6.9,29.9,4.0,179.9,6.5,Estádio Urbano Caldeira,12515
Fluminense,2025,23,13/09/2025,21:00,Sábado,09,Corinthians,Derrota,0,1,Mandante,Felipe Fernandes de Lima,30.3,7.0,181.9,6.6,27.1,4.8,180.5,9.0,Estádio do Maracanã,21091
Fluminense,2025,24,20/09/2025,16:00,Sábado,09,Vitória,Vitória,1,0,Visitante,Matheus Delgado Candançan,30.7,5.5,180.6,6.4,29.2,3.9,179.7,7.8,Estádio Manoel Barradas,27183
Fluminense,2025,25,28/09/2025,16:00,Domingo,09,Botafogo,Vitória,2,0,Mandante,Ramon Abatti Abel,32.1,6.7,176.1,7.4,27.2,3.8,182.6,8.1,Estádio do Maracanã,15781
Fluminense,2025,26,01/10/2025,19:00,Quarta,10,Sport Recife,Empate,2,2,Visitante,Raphael Claus,30.2,6.0,177.7,8.0,27.9,4.4,181.7,8.2,Ilha do Retiro,14172
Fluminense,2025,27,04/10/2025,18:30,Sábado,10,Atlético Mineiro,Vitória,3,0,Mandante,Davi de Oliveira Lacerda,30.8,6.9,175.8,7.4,30.0,5.4,178.5,8.4,Estádio do Maracanã,20198
Fluminense,2025,13,08/10/2025,21:00,Quarta,10,Mirassol,Derrota,1,2,Visitante,Rodrigo Jose Pereira de Lima,31.6,6.9,175.2,7.2,31.1,4.3,179.2,7.3,Estádio José Maria de Campos Maia,5088
Fluminense,2025,28,16/10/2025,21:30,Quinta,10,Juventude,Vitória,1,0,Mandante,Jefferson Ferreira de Moraes,31.9,6.7,178.0,5.4,28.9,4.9,178.5,5.2,Estádio do Maracanã,15639
Fluminense,2025,29,20/10/2025,19:30,Segunda,10,Vasco da Gama,Derrota,0,2,Visitante,Wagner do Nascimento Magalhaes,32.1,6.7,176.1,7.4,26.4,4.5,178.5,5.7,Estádio do Maracanã,53746
Fluminense,2025,30,25/10/2025,17:30,Sábado,10,Internacional,Vitória,1,0,Mandante,Raphael Claus,31.0,6.9,177.7,9.1,28.6,5.8,181.0,6.3,Estádio do Maracanã,21298
Fluminense,2025,12,29/10/2025,19:00,Quarta,10,Ceará,Vitória,1,0,Mandante,Flavio Rodrigues De Souza,30.9,6.9,175.8,7.4,28.8,3.1,180.5,8.4,Estádio do Maracanã,21298
Fluminense,2025,31,02/11/2025,16:00,Domingo,11,Ceará,Derrota,0,2,Visitante,Lucas Paulo Torezin,28.8,5.8,179.4,5.9,28.8,3.8,181.8,7.3,Estádio Governador Plácido Castelo,28700
Fluminense,2025,32,06/11/2025,19:30,Quinta,11,Mirassol,Vitória,1,0,Mandante,Anderson Daronco,31.9,6.5,176.5,7.5,30.6,3.7,179.1,6.7,Estádio do Maracanã,15952
Fluminense,2025,33,09/11/2025,16:00,Domingo,11,Cruzeiro,Empate,0,0,Visitante,Rodrigo Jose Pereira de Lima,31.7,6.7,177.5,8.1,28.9,5.4,179.5,7.9,Governador Magalhães Pinto,53283
Fluminense,2025,34,19/11/2025,21:30,Quarta,11,Flamengo,Vitória,2,1,Mandante,Davi de Oliveira Lacerda,31.9,6.5,176.5,7.5,28.6,3.9,183.6,5.4,Estádio do Maracanã,69591
Fluminense,2025,35,22/11/2025,21:30,Sábado,11,Palmeiras,Empate,0,0,Visitante,Jonathan Benkenstein Pinheiro,31.1,5.8,179.7,6.7,26.1,3.1,182.9,8.3,Nubank Parque,40245
Fluminense,2025,36,27/11/2025,20:30,Quinta,11,São Paulo,Vitória,6,0,Mandante,Lucas Paulo Torezin,31.9,6.5,176.5,7.5,26.2,5.3,181.2,8.5,Estádio do Maracanã,30427
Fluminense,2025,37,02/12/2025,21:30,Terça,12,Grêmio,Vitória,2,1,Visitante,Raphael Claus,31.2,5.6,175.8,10.0,29.1,5.4,179.8,7.9,Arena do Grêmio,23487
Fluminense,2025,38,07/12/2025,16:00,Domingo,12,Bahia,Vitória,2,0,Mandante,Matheus Delgado Candançan,32.2,6.3,176.2,7.5,28.9,3.8,179.8,7.7,Estádio do Maracanã,52268
Grêmio,2015,1,10/05/2015,11:00,Domingo,05,Ponte Preta,Empate,3,3,Mandante,Heber Roberto Lopes,24.7,4.4,183.5,5.8,26.8,3.1,178.8,6.7,Arena do Grêmio,13164
Grêmio,2015,2,16/05/2015,18:30,Sábado,05,Coritiba,Derrota,0,2,Visitante,Ricardo Marques Ribeiro,25.3,4.0,182.9,5.9,26.7,3.1,177.7,6.1,Estádio Major Antônio Couto Pereira,11785
Grêmio,2015,3,23/05/2015,21:00,Sábado,05,Figueirense,Vitória,1,0,Mandante,Luiz Flávio de Oliveira,26.1,3.9,183.3,6.4,25.6,4.0,180.4,6.9,Arena do Grêmio,8336
Grêmio,2015,4,31/05/2015,16:00,Domingo,05,Goiás,Empate,1,1,Visitante,Anderson Daronco,N.A,N.A,N.A,N.A,N.A,N.A,N.A,N.A,Serra Dourada,4511
Grêmio,2015,5,03/06/2015,22:00,Quarta,06,Corinthians,Vitória,3,1,Mandante,Wilton Pereira Sampaio,24.6,3.7,183.7,5.9,28.0,3.4,180.4,8.6,Arena do Grêmio,17971
Grêmio,2015,6,06/06/2015,22:00,Sábado,06,São Paulo,Derrota,0,2,Visitante,Pericles Bassols Pegado Cortez,24.7,3.7,183.2,6.0,28.8,5.7,183.4,4.8,MorumBIS,16917
Grêmio,2015,7,14/06/2015,16:00,Domingo,06,Athletico,Vitória,2,1,Mandante,Marcos Andre Gomes da Penha,25.8,4.2,183.3,6.4,25.1,4.3,180.9,6.2,Arena do Grêmio,17781
Grêmio,2015,8,20/06/2015,21:00,Sábado,06,Palmeiras,Vitória,1,0,Mandante,Raphael Claus,25.8,4.2,183.3,6.4,28.4,4.3,179.3,8.9,Arena do Grêmio,20814
Grêmio,2015,9,27/06/2015,16:00,Sábado,06,Avaí,Vitória,2,1,Visitante,Marcelo de Lima Henrique,24.9,4.5,182.3,6.7,26.5,5.0,180.5,8.0,Estádio da Ressacada,11221
Grêmio,2015,10,01/07/2015,22:00,Quarta,07,Cruzeiro,Vitória,1,0,Mandante,Marcelo Aparecido Ribeiro de Souza,26.4,4.1,183.1,6.2,27.5,3.7,179.4,6.1,Arena do Grêmio,22517
Grêmio,2015,11,05/07/2015,16:00,Domingo,07,Santos,Vitória,3,1,Visitante,Felipe Gomes Da Silva,26.7,4.3,182.9,6.2,24.5,5.2,180.3,7.6,Estádio Urbano Caldeira,4942
Grêmio,2015,12,08/07/2015,19:30,Quarta,07,Chapecoense,Derrota,0,1,Visitante,Flavio Rodrigues Guerra,27.4,3.9,182.5,5.8,29.1,3.3,180.8,6.6,Arena Condá,13916
Grêmio,2015,13,11/07/2015,18:30,Sábado,07,Vasco da Gama,Vitória,2,0,Mandante,Luiz Flávio de Oliveira,N.A,N.A,N.A,N.A,N.A,N.A,N.A,N.A,Arena do Grêmio,34464
Grêmio,2015,14,18/07/2015,18:30,Sábado,07,Flamengo,Derrota,0,1,Visitante,Ricardo Marques Ribeiro,N.A,N.A,N.A,N.A,N.A,N.A,N.A,N.A,Estádio do Maracanã,56927
Grêmio,2015,15,25/07/2015,19:30,Sábado,07,Sport Recife,Empate,1,1,Mandante,Pericles Bassols Pegado Cortez,24.3,4.0,182.5,6.5,27.9,3.8,182.8,7.2,Arena do Grêmio,33437
Grêmio,2015,16,01/08/2015,18:30,Sábado,08,Fluminense,Derrota,0,1,Visitante,Wilton Pereira Sampaio,25.3,4.4,183.3,5.6,26.8,5.2,179.3,7.1,Estádio do Maracanã,33288
Grêmio,2015,17,09/08/2015,18:30,Domingo,08,Internacional,Vitória,5,0,Mandante,Dewson Fernando Freitas da Silva,27.5,3.9,182.5,5.8,26.1,5.0,180.3,7.2,Arena do Grêmio,42432
Grêmio,2015,18,13/08/2015,21:00,Quinta,08,Atlético Mineiro,Vitória,2,0,Visitante,Dewson Fernando Freitas da Silva,N.A,N.A,N.A,N.A,N.A,N.A,N.A,N.A,Arena Independência,49047
Grêmio,2015,19,16/08/2015,18:30,Domingo,08,Joinville,Vitória,2,1,Mandante,,27.1,3.9,183.5,6.0,25.4,5.5,180.5,4.8,Arena do Grêmio,31183
Grêmio,2015,20,23/08/2015,11:00,Domingo,08,Ponte Preta,Empate,0,0,Visitante,Emerson De Almeida Ferreira,27.2,3.7,182.4,6.9,26.8,3.5,177.9,6.9,Moisés Lucarelli,8612
Grêmio,2015,21,30/08/2015,11:00,Domingo,08,Coritiba,Empate,0,0,Mandante,Luiz Flávio de Oliveira,27.5,3.9,182.2,6.8,27.8,4.4,178.1,6.5,Arena do Grêmio,46000
Grêmio,2015,22,03/09/2015,21:00,Quinta,09,Figueirense,Vitória,2,0,Visitante,Raphael Claus,26.4,3.8,182.7,6.1,25.4,3.3,180.7,4.4,Orlando Scarpelli,10823
Grêmio,2015,23,06/09/2015,16:00,Domingo,09,Goiás,Vitória,2,1,Mandante,Sandro Meira Ricci,25.8,4.6,182.4,6.2,25.4,4.1,179.5,4.8,Arena do Grêmio,29184
Grêmio,2015,24,09/09/2015,22:00,Quarta,09,Corinthians,Empate,1,1,Visitante,Andre Luiz de Freitas Castro,26.4,4.6,182.9,5.6,27.0,5.3,181.1,8.4,Neo Química Arena,30126
Grêmio,2015,25,13/09/2015,16:00,Domingo,09,São Paulo,Derrota,1,2,Mandante,Sandro Meira Ricci,26.8,4.1,182.6,7.4,25.4,3.7,183.5,5.7,Arena do Grêmio,44227
Grêmio,2015,26,16/09/2015,21:00,Quarta,09,Athletico,Vitória,2,1,Visitante,Braulio Da Silva Machado,26.9,4.1,181.7,6.5,25.3,3.6,179.0,5.8,Arena da Baixada,13619
Grêmio,2015,27,19/09/2015,18:30,Sábado,09,Palmeiras,Derrota,2,3,Visitante,Wilton Pereira Sampaio,24.6,4.2,182.0,6.2,29.1,5.9,180.9,7.6,Nubank Parque,21257
Grêmio,2015,28,26/09/2015,21:00,Sábado,09,Avaí,Vitória,3,1,Mandante,Marcelo Aparecido Ribeiro de Souza,25.1,4.0,182.7,5.5,27.4,2.9,181.0,8.4,Arena do Grêmio,13251
Grêmio,2015,29,04/10/2015,16:00,Domingo,10,Cruzeiro,Empate,0,0,Visitante,Heber Roberto Lopes,26.8,4.3,182.8,6.0,27.9,3.7,182.8,5.3,Governador Magalhães Pinto,29294
Grêmio,2015,30,15/10/2015,21:00,Quinta,10,Santos,Vitória,1,0,Mandante,Marielson Alves Silva,27.0,4.0,183.5,5.9,25.6,5.1,178.6,7.1,Arena do Grêmio,10496
Grêmio,2015,31,18/10/2015,16:00,Domingo,10,Chapecoense,Derrota,2,3,Mandante,Luiz Flávio de Oliveira,27.4,3.7,184.2,6.4,28.2,3.1,181.0,8.7,Arena do Grêmio,19925
Grêmio,2015,32,25/10/2015,16:00,Domingo,10,Vasco da Gama,Empate,0,0,Visitante,Marcelo Aparecido Ribeiro de Souza,26.6,4.1,183.5,6.0,30.0,4.4,182.5,5.2,Estádio do Maracanã,20207
Grêmio,2015,33,01/11/2015,16:00,Domingo,11,Flamengo,Vitória,2,0,Mandante,Braulio Da Silva Machado,25.8,4.1,181.7,6.0,26.4,4.0,181.4,5.2,Arena do Grêmio,37793
Grêmio,2015,34,08/11/2015,18:30,Domingo,11,Sport Recife,Derrota,0,1,Visitante,Heber Roberto Lopes,25.7,4.3,182.4,6.4,25.7,2.8,180.1,8.1,Ilha do Retiro,11091
Grêmio,2015,35,19/11/2015,18:30,Quinta,11,Fluminense,Vitória,1,0,Mandante,Reway Wagner,25.4,4.2,180.5,7.2,28.3,4.4,178.0,7.4,Arena do Grêmio,15909
Grêmio,2015,36,22/11/2015,16:00,Domingo,11,Internacional,Derrota,0,1,Visitante,Ricardo Marques Ribeiro,25.8,4.2,181.1,7.8,26.3,4.6,180.7,6.0,Estádio Beira-Rio,30692
Grêmio,2015,37,29/11/2015,16:00,Domingo,11,Atlético Mineiro,Vitória,2,1,Mandante,Pericles Bassols Pegado Cortez,25.4,4.4,181.6,7.4,28.3,4.4,180.1,7.8,Arena do Grêmio,36862
Grêmio,2015,38,06/12/2015,16:00,Domingo,12,Joinville,Vitória,2,0,Visitante,Raphael Claus,25.2,3.7,181.9,7.6,24.3,3.3,181.9,6.4,Arena Joinville,5979
Grêmio,2016,1,15/05/2016,16:00,Domingo,05,Corinthians,Empate,0,0,Visitante,Wilton Pereira Sampaio,27.3,3.5,181.5,7.9,26.9,1.9,179.9,6.8,Neo Química Arena,31533
Grêmio,2016,2,22/05/2016,16:00,Domingo,05,Flamengo,Vitória,1,0,Mandante,Luiz Flávio de Oliveira,28.0,3.3,182.4,6.7,27.1,5.1,179.3,4.9,Arena do Grêmio,15976
Grêmio,2016,3,26/05/2016,21:00,Quinta,05,Atlético Mineiro,Vitória,3,0,Visitante,Raphael Claus,28.2,3.7,182.1,5.9,27.4,4.2,181.0,6.8,Arena Independência,15742
Grêmio,2016,4,29/05/2016,18:30,Domingo,05,Coritiba,Vitória,2,0,Mandante,Sandro Meira Ricci,26.4,4.6,180.9,6.1,30.2,4.6,177.4,6.5,Arena do Grêmio,10825
Grêmio,2016,5,02/06/2016,21:00,Quinta,06,Palmeiras,Derrota,3,4,Visitante,Marielson Alves Silva,26.4,4.6,181.4,6.7,28.5,6.8,178.8,6.9,Nubank Parque,19198
Grêmio,2016,6,05/06/2016,16:00,Domingo,06,Ponte Preta,Vitória,1,0,Mandante,Pericles Bassols Pegado Cortez,27.0,4.3,179.4,7.4,28.0,4.7,178.2,8.0,Arena do Grêmio,15125
Grêmio,2016,7,11/06/2016,18:30,Sábado,06,Fluminense,Empate,1,1,Visitante,Andre Luiz de Freitas Castro,27.8,4.3,179.9,7.7,26.9,4.7,179.6,6.7,Estádio Giulite Coutinho,3636
Grêmio,2016,8,15/06/2016,19:30,Quarta,06,Chapecoense,Empate,3,3,Visitante,Luiz Flávio de Oliveira,26.0,4.6,181.1,6.2,27.4,4.8,181.2,4.7,Arena Condá,13154
Grêmio,2016,9,19/06/2016,19:00,Domingo,06,Cruzeiro,Vitória,2,0,Mandante,Thiago Duarte Peixoto,27.0,4.3,180.5,7.2,25.8,4.6,178.8,7.2,Arena do Grêmio,14658
Grêmio,2016,10,23/06/2016,19:15,Quinta,06,Vitória,Derrota,1,2,Mandante,Sandro Meira Ricci,26.4,4.3,179.8,7.0,27.8,3.7,179.9,7.5,Arena do Grêmio,12636
Grêmio,2016,11,26/06/2016,16:00,Domingo,06,Athletico,Derrota,0,2,Visitante,Reway Wagner,26.1,3.9,181.3,7.4,26.0,3.4,181.1,6.6,Arena da Baixada,16838
Grêmio,2016,12,29/06/2016,19:30,Quarta,06,Santos,Vitória,3,2,Mandante,Eduardo Tomaz de Aquino Valadao,26.2,4.5,182.1,6.3,25.1,5.3,182.1,7.6,Arena do Grêmio,13088
Grêmio,2016,13,03/07/2016,11:00,Domingo,07,Internacional,Vitória,1,0,Visitante,Dewson Fernando Freitas da Silva,26.2,4.5,182.1,6.3,26.2,3.5,180.5,5.3,Estádio Beira-Rio,36229
Grêmio,2016,14,10/07/2016,11:00,Domingo,07,Figueirense,Vitória,2,1,Mandante,Jailson Macedo Freitas,26.2,4.5,182.1,6.3,27.2,3.4,178.9,7.4,Arena do Grêmio,34013
Grêmio,2016,15,17/07/2016,18:30,Domingo,07,Sport Recife,Derrota,2,4,Visitante,Rodrigo Batista Raposo,27.8,4.3,181.7,6.1,28.4,5.2,178.7,7.5,Ilha do Retiro,10891
Grêmio,2016,16,24/07/2016,16:00,Domingo,07,São Paulo,Vitória,1,0,Mandante,Heber Roberto Lopes,27.0,4.5,179.4,7.0,28.5,3.5,180.5,7.1,Arena do Grêmio,37069
Grêmio,2016,17,31/07/2016,18:30,Domingo,07,América Mineiro,Empate,0,0,Visitante,Raphael Claus,27.9,4.0,180.8,6.5,27.8,4.9,179.7,6.6,Arena Independência,1534
Grêmio,2016,18,04/08/2016,19:30,Quinta,08,Santa Cruz,Empate,0,0,Mandante,Luiz Flávio de Oliveira,27.2,4.2,180.6,6.6,29.2,4.9,180.5,7.1,Arena do Grêmio,16068
Grêmio,2016,20,14/08/2016,11:00,Domingo,08,Corinthians,Vitória,3,0,Mandante,Braulio Da Silva Machado,27.6,4.4,180.9,6.4,26.5,1.6,180.4,7.0,Arena do Grêmio,46163
Grêmio,2016,21,21/08/2016,11:00,Domingo,08,Flamengo,Derrota,1,2,Visitante,Raphael Claus,27.1,4.4,178.9,7.3,27.8,3.4,180.3,7.1,Arena BRB Mané Garrincha,22552
Grêmio,2016,22,28/08/2016,16:00,Domingo,08,Atlético Mineiro,Empate,1,1,Mandante,Claudio Francisco Lima E. Silva,27.3,4.0,181.7,5.7,29.5,4.3,182.9,5.8,Arena do Grêmio,30631
Grêmio,2016,19,04/09/2016,16:00,Domingo,09,Botafogo,Derrota,1,2,Visitante,Reway Wagner,27.5,4.2,183.5,5.0,26.8,4.5,179.7,7.2,Estádio Luso Brasileiro,5199
Grêmio,2016,23,07/09/2016,21:45,Quarta,09,Coritiba,Derrota,0,4,Visitante,Wagner do Nascimento Magalhaes,27.1,4.2,181.5,6.7,26.6,4.4,178.5,6.1,Estádio Major Antônio Couto Pereira,8507
Grêmio,2016,24,11/09/2016,18:30,Domingo,09,Palmeiras,Empate,0,0,Mandante,Emerson De Almeida Ferreira,26.8,4.3,181.7,6.2,27.8,6.7,179.2,6.5,Arena do Grêmio,19514
Grêmio,2016,25,14/09/2016,21:00,Quarta,09,Ponte Preta,Derrota,0,3,Visitante,Jailson Macedo Freitas,25.9,3.5,181.9,6.1,26.3,5.0,179.2,8.4,Moisés Lucarelli,3713
Grêmio,2016,26,18/09/2016,16:00,Domingo,09,Fluminense,Derrota,0,1,Mandante,Wilton Pereira Sampaio,27.4,4.2,181.3,6.5,28.2,3.6,179.5,7.4,Arena do Grêmio,12136
Grêmio,2016,27,25/09/2016,16:00,Domingo,09,Chapecoense,Vitória,1,0,Mandante,Dewson Fernando Freitas da Silva,26.4,4.3,181.6,6.7,27.6,5.1,179.9,5.7,Arena do Grêmio,11152
Grêmio,2016,28,01/10/2016,18:30,Sábado,10,Cruzeiro,Derrota,0,1,Visitante,Elmo Alves Resende Cunha,25.8,4.4,180.5,7.5,29.3,2.6,179.7,7.1,Governador Magalhães Pinto,16678
Grêmio,2016,29,05/10/2016,19:30,Quarta,10,Vitória,Vitória,1,0,Visitante,Emerson De Almeida Ferreira,26.0,4.5,180.2,7.2,27.1,3.4,178.8,7.1,Estádio Manoel Barradas,19652
Grêmio,2016,30,13/10/2016,21:00,Quinta,10,Athletico,Vitória,1,0,Mandante,Pericles Bassols Pegado Cortez,27.5,4.2,181.7,7.1,25.5,5.2,180.9,7.0,Arena do Grêmio,16123
Grêmio,2016,31,16/10/2016,18:30,Domingo,10,Santos,Empate,1,1,Visitante,Pablo Dos Santos Alves,23.1,3.6,180.1,7.4,28.0,5.5,181.0,7.5,Estádio Urbano Caldeira,7969
Grêmio,2016,32,23/10/2016,16:00,Domingo,10,Internacional,Empate,0,0,Mandante,Francisco Carlos Do Nascimento,26.8,3.6,180.7,7.2,26.1,4.4,180.5,5.3,Arena do Grêmio,47622
Grêmio,2016,33,29/10/2016,18:30,Sábado,10,Figueirense,Empate,0,0,Visitante,Eduardo Tomaz de Aquino Valadao,23.8,3.1,178.5,7.1,28.4,3.4,181.5,8.2,Orlando Scarpelli,8431
Grêmio,2016,34,07/11/2016,19:00,Segunda,11,Sport Recife,Derrota,0,3,Mandante,Dewson Fernando Freitas da Silva,26.2,4.3,181.6,5.9,27.4,5.6,180.2,6.1,Arena do Grêmio,10845
Grêmio,2016,35,17/11/2016,18:30,Quinta,11,São Paulo,Empate,1,1,Visitante,Jailson Macedo Freitas,27.9,4.2,181.4,6.5,25.1,3.1,178.8,7.1,MorumBIS,21933
Grêmio,2016,36,20/11/2016,16:00,Domingo,11,América Mineiro,Vitória,3,0,Mandante,Wilton Pereira Sampaio,23.8,3.3,178.3,6.8,26.3,4.4,181.4,5.8,Arena do Grêmio,10765
Grêmio,2016,37,27/11/2016,18:30,Domingo,11,Santa Cruz,Derrota,1,5,Visitante,Ricardo Marques Ribeiro,23.8,2.2,177.5,6.5,29.4,5.3,180.5,7.5,Estádio do Arruda,2227
Grêmio,2016,38,11/12/2016,16:00,Domingo,12,Botafogo,Derrota,0,1,Mandante,Jailson Macedo Freitas,23.2,2.0,178.3,7.0,28.4,3.7,180.3,6.3,Arena do Grêmio,14101
Grêmio,2017,1,14/05/2017,19:00,Domingo,05,Botafogo,Vitória,2,0,Mandante,Braulio Da Silva Machado,28.0,5.0,180.2,7.1,26.9,3.8,180.6,6.0,Arena do Grêmio,18551
Grêmio,2017,2,21/05/2017,16:00,Domingo,05,Athletico,Vitória,2,0,Visitante,Marcelo Aparecido Ribeiro de Souza,28.0,5.0,179.7,7.0,28.0,4.4,179.4,6.3,Arena da Baixada,17244
Grêmio,2017,3,28/05/2017,18:00,Domingo,05,Sport Recife,Derrota,3,4,Visitante,Jailson Macedo Freitas,23.7,4.0,180.7,7.4,28.6,6.0,178.2,7.1,Ilha do Retiro,3441
Grêmio,2017,4,04/06/2017,16:00,Domingo,06,Vasco da Gama,Vitória,2,0,Mandante,Sandro Meira Ricci,28.1,5.0,179.7,7.0,25.3,4.4,178.9,7.0,Arena do Grêmio,22578
Grêmio,2017,5,08/06/2017,20:00,Quinta,06,Chapecoense,Vitória,6,3,Visitante,Rodolpho Toski Marques,27.4,4.9,179.7,7.0,27.4,3.1,181.5,7.3,Arena Condá,14403
Grêmio,2017,6,12/06/2017,20:00,Segunda,06,Bahia,Vitória,1,0,Mandante,Eduardo Tomaz de Aquino Valadao,27.3,3.8,179.4,6.4,26.5,3.5,179.5,6.9,Arena do Grêmio,22103
Grêmio,2017,7,15/06/2017,21:00,Quinta,06,Fluminense,Vitória,2,0,Visitante,Elmo Alves Resende Cunha,27.3,3.8,179.4,6.4,24.5,4.1,181.5,6.7,Estádio do Maracanã,11652
Grêmio,2017,8,19/06/2017,20:00,Segunda,06,Cruzeiro,Empate,3,3,Visitante,Raphael Claus,26.4,3.8,178.5,6.4,28.3,4.1,179.2,6.6,Governador Magalhães Pinto,20384
Grêmio,2017,9,22/06/2017,21:00,Quinta,06,Coritiba,Vitória,2,0,Mandante,Pericles Bassols Pegado Cortez,27.9,4.0,180.8,6.9,27.3,4.4,180.9,5.8,Arena do Grêmio,19035
Grêmio,2017,10,25/06/2017,16:00,Domingo,06,Corinthians,Derrota,0,1,Mandante,Wilton Pereira Sampaio,27.4,3.8,179.8,6.9,27.1,4.1,179.7,8.5,Arena do Grêmio,50116
Grêmio,2017,11,01/07/2017,16:00,Sábado,07,Palmeiras,Derrota,0,1,Visitante,Wagner do Nascimento Magalhaes,24.1,3.8,179.6,7.1,29.2,6.5,180.2,5.5,Mercado Livre Arena Pacaembu,31395
Grêmio,2017,12,09/07/2017,16:00,Domingo,07,Avaí,Derrota,0,2,Mandante,Reway Wagner,27.5,4.0,179.2,7.4,27.3,4.0,178.6,7.4,Arena do Grêmio,27222
Grêmio,2017,13,13/07/2017,19:30,Quinta,07,Flamengo,Vitória,1,0,Visitante,Marcelo Aparecido Ribeiro de Souza,27.5,4.0,179.2,7.4,28.0,3.6,179.3,7.1,Estádio Luso Brasileiro,18204
Grêmio,2017,14,16/07/2017,16:00,Domingo,07,Ponte Preta,Vitória,3,1,Mandante,Claudio Francisco Lima E. Silva,27.3,4.0,180.5,7.5,30.1,5.5,177.3,7.2,Arena do Grêmio,19292
Grêmio,2017,15,19/07/2017,19:30,Quarta,07,Vitória,Vitória,3,1,Visitante,Pericles Bassols Pegado Cortez,27.9,4.0,179.8,7.4,28.9,3.6,182.9,7.2,Estádio Manoel Barradas,5541
Grêmio,2017,16,24/07/2017,20:00,Segunda,07,São Paulo,Empate,1,1,Visitante,Ricardo Marques Ribeiro,27.4,3.8,179.4,6.4,27.5,2.8,182.2,7.3,MorumBIS,51511
Grêmio,2017,17,30/07/2017,19:00,Domingo,07,Santos,Empate,1,1,Mandante,Braulio Da Silva Machado,27.9,3.9,179.2,6.6,27.9,4.5,182.7,6.0,Arena do Grêmio,30034
Grêmio,2017,18,02/08/2017,21:45,Quarta,08,Atlético Goianiense,Vitória,1,0,Visitante,Igor Junio Benevenuto,25.6,3.8,177.3,6.0,26.7,2.3,180.5,6.5,Serra Dourada,5253
Grêmio,2017,19,06/08/2017,16:00,Domingo,08,Atlético Mineiro,Vitória,2,0,Mandante,Flavio Rodrigues De Souza,28.2,5.4,179.7,5.6,25.4,4.5,181.5,7.6,Arena do Grêmio,22702
Grêmio,2017,20,13/08/2017,19:00,Domingo,08,Botafogo,Derrota,0,1,Visitante,Reway Wagner,25.2,4.8,179.9,5.7,25.9,4.7,179.3,6.0,Estádio Nilton Santos,6352
Grêmio,2017,21,20/08/2017,11:00,Domingo,08,Athletico,Empate,0,0,Mandante,Jailson Macedo Freitas,26.7,6.0,179.8,5.8,27.0,3.7,181.4,6.3,Arena do Grêmio,15369
Grêmio,2017,22,02/09/2017,16:00,Sábado,09,Sport Recife,Vitória,5,0,Mandante,Andre Luiz de Freitas Castro,28.0,5.0,177.0,6.0,29.6,3.8,179.4,6.9,Arena do Grêmio,17518
Grêmio,2017,23,09/09/2017,18:00,Sábado,09,Vasco da Gama,Derrota,0,1,Visitante,Heber Roberto Lopes,29.1,4.7,178.4,6.8,29.2,4.3,179.6,5.7,Estádio São Januário,N.A
Grêmio,2017,24,17/09/2017,16:00,Domingo,09,Chapecoense,Derrota,0,1,Mandante,Marcelo de Lima Henrique,27.7,5.0,178.5,7.3,27.0,3.6,181.5,6.1,Arena do Grêmio,14618
Grêmio,2017,25,24/09/2017,19:00,Domingo,09,Bahia,Derrota,0,1,Visitante,Luiz Flávio de Oliveira,28.0,3.3,178.3,6.3,26.4,3.7,180.4,6.9,Arena Fonte Nova,12789
Grêmio,2017,26,01/10/2017,16:00,Domingo,10,Fluminense,Vitória,1,0,Mandante,Rafael Traci,28.5,6.0,179.7,7.0,24.9,4.2,181.0,7.6,Arena do Grêmio,15727
Grêmio,2017,27,11/10/2017,21:45,Quarta,10,Cruzeiro,Derrota,0,1,Mandante,Rodrigo Batista Raposo,28.1,4.7,182.1,6.3,29.2,3.3,179.7,6.3,Arena do Grêmio,7851
Grêmio,2017,28,15/10/2017,18:00,Domingo,10,Coritiba,Vitória,1,0,Visitante,Andre Luiz de Freitas Castro,28.6,4.0,180.2,7.6,27.2,3.4,178.6,5.4,Estádio Major Antônio Couto Pereira,10814
Grêmio,2017,29,18/10/2017,20:45,Quarta,10,Corinthians,Empate,0,0,Visitante,Heber Roberto Lopes,28.0,4.1,180.3,7.5,26.6,4.3,179.3,8.8,Neo Química Arena,40008
Grêmio,2017,30,22/10/2017,16:00,Domingo,10,Palmeiras,Derrota,1,3,Mandante,Ricardo Marques Ribeiro,28.5,4.8,180.9,5.7,28.7,4.9,180.2,6.6,Arena do Grêmio,16238
Grêmio,2017,31,29/10/2017,18:00,Domingo,10,Avaí,Empate,2,2,Visitante,Dewson Fernando Freitas da Silva,26.0,4.6,181.0,5.7,27.4,4.9,180.7,6.6,Estádio da Ressacada,9880
Grêmio,2017,32,05/11/2017,16:00,Domingo,11,Flamengo,Vitória,3,1,Mandante,Raphael Claus,28.2,3.4,179.3,7.1,28.3,3.7,179.5,6.9,Arena do Grêmio,18199
Grêmio,2017,33,08/11/2017,18:30,Quarta,11,Ponte Preta,Vitória,1,0,Visitante,Sandro Meira Ricci,28.1,5.1,181.4,6.9,28.9,6.2,180.7,6.2,Moisés Lucarelli,6226
Grêmio,2017,34,12/11/2017,16:00,Domingo,11,Vitória,Empate,1,1,Mandante,Marcelo Aparecido Ribeiro de Souza,28.0,5.5,180.0,7.5,25.9,4.1,181.0,7.1,Arena do Grêmio,14021
Grêmio,2017,35,15/11/2017,18:30,Quarta,11,São Paulo,Vitória,1,0,Mandante,Rodolpho Toski Marques,28.1,4.1,180.3,7.5,28.4,4.1,182.0,4.9,Arena do Grêmio,20542
Grêmio,2017,36,19/11/2017,18:00,Domingo,11,Santos,Derrota,0,1,Visitante,Pericles Bassols Pegado Cortez,24.5,4.7,179.8,6.2,29.2,5.2,182.3,6.1,Estádio Urbano Caldeira,4206
Grêmio,2017,37,26/11/2017,16:00,Domingo,11,Atlético Goianiense,Empate,1,1,Mandante,Bruno Arleu de Araujo,24.4,5.3,179.7,6.1,26.4,2.6,181.7,5.1,Arena do Grêmio,6783
Grêmio,2017,38,03/12/2017,16:00,Domingo,12,Atlético Mineiro,Derrota,3,4,Visitante,Marcelo Aparecido Ribeiro de Souza,21.1,3.4,179.9,6.4,29.9,5.6,180.5,8.4,Arena Independência,19116
Grêmio,2018,1,14/04/2018,16:00,Sábado,04,Cruzeiro,Vitória,1,0,Visitante,Rodolpho Toski Marques,29.2,5.0,179.3,6.1,31.3,3.1,180.5,6.5,Governador Magalhães Pinto,19285
Grêmio,2018,2,22/04/2018,19:00,Domingo,04,Athletico,Empate,0,0,Mandante,Raphael Claus,28.5,5.2,179.9,6.8,28.9,4.0,181.6,4.9,Arena do Grêmio,22049
Grêmio,2018,3,28/04/2018,16:00,Sábado,04,Botafogo,Derrota,1,2,Visitante,Vinicius Goncalves Dias Araujo,27.6,2.9,182.1,4.2,27.3,4.6,181.2,7.0,Estádio Nilton Santos,10748
Grêmio,2018,4,06/05/2018,19:00,Domingo,05,Santos,Vitória,5,1,Mandante,Pericles Bassols Pegado Cortez,28.7,5.1,179.7,6.7,25.2,4.3,180.4,6.8,Arena do Grêmio,25779
Grêmio,2018,5,12/05/2018,16:00,Sábado,05,Internacional,Empate,0,0,Mandante,Wilton Pereira Sampaio,27.5,3.8,180.9,5.5,26.7,2.9,181.8,6.9,Arena do Grêmio,48035
Grêmio,2018,6,20/05/2018,16:00,Domingo,05,Paraná Clube,Empate,0,0,Visitante,Rodrigo Batista Raposo,29.1,4.6,181.2,5.6,25.2,3.5,179.7,6.0,Durival Britto e Silva,7776
Grêmio,2018,7,27/05/2018,19:00,Domingo,05,Ceará,Vitória,1,0,Visitante,Reway Wagner,29.0,5.0,180.6,6.0,29.8,2.7,178.0,8.0,Estádio Governador Plácido Castelo,14995
Grêmio,2018,8,30/05/2018,21:45,Quarta,05,Fluminense,Empate,0,0,Mandante,Luiz Flávio de Oliveira,27.7,3.9,181.8,3.5,24.9,3.1,181.4,8.7,Arena do Grêmio,18149
Grêmio,2018,9,03/06/2018,16:00,Domingo,06,Bahia,Vitória,2,0,Visitante,Pericles Bassols Pegado Cortez,26.2,4.0,181.2,6.0,26.7,4.0,181.2,8.9,Arena Fonte Nova,15623
Grêmio,2018,10,06/06/2018,21:45,Quarta,06,Palmeiras,Derrota,0,2,Mandante,Rafael Traci,26.3,3.9,180.7,4.6,28.8,4.2,179.3,6.2,Arena do Grêmio,26556
Grêmio,2018,11,10/06/2018,16:00,Domingo,06,América Mineiro,Vitória,1,0,Mandante,Rodrigo D'alonso Ferreira,28.0,5.3,180.2,4.6,26.8,4.0,181.3,6.5,Arena do Grêmio,12953
Grêmio,2018,12,13/06/2018,19:30,Quarta,06,Sport Recife,Empate,0,0,Visitante,Ricardo Marques Ribeiro,28.3,5.3,179.9,5.9,28.6,3.1,181.5,7.0,Ilha do Retiro,14430
Grêmio,2018,13,18/07/2018,21:45,Quarta,07,Atlético Mineiro,Vitória,2,0,Mandante,Flavio Rodrigues De Souza,29.8,4.9,180.6,6.3,28.9,5.1,176.6,9.2,Arena do Grêmio,20311
Grêmio,2018,14,22/07/2018,16:00,Domingo,07,Vasco da Gama,Derrota,0,1,Visitante,Igor Junio Benevenuto,28.9,5.1,181.4,6.5,26.6,4.0,178.5,5.8,Estádio São Januário,8242
Grêmio,2018,15,26/07/2018,19:30,Quinta,07,São Paulo,Vitória,2,1,Mandante,Grazianni Maciel Rocha,28.6,4.1,181.3,6.3,29.3,5.0,181.0,5.5,Arena do Grêmio,19865
Grêmio,2018,16,29/07/2018,19:00,Domingo,07,Chapecoense,Empate,1,1,Visitante,Rodrigo Carvalhaes de Miranda,27.0,5.0,180.7,5.6,28.2,4.7,179.3,6.1,Arena Condá,14382
Grêmio,2018,17,04/08/2018,19:00,Sábado,08,Flamengo,Vitória,2,0,Mandante,Rafael Traci,27.5,4.6,180.7,5.7,26.9,5.7,179.4,4.3,Arena do Grêmio,14649
Grêmio,2018,18,12/08/2018,19:00,Domingo,08,Vitória,Vitória,4,0,Mandante,Bruno Arleu de Araujo,27.8,5.0,180.0,5.8,24.8,3.3,178.8,8.2,Arena do Grêmio,16146
Grêmio,2018,19,18/08/2018,19:00,Sábado,08,Corinthians,Vitória,1,0,Visitante,Reway Wagner,27.7,4.2,181.5,7.0,27.9,4.7,178.1,7.5,Neo Química Arena,32583
Grêmio,2018,20,22/08/2018,21:45,Quarta,08,Cruzeiro,Empate,1,1,Mandante,Marcelo de Lima Henrique,29.1,5.0,181.0,6.4,29.9,5.0,179.8,7.8,Arena do Grêmio,12773
Grêmio,2018,21,25/08/2018,19:00,Sábado,08,Athletico,Derrota,1,2,Visitante,Marcelo Aparecido Ribeiro de Souza,28.1,4.8,179.5,5.4,26.3,4.9,179.5,6.6,Arena da Baixada,12188
Grêmio,2018,22,01/09/2018,16:00,Sábado,09,Botafogo,Vitória,4,0,Mandante,Jailson Macedo Freitas,30.3,4.7,180.5,6.2,24.5,3.0,181.5,6.9,Arena do Grêmio,14852
Grêmio,2018,23,06/09/2018,19:00,Quinta,09,Santos,Empate,0,0,Visitante,Wilton Pereira Sampaio,27.3,4.4,180.6,6.4,25.5,4.3,180.2,7.8,Estádio Urbano Caldeira,16083
Grêmio,2018,24,09/09/2018,16:00,Domingo,09,Internacional,Derrota,0,1,Visitante,Pericles Bassols Pegado Cortez,29.4,4.8,180.5,6.2,27.8,2.8,180.9,5.5,Estádio Beira-Rio,41742
Grêmio,2018,25,15/09/2018,16:00,Sábado,09,Paraná Clube,Vitória,2,0,Mandante,Igor Junio Benevenuto,27.5,6.5,178.5,5.0,26.6,2.9,180.5,4.4,Arena do Grêmio,19278
Grêmio,2018,26,23/09/2018,11:00,Domingo,09,Ceará,Vitória,3,2,Mandante,Dewson Fernando Freitas da Silva,29.5,5.4,180.5,6.2,27.8,4.9,178.9,8.5,Arena do Grêmio,36789
Grêmio,2018,27,29/09/2018,16:00,Sábado,09,Fluminense,Vitória,1,0,Visitante,Raphael Claus,27.4,5.1,180.3,5.0,25.9,4.1,180.2,8.8,Estádio do Maracanã,8721
Grêmio,2018,28,06/10/2018,21:00,Sábado,10,Bahia,Empate,2,2,Mandante,Rodolpho Toski Marques,27.8,4.5,181.2,5.2,27.5,4.4,180.1,7.8,Arena do Grêmio,29612
Grêmio,2018,29,14/10/2018,16:00,Domingo,10,Palmeiras,Derrota,0,2,Visitante,Ricardo Marques Ribeiro,28.6,4.3,182.1,4.9,28.9,4.1,180.7,6.6,Mercado Livre Arena Pacaembu,35812
Grêmio,2018,30,20/10/2018,16:00,Sábado,10,América Mineiro,Empate,1,1,Visitante,Luiz Flávio de Oliveira,25.6,4.3,180.8,4.8,28.6,4.2,179.8,8.7,Arena Independência,5821
Grêmio,2018,31,27/10/2018,16:30,Sábado,10,Sport Recife,Derrota,3,4,Mandante,Dewson Fernando Freitas da Silva,26.4,4.9,180.5,4.6,27.1,4.3,182.0,6.4,Arena do Grêmio,12165
Grêmio,2018,32,03/11/2018,17:00,Sábado,11,Atlético Mineiro,Vitória,1,0,Visitante,Wagner do Nascimento Magalhaes,27.0,4.5,179.9,6.6,30.3,6.2,181.9,8.0,Arena Independência,16758
Grêmio,2018,33,11/11/2018,16:00,Domingo,11,Vasco da Gama,Vitória,2,1,Mandante,Raphael Claus,31.0,4.4,180.9,5.5,26.9,5.2,180.6,5.9,Arena do Grêmio,20763
Grêmio,2018,34,15/11/2018,18:00,Quinta,11,São Paulo,Empate,1,1,Visitante,Pericles Bassols Pegado Cortez,28.6,4.0,181.1,6.4,28.3,4.5,181.2,4.5,MorumBIS,24757
Grêmio,2018,35,18/11/2018,18:00,Domingo,11,Chapecoense,Vitória,2,0,Mandante,Leandro Bizzio Marinho,29.8,5.3,180.5,5.2,29.1,4.1,181.0,7.1,Arena do Grêmio,13266
Grêmio,2018,36,21/11/2018,20:45,Quarta,11,Flamengo,Derrota,0,2,Visitante,Braulio Da Silva Machado,27.2,4.7,179.8,6.5,29.5,3.2,180.8,8.0,Estádio do Maracanã,36978
Grêmio,2018,37,25/11/2018,16:00,Domingo,11,Vitória,Empate,0,0,Visitante,Raphael Claus,29.5,5.3,179.8,6.2,24.5,3.4,178.8,6.4,Estádio Manoel Barradas,4283
Grêmio,2018,38,02/12/2018,16:00,Domingo,12,Corinthians,Vitória,1,0,Mandante,Ricardo Marques Ribeiro,30.1,4.7,178.6,5.8,25.8,5.3,178.3,8.2,Arena do Grêmio,38974
Grêmio,2019,1,28/04/2019,11:00,Domingo,04,Santos,Derrota,1,2,Mandante,Bruno Arleu de Araujo,27.5,4.7,181.0,5.1,26.0,4.1,180.2,10.3,Arena do Grêmio,32318
Grêmio,2019,2,01/05/2019,19:15,Quarta,05,Avaí,Empate,1,1,Visitante,Wagner do Nascimento Magalhaes,27.1,4.6,180.3,5.5,27.6,4.9,182.8,7.4,Estádio da Ressacada,12181
Grêmio,2019,3,05/05/2019,19:00,Domingo,05,Fluminense,Derrota,4,5,Mandante,Raphael Claus,28.7,5.6,179.8,5.3,27.1,4.1,181.3,5.5,Arena do Grêmio,8390
Grêmio,2019,4,11/05/2019,19:00,Sábado,05,Corinthians,Empate,0,0,Visitante,Marcelo de Lima Henrique,26.6,4.0,179.5,5.6,29.0,4.2,177.5,9.3,Neo Química Arena,36360
Grêmio,2019,5,19/05/2019,19:00,Domingo,05,Ceará,Derrota,1,2,Visitante,Igor Junio Benevenuto,26.5,4.0,180.1,5.6,28.7,2.8,179.7,6.4,Estádio Governador Plácido Castelo,17506
Grêmio,2019,6,25/05/2019,19:00,Sábado,05,Atlético Mineiro,Vitória,1,0,Mandante,Rafael Traci,26.7,4.7,181.2,5.7,30.6,5.6,179.5,8.7,Arena do Grêmio,13714
Grêmio,2019,7,01/06/2019,19:00,Sábado,06,Bahia,Derrota,0,1,Visitante,Dewson Fernando Freitas da Silva,25.2,4.3,180.9,5.8,28.2,4.2,180.3,9.0,Arena Fonte Nova,26930
Grêmio,2019,8,08/06/2019,19:00,Sábado,06,Fortaleza,Vitória,1,0,Mandante,Savio Pereira Sampaio,28.4,6.4,182.4,4.8,29.4,3.4,177.5,6.6,Arena do Grêmio,3761
Grêmio,2019,9,12/06/2019,19:15,Quarta,06,Botafogo,Vitória,1,0,Visitante,Marcelo Aparecido Ribeiro de Souza,25.9,4.4,181.2,4.7,28.7,5.4,181.0,6.3,Estadio Nilton Santos,17757
Grêmio,2019,10,13/07/2019,17:00,Sábado,07,Vasco da Gama,Vitória,2,1,Mandante,Rodolpho Toski Marques,26.7,6.0,181.4,5.0,27.2,3.8,181.0,7.0,Arena do Grêmio,9701
Grêmio,2019,11,20/07/2019,19:00,Sábado,07,Internacional,Empate,1,1,Visitante,Anderson Daronco,29.3,5.4,181.8,4.9,27.2,4.5,177.4,6.9,Estádio Beira-Rio,35103
Grêmio,2019,12,29/07/2019,20:00,Segunda,07,CSA,Empate,0,0,Visitante,Caio Max Augusto Vieira,29.2,5.8,181.2,6.0,29.6,2.7,180.2,8.3,Estádio Rei Pelé,11918
Grêmio,2019,13,05/08/2019,20:00,Segunda,08,Chapecoense,Empate,3,3,Mandante,Felipe Fernandes de Lima,27.8,4.7,181.0,5.1,29.3,4.7,178.4,5.3,Arena do Grêmio,13418
Grêmio,2019,14,10/08/2019,19:00,Sábado,08,Flamengo,Derrota,1,3,Visitante,Braulio Da Silva Machado,27.9,5.6,180.6,5.4,27.9,4.4,181.5,5.7,Estádio do Maracanã,57644
Grêmio,2019,15,17/08/2019,21:00,Sábado,08,Palmeiras,Empate,1,1,Mandante,Wagner do Nascimento Magalhaes,29.7,5.5,181.2,5.4,26.6,2.6,180.6,6.5,Arena do Grêmio,12897
Grêmio,2019,16,24/08/2019,17:00,Sábado,08,Athletico,Vitória,2,1,Mandante,Bruno Arleu de Araujo,28.1,4.0,182.3,4.5,24.7,4.4,179.5,6.8,Arena do Grêmio,12748
Grêmio,2019,17,31/08/2019,11:00,Sábado,08,São Paulo,Empate,0,0,Visitante,Caio Max Augusto Vieira,28.2,3.9,181.2,4.9,28.5,4.9,179.0,5.7,MorumBIS,46997
Grêmio,2019,18,08/09/2019,11:00,Domingo,09,Cruzeiro,Vitória,4,1,Visitante,Rafael Traci,28.4,4.5,180.2,5.2,31.0,5.2,180.1,5.1,Arena Independência,14208
Grêmio,2019,19,15/09/2019,16:00,Domingo,09,Goiás,Vitória,3,0,Mandante,Savio Pereira Sampaio,28.5,4.4,180.1,4.9,28.3,4.0,180.9,6.5,Arena do Grêmio,35584
Grêmio,2019,20,21/09/2019,21:00,Sábado,09,Santos,Vitória,3,0,Visitante,Paulo Roberto Alves Junior,28.7,3.9,179.6,4.6,27.5,3.5,178.0,9.4,Estádio Urbano Caldeira,10898
Grêmio,2019,21,26/09/2019,20:00,Quinta,09,Avaí,Vitória,6,1,Mandante,Rodolpho Toski Marques,28.7,3.8,180.3,4.2,26.0,4.2,181.8,5.1,Arena do Grêmio,14861
Grêmio,2019,22,29/09/2019,16:00,Domingo,09,Fluminense,Derrota,1,2,Visitante,Caio Max Augusto Vieira,27.5,5.7,181.5,5.8,26.1,5.4,181.3,5.2,Estádio do Maracanã,17791
Grêmio,2019,23,05/10/2019,19:00,Sábado,10,Corinthians,Empate,0,0,Mandante,Bruno Arleu de Araujo,29.9,5.2,180.3,4.8,29.0,4.7,177.7,9.6,Arena do Grêmio,14596
Grêmio,2019,24,09/10/2019,21:00,Quarta,10,Ceará,Vitória,2,1,Mandante,Edina Alves Batista,31.5,4.8,180.6,5.3,29.4,3.9,181.3,6.6,Arena do Grêmio,6078
Grêmio,2019,25,13/10/2019,19:00,Domingo,10,Atlético Mineiro,Vitória,4,1,Visitante,Luiz Flávio de Oliveira,29.8,3.5,181.5,5.2,28.3,5.3,178.9,8.8,Arena Independência,12974
Grêmio,2019,26,16/10/2019,19:15,Quarta,10,Bahia,Derrota,0,1,Mandante,Rodolpho Toski Marques,30.5,5.4,180.2,5.1,27.8,4.2,179.6,7.6,Arena do Grêmio,11757
Grêmio,2019,27,19/10/2019,17:00,Sábado,10,Fortaleza,Derrota,1,2,Visitante,Andre Luiz de Freitas Castro,26.9,3.7,181.6,4.2,29.7,4.2,176.8,9.3,Estádio Governador Plácido Castelo,26801
Grêmio,2019,28,27/10/2019,16:00,Domingo,10,Botafogo,Vitória,3,0,Mandante,Rafael Traci,30.5,5.4,180.3,5.1,28.7,4.3,179.9,7.4,Arena do Grêmio,7608
Grêmio,2019,29,30/10/2019,21:30,Quarta,10,Vasco da Gama,Vitória,3,1,Visitante,Wilton Pereira Sampaio,30.7,4.7,181.1,4.6,26.1,5.2,182.0,6.7,Estádio São Januário,15708
Grêmio,2019,30,03/11/2019,18:00,Domingo,11,Internacional,Vitória,2,0,Mandante,Flavio Rodrigues De Souza,29.4,4.3,180.8,5.0,30.4,3.4,180.4,7.6,Arena do Grêmio,40618
Grêmio,2019,31,07/11/2019,21:00,Quinta,11,CSA,Vitória,2,1,Mandante,Jose Mendonca da Silva Junior,30.6,5.4,180.3,5.1,29.4,4.6,179.2,8.5,Arena do Grêmio,11334
Grêmio,2019,32,10/11/2019,19:00,Domingo,11,Chapecoense,Vitória,1,0,Visitante,Marcelo de Lima Henrique,27.2,4.4,179.2,5.1,30.4,3.8,179.1,5.8,Arena Condá,13335
Grêmio,2019,33,17/11/2019,16:00,Domingo,11,Flamengo,Derrota,0,1,Mandante,Raphael Claus,31.7,4.6,180.6,5.4,26.5,5.4,179.7,6.4,Arena do Grêmio,28541
Grêmio,2019,34,24/11/2019,16:00,Domingo,11,Palmeiras,Vitória,2,1,Visitante,Wilton Pereira Sampaio,30.6,5.4,180.3,5.1,28.7,1.8,179.9,6.0,Nubank Parque,22767
Grêmio,2019,35,27/11/2019,21:30,Quarta,11,Athletico,Derrota,0,2,Visitante,Bruno Arleu de Araujo,29.0,4.0,180.0,5.1,29.9,4.1,178.6,7.4,Arena da Baixada,20974
Grêmio,2019,36,01/12/2019,19:00,Domingo,12,São Paulo,Vitória,3,0,Mandante,Marcelo de Lima Henrique,30.3,5.2,179.8,5.3,27.4,5.3,180.5,5.7,Arena do Grêmio,22039
Grêmio,2019,37,05/12/2019,19:15,Quinta,12,Cruzeiro,Vitória,2,0,Mandante,Andre Luiz de Freitas Castro,28.6,4.2,179.8,4.5,30.0,6.2,182.3,3.7,Arena do Grêmio,18306
Grêmio,2019,38,08/12/2019,16:00,Domingo,12,Goiás,Derrota,2,3,Visitante,Ricardo Marques Ribeiro,21.6,0.8,179.0,5.3,27.8,3.8,180.1,6.7,Serra Dourada,7145
Grêmio,2020,1,09/08/2020,19:00,Domingo,08,Fluminense,Vitória,1,0,Mandante,Wilton Pereira Sampaio,30.1,4.8,182.4,6.0,27.4,5.7,180.5,6.1,Arena do Grêmio,0
Grêmio,2020,2,12/08/2020,21:30,Quarta,08,Ceará,Empate,1,1,Visitante,Dewson Fernando Freitas da Silva,27.0,4.2,180.4,5.2,27.5,5.5,182.3,8.9,Estádio Governador Plácido Castelo,0
Grêmio,2020,3,15/08/2020,19:00,Sábado,08,Corinthians,Empate,0,0,Mandante,Bruno Arleu de Araujo,29.5,5.4,182.2,6.2,29.2,3.3,180.5,8.3,Arena do Grêmio,0
Grêmio,2020,4,19/08/2020,19:15,Quarta,08,Flamengo,Empate,1,1,Visitante,Rafael Traci,29.5,5.4,182.2,6.2,27.9,4.3,181.5,4.8,Estádio do Maracanã,0
Grêmio,2020,5,23/08/2020,16:00,Domingo,08,Vasco da Gama,Empate,0,0,Visitante,Savio Pereira Sampaio,27.4,4.3,180.3,4.4,26.8,5.5,179.8,5.7,Estádio São Januário,0
Grêmio,2020,7,03/09/2020,19:00,Quinta,09,Sport Recife,Derrota,1,2,Mandante,Dyorgines Jose Padovani de Andrade,30.9,4.5,181.8,6.3,27.5,4.2,179.9,7.1,Arena do Grêmio,0
Grêmio,2020,8,06/09/2020,19:00,Domingo,09,Atlético Goianiense,Empate,1,1,Visitante,Ricardo Marques Ribeiro,29.8,4.7,181.5,6.4,24.9,2.4,179.2,7.2,Serra Dourada,0
Grêmio,2020,9,10/09/2020,19:15,Quinta,09,Bahia,Vitória,2,0,Visitante,Jose Mendonca da Silva Junior,29.4,5.1,180.5,6.7,27.7,4.2,179.1,7.1,Arena Fonte Nova,0
Grêmio,2020,10,13/09/2020,16:00,Domingo,09,Fortaleza,Empate,1,1,Mandante,Igor Junio Benevenuto,30.8,5.0,181.7,7.0,30.2,4.7,177.5,7.3,Arena do Grêmio,0
Grêmio,2020,11,20/09/2020,16:00,Domingo,09,Palmeiras,Empate,1,1,Mandante,Rodrigo D'alonso Ferreira,30.1,4.6,180.3,7.2,28.1,5.8,178.2,5.9,Arena do Grêmio,0
Grêmio,2020,12,26/09/2020,21:00,Sábado,09,Atlético Mineiro,Derrota,1,3,Visitante,Caio Max Augusto Vieira,28.4,4.5,178.9,5.6,25.9,3.0,178.4,7.3,Arena Independência,0
Grêmio,2020,13,03/10/2020,17:00,Sábado,10,Internacional,Empate,1,1,Mandante,Raphael Claus,29.1,5.0,180.9,6.6,29.9,4.0,180.9,5.4,Arena do Grêmio,0
Grêmio,2020,14,07/10/2020,19:15,Quarta,10,Coritiba,Vitória,2,1,Mandante,Ramon Abatti Abel,29.9,4.7,180.9,6.7,26.3,4.9,181.7,4.9,Arena do Grêmio,0
Grêmio,2020,15,11/10/2020,16:00,Domingo,10,Santos,Derrota,1,2,Visitante,Braulio Da Silva Machado,30.0,4.6,181.7,6.3,26.0,4.0,179.4,7.1,Estádio Urbano Caldeira,0
Grêmio,2020,16,14/10/2020,19:15,Quarta,10,Botafogo,Vitória,3,1,Mandante,Luiz Flávio de Oliveira,30.3,5.1,181.3,7.5,25.3,5.2,181.4,7.8,Arena do Grêmio,0
Grêmio,2020,17,17/10/2020,21:00,Sábado,10,São Paulo,Empate,0,0,Visitante,Rafael Traci,28.8,5.2,181.0,6.3,26.3,5.2,179.3,5.0,MorumBIS,0
Grêmio,2020,18,25/10/2020,18:15,Domingo,10,Athletico,Vitória,2,1,Visitante,Flavio Rodrigues De Souza,27.6,4.4,180.6,5.0,27.0,5.6,179.9,5.5,Arena da Baixada,0
Grêmio,2020,19,02/11/2020,20:00,Segunda,11,Red Bull Bragantino,Vitória,2,1,Mandante,Savio Pereira Sampaio,29.2,5.3,181.6,6.8,26.8,4.5,179.7,6.2,Arena do Grêmio,0
Grêmio,2020,20,08/11/2020,20:30,Domingo,11,Fluminense,Vitória,1,0,Visitante,Edina Alves Batista,26.4,4.2,181.0,5.3,28.2,4.5,180.5,6.7,Estádio do Maracanã,0
Grêmio,2020,21,14/11/2020,19:00,Sábado,11,Ceará,Vitória,4,2,Mandante,Jose Mendonca da Silva Junior,27.7,5.4,181.3,6.5,30.1,5.5,180.6,9.1,Arena do Grêmio,0
Grêmio,2020,22,22/11/2020,20:30,Domingo,11,Corinthians,Empate,0,0,Visitante,Caio Max Augusto Vieira,27.8,5.8,181.9,6.8,29.5,3.7,179.0,8.6,Neo Química Arena,0
Grêmio,2020,6,30/11/2020,18:00,Segunda,11,Goiás,Vitória,2,1,Mandante,Rodrigo D'alonso Ferreira,29.1,5.8,182.9,6.1,26.3,4.7,182.1,9.1,Arena do Grêmio,0
Grêmio,2020,24,06/12/2020,16:00,Domingo,12,Vasco da Gama,Vitória,4,0,Mandante,Raphael Claus,30.3,4.9,181.2,5.4,27.0,5.5,182.4,6.1,Arena do Grêmio,0
Grêmio,2020,25,12/12/2020,21:00,Sábado,12,Goiás,Empate,0,0,Visitante,Edina Alves Batista,27.4,4.6,181.2,6.3,27.2,5.6,185.9,5.9,Serra Dourada,0
Grêmio,2020,26,19/12/2020,19:00,Sábado,12,Sport Recife,Empate,1,1,Visitante,Jose Mendonca da Silva Junior,28.0,4.9,181.7,6.0,27.5,3.7,181.8,6.2,Ilha do Retiro,0
Grêmio,2020,27,27/12/2020,20:30,Domingo,12,Atlético Goianiense,Vitória,2,1,Mandante,Felipe Fernandes de Lima,27.8,5.3,180.5,6.9,26.8,2.8,180.2,5.1,Arena do Grêmio,0
Grêmio,2020,28,06/01/2021,19:15,Quarta,01,Bahia,Vitória,2,1,Mandante,Ramon Abatti Abel,27.1,5.2,181.3,6.5,27.5,5.2,179.2,6.5,Arena do Grêmio,0
Grêmio,2020,29,09/01/2021,21:00,Sábado,01,Fortaleza,Empate,0,0,Visitante,Jefferson Ferreira de Moraes,29.1,4.0,180.4,5.1,30.7,4.2,177.7,8.1,Estádio Governador Plácido Castelo,0
Grêmio,2020,30,15/01/2021,21:30,Sexta,01,Palmeiras,Empate,1,1,Visitante,Bruno Arleu de Araujo,28.2,4.9,181.6,6.1,27.9,3.4,178.9,6.5,Nubank Parque,0
Grêmio,2020,31,20/01/2021,19:15,Quarta,01,Atlético Mineiro,Empate,1,1,Mandante,Raphael Claus,28.6,4.6,182.3,5.8,27.7,4.0,179.4,8.4,Arena do Grêmio,0
Grêmio,2020,32,24/01/2021,16:00,Domingo,01,Internacional,Derrota,1,2,Visitante,Luiz Flávio de Oliveira,29.5,4.9,181.8,6.3,26.1,5.2,181.9,5.9,Estádio Beira-Rio,0
Grêmio,2020,23,28/01/2021,20:00,Quinta,01,Flamengo,Derrota,2,4,Mandante,Rodolpho Toski Marques,28.3,4.9,181.7,6.0,29.0,4.4,181.8,8.2,Arena do Grêmio,0
Grêmio,2020,33,31/01/2021,16:00,Domingo,01,Coritiba,Empate,1,1,Visitante,Vinicius Goncalves Dias Araujo,27.2,5.1,179.6,5.3,25.9,4.9,178.7,5.7,Estádio Major Antônio Couto Pereira,0
Grêmio,2020,34,03/02/2021,16:00,Quarta,02,Santos,Empate,3,3,Mandante,Wilton Pereira Sampaio,28.4,4.8,181.6,6.1,25.2,4.4,181.3,8.0,Arena do Grêmio,0
Grêmio,2020,35,08/02/2021,20:00,Segunda,02,Botafogo,Vitória,5,2,Visitante,Rodrigo D'alonso Ferreira,28.9,5.4,180.7,5.3,21.4,2.4,180.4,6.4,Estadio Nilton Santos,0
Grêmio,2020,36,14/02/2021,20:30,Domingo,02,São Paulo,Derrota,1,2,Mandante,Paulo Roberto Alves Junior,29.4,5.3,182.0,6.2,28.4,4.1,180.8,7.0,Arena do Grêmio,0
Grêmio,2020,37,21/02/2021,18:15,Domingo,02,Athletico,Vitória,1,0,Mandante,Ricardo Marques Ribeiro,29.5,4.3,179.9,4.9,28.1,5.2,179.5,7.4,Arena do Grêmio,0
Grêmio,2020,38,25/02/2021,21:30,Quinta,02,Red Bull Bragantino,Derrota,0,1,Visitante,Ramon Abatti Abel,27.1,5.1,180.4,6.4,27.3,4.3,180.3,7.1,Estádio Nabi Abi Chedid,0
Grêmio,2021,1,30/05/2021,16:00,Domingo,05,Ceará,Derrota,2,3,Visitante,Savio Pereira Sampaio,24.9,5.1,180.6,5.7,25.5,3.5,182.0,8.1,Estádio Governador Plácido Castelo,0
Grêmio,2021,3,13/06/2021,16:00,Domingo,06,Athletico,Derrota,0,1,Mandante,Ricardo Marques Ribeiro,29.0,5.7,180.6,5.4,25.7,3.8,183.6,5.4,Arena do Grêmio,0
Grêmio,2021,4,17/06/2021,19:00,Quinta,06,Sport Recife,Derrota,0,1,Visitante,Denis da Silva Ribeiro Serafim,30.1,5.4,180.5,5.2,27.0,2.5,182.7,8.6,Ilha do Retiro,0
Grêmio,2021,6,24/06/2021,21:30,Quinta,06,Santos,Empate,2,2,Mandante,Caio Max Augusto Vieira,28.1,5.9,181.0,6.5,26.5,4.5,178.3,7.4,Arena do Grêmio,0
Grêmio,2021,7,27/06/2021,20:00,Domingo,06,Fortaleza,Empate,0,0,Mandante,Marcelo de Lima Henrique,29.0,5.5,181.0,6.5,27.7,3.4,178.3,6.1,Arena do Grêmio,0
Grêmio,2021,8,30/06/2021,21:30,Quarta,06,Juventude,Derrota,0,2,Visitante,Vinicius Goncalves Dias Araujo,28.5,5.8,180.4,7.1,27.5,3.9,181.6,6.0,Estádio Alfredo Jaconi,0
Grêmio,2021,9,04/07/2021,20:30,Domingo,07,Atlético Goianiense,Derrota,0,1,Mandante,Marielson Alves Silva,28.3,5.5,180.8,6.0,25.7,3.9,182.3,5.2,Arena do Grêmio,0
Grêmio,2021,10,07/07/2021,19:00,Quarta,07,Palmeiras,Derrota,0,2,Visitante,Felipe Fernandes de Lima,28.1,5.9,179.9,6.3,26.5,5.1,178.2,5.5,Nubank Parque,0
Grêmio,2021,11,10/07/2021,16:30,Sábado,07,Internacional,Empate,0,0,Mandante,Flavio Rodrigues De Souza,28.9,6.0,180.9,6.6,27.1,4.4,180.6,5.5,Arena do Grêmio,0
Grêmio,2021,12,17/07/2021,21:00,Sábado,07,Fluminense,Vitória,1,0,Visitante,Paulo Roberto Alves Junior,26.5,6.3,181.6,6.3,27.6,6.0,179.2,6.2,Estádio do Maracanã,0
Grêmio,2021,13,24/07/2021,17:00,Sábado,07,América Mineiro,Empate,1,1,Mandante,Alisson Sidnei Furtado,25.4,5.4,181.8,6.5,28.7,5.4,181.5,7.2,Arena do Grêmio,0
Grêmio,2021,14,31/07/2021,21:00,Sábado,07,Red Bull Bragantino,Derrota,0,1,Visitante,Ricardo Marques Ribeiro,25.3,5.4,180.5,6.9,25.9,4.9,180.9,6.9,Estádio Nabi Abi Chedid,0
Grêmio,2021,15,09/08/2021,20:00,Segunda,08,Chapecoense,Vitória,2,1,Mandante,Marcelo de Lima Henrique,27.3,5.3,180.5,6.9,27.0,4.4,181.5,4.3,Arena do Grêmio,0
Grêmio,2021,16,14/08/2021,21:00,Sábado,08,São Paulo,Derrota,1,2,Visitante,Braulio Da Silva Machado,27.8,5.1,181.5,6.3,26.2,5.3,179.7,6.0,MorumBIS,0
Grêmio,2021,5,18/08/2021,19:00,Quarta,08,Cuiabá,Vitória,1,0,Visitante,Leo Simao Holanda,27.6,5.4,180.4,6.7,28.7,4.2,179.9,6.3,Estádio Eurico Gaspar Dutra,0
Grêmio,2021,17,21/08/2021,19:00,Sábado,08,Bahia,Vitória,2,0,Mandante,Caio Max Augusto Vieira,27.3,4.9,179.9,6.8,27.2,4.4,181.1,8.1,Arena do Grêmio,0
Grêmio,2021,18,28/08/2021,21:00,Sábado,08,Corinthians,Derrota,0,1,Mandante,Ricardo Marques Ribeiro,25.6,4.8,179.3,7.2,29.0,5.2,179.9,8.8,Arena do Grêmio,0
Grêmio,2021,20,12/09/2021,11:00,Domingo,09,Ceará,Vitória,2,0,Mandante,Flavio Rodrigues De Souza,26.8,5.6,180.9,6.4,29.7,2.9,181.6,6.2,Arena do Grêmio,0
Grêmio,2021,21,19/09/2021,20:30,Domingo,09,Flamengo,Vitória,1,0,Visitante,Marielson Alves Silva,26.4,4.6,180.5,6.3,29.0,3.5,178.5,6.1,Estádio do Maracanã,0
Grêmio,2021,22,26/09/2021,18:15,Domingo,09,Athletico,Derrota,2,4,Visitante,Luiz Flávio de Oliveira,26.4,4.6,180.5,6.3,26.5,3.8,181.7,5.2,Arena da Baixada,0
Grêmio,2021,23,03/10/2021,20:30,Domingo,10,Sport Recife,Derrota,1,2,Mandante,Felipe Fernandes de Lima,26.6,4.8,179.6,6.7,26.5,4.8,181.6,7.5,Arena do Grêmio,0
Grêmio,2021,24,06/10/2021,21:30,Quarta,10,Cuiabá,Empate,2,2,Mandante,Wilton Pereira Sampaio,28.1,5.5,178.7,6.8,27.1,3.9,180.7,6.4,Arena do Grêmio,4488
Grêmio,2021,25,10/10/2021,16:00,Domingo,10,Santos,Derrota,0,1,Visitante,Bruno Arleu de Araujo,28.4,5.3,180.5,6.3,27.2,4.6,179.5,6.3,Estádio Urbano Caldeira,4165
Grêmio,2021,26,13/10/2021,20:30,Quarta,10,Fortaleza,Derrota,0,1,Visitante,Vinicius Goncalves Dias Araujo,24.5,3.0,180.3,5.8,28.1,3.3,180.6,4.5,Estádio Governador Plácido Castelo,3499
Grêmio,2021,27,17/10/2021,18:15,Domingo,10,Juventude,Vitória,3,2,Mandante,Marcelo de Lima Henrique,29.0,5.3,179.5,5.7,26.9,4.5,177.6,6.7,Arena do Grêmio,14776
Grêmio,2021,28,25/10/2021,20:00,Segunda,10,Atlético Goianiense,Derrota,0,2,Visitante,Caio Max Augusto Vieira,29.0,5.3,179.5,5.7,27.3,4.1,180.2,7.6,Estádio Antônio Accioly,3852
Grêmio,2021,29,31/10/2021,16:00,Domingo,10,Palmeiras,Derrota,1,3,Mandante,Savio Pereira Sampaio,29.1,5.4,180.6,5.8,29.5,4.0,178.5,7.0,Arena do Grêmio,13799
Grêmio,2021,19,03/11/2021,21:00,Quarta,11,Atlético Mineiro,Derrota,1,2,Visitante,Luiz Flávio de Oliveira,29.1,5.1,181.1,6.3,29.3,4.6,180.5,7.5,Governador Magalhães Pinto,55624
Grêmio,2021,30,06/11/2021,19:00,Sábado,11,Internacional,Derrota,0,1,Visitante,Marcelo de Lima Henrique,29.9,4.7,180.7,6.1,29.1,4.5,181.3,5.0,Estádio Beira-Rio,23015
Grêmio,2021,31,09/11/2021,21:30,Terça,11,Fluminense,Vitória,1,0,Mandante,Vinicius Goncalves Dias Araujo,26.7,6.0,180.8,7.0,24.2,4.6,178.5,6.6,Arena do Grêmio,0
Grêmio,2021,32,13/11/2021,18:30,Sábado,11,América Mineiro,Derrota,1,3,Visitante,Flavio Rodrigues De Souza,26.6,6.3,181.8,6.1,30.7,3.6,180.6,7.5,Arena Independência,3157
Grêmio,2021,33,16/11/2021,18:00,Terça,11,Red Bull Bragantino,Vitória,3,0,Mandante,Caio Max Augusto Vieira,29.6,5.8,180.4,6.3,22.6,4.7,183.2,3.8,Arena do Grêmio,0
Grêmio,2021,34,20/11/2021,19:00,Sábado,11,Chapecoense,Vitória,3,1,Visitante,Rodolpho Toski Marques,29.5,5.9,180.7,6.8,26.7,3.1,181.3,5.4,Arena Condá,2830
Grêmio,2021,2,23/11/2021,21:00,Terça,11,Flamengo,Empate,2,2,Mandante,Braulio Da Silva Machado,28.7,6.2,181.1,7.1,26.8,4.3,182.5,8.4,Arena do Grêmio,0
Grêmio,2021,36,26/11/2021,19:00,Sexta,11,Bahia,Derrota,1,3,Visitante,Bruno Arleu de Araujo,27.6,5.2,181.2,5.8,28.3,5.0,180.1,8.5,Arena Fonte Nova,29576
Grêmio,2021,35,02/12/2021,20:00,Quinta,12,São Paulo,Vitória,3,0,Mandante,Savio Pereira Sampaio,29.8,5.3,180.2,7.3,26.9,4.7,180.3,5.8,Arena do Grêmio,8517
Grêmio,2021,37,05/12/2021,16:00,Domingo,12,Corinthians,Empate,1,1,Visitante,Bruno Arleu de Araujo,29.0,5.7,180.8,6.8,30.1,5.5,182.3,7.4,Neo Química Arena,44187
Grêmio,2021,38,09/12/2021,21:30,Quinta,12,Atlético Mineiro,Vitória,4,3,Mandante,Raphael Claus,28.0,5.3,180.4,7.3,26.3,4.3,178.0,7.0,Arena do Grêmio,33577
Grêmio,2023,1,16/04/2023,18:30,Domingo,04,Santos,Vitória,1,0,Mandante,Wilton Pereira Sampaio,28.0,4.8,180.8,5.2,26.1,4.2,181.0,7.7,Estádio Alfredo Jaconi,13997
Grêmio,2023,2,22/04/2023,21:00,Sábado,04,Cruzeiro,Derrota,0,1,Visitante,Flavio Rodrigues De Souza,29.1,3.9,180.9,4.4,29.3,3.0,179.6,6.9,Estadio Raimundo Sampaio (Arena Independencia),21605
Grêmio,2023,3,30/04/2023,18:30,Domingo,04,Cuiabá,Vitória,2,1,Visitante,Bruno Arleu de Araujo,29.0,4.8,180.2,5.1,29.4,3.5,181.7,4.1,Arena Pantanal,21385
Grêmio,2023,4,07/05/2023,18:30,Domingo,05,Red Bull Bragantino,Empate,3,3,Mandante,Paulo Cesar Zanovelli da Silva,28.0,5.1,181.3,4.8,24.2,3.1,180.9,7.2,Arena do Grêmio,23760
Grêmio,2023,5,10/05/2023,21:30,Quarta,05,Palmeiras,Derrota,1,4,Visitante,Braulio Da Silva Machado,28.1,4.2,180.9,4.9,28.7,3.4,177.3,7.5,Nubank Parque,37532
Grêmio,2023,6,14/05/2023,16:00,Domingo,05,Fortaleza,Empate,0,0,Mandante,Bruno Mota Correia,28.4,4.8,181.0,4.4,28.4,4.8,178.4,6.5,Arena do Grêmio,17396
Grêmio,2023,7,21/05/2023,18:30,Domingo,05,Internacional,Vitória,3,1,Mandante,Flavio Rodrigues De Souza,29.6,4.3,180.6,5.4,28.8,6.1,181.5,5.4,Arena do Grêmio,39438
Grêmio,2023,8,27/05/2023,16:00,Sábado,05,Athletico,Vitória,2,1,Visitante,Savio Pereira Sampaio,27.2,5.3,181.3,6.7,26.5,4.5,181.5,5.1,Arena da Baixada,25966
Grêmio,2023,9,04/06/2023,16:00,Domingo,06,São Paulo,Vitória,2,1,Mandante,Wilton Pereira Sampaio,29.6,4.3,180.6,5.4,27.7,4.2,181.3,5.6,Arena do Grêmio,42207
Grêmio,2023,10,11/06/2023,18:30,Domingo,06,Flamengo,Derrota,0,3,Visitante,Savio Pereira Sampaio,27.8,4.6,181.4,4.7,27.8,4.4,182.8,7.2,Estádio do Maracanã,62967
Grêmio,2023,11,22/06/2023,19:00,Quinta,06,América Mineiro,Vitória,3,1,Mandante,Edina Alves Batista,26.5,5.3,180.8,4.8,29.9,4.8,181.9,7.4,Arena do Grêmio,15864
Grêmio,2023,12,25/06/2023,16:00,Domingo,06,Coritiba,Vitória,5,1,Mandante,Joao Vitor Gobi,29.1,4.2,180.6,4.8,26.0,3.5,182.3,7.1,Arena do Grêmio,37048
Grêmio,2023,13,01/07/2023,18:30,Sábado,07,Bahia,Vitória,2,1,Visitante,Marcelo de Lima Henrique,28.1,4.7,181.9,5.5,26.7,4.1,180.3,6.6,Arena Fonte Nova,34090
Grêmio,2023,14,09/07/2023,18:30,Domingo,07,Botafogo,Derrota,0,2,Mandante,Flavio Rodrigues De Souza,29.1,4.2,181.3,4.7,28.4,4.3,183.2,6.5,Arena do Grêmio,47029
Grêmio,2023,16,22/07/2023,21:00,Sábado,07,Atlético Mineiro,Vitória,1,0,Mandante,Luiz Flávio de Oliveira,27.3,4.5,182.6,5.2,29.2,4.9,180.9,7.1,Arena do Grêmio,37085
Grêmio,2023,17,30/07/2023,18:30,Domingo,07,Goiás,Empate,1,1,Visitante,Paulo Cesar Zanovelli da Silva,26.4,5.1,183.1,5.1,29.1,3.2,180.9,6.9,Estádio da Serrinha,12311
Grêmio,2023,18,06/08/2023,16:00,Domingo,08,Vasco da Gama,Derrota,0,1,Visitante,Luiz Flávio de Oliveira,28.6,4.2,180.8,4.8,25.8,3.8,179.4,6.0,Estádio São Januário,N.A
Grêmio,2023,19,13/08/2023,16:00,Domingo,08,Fluminense,Vitória,2,1,Mandante,Rodrigo Jose Pereira de Lima,28.8,4.9,181.7,5.5,31.3,5.6,177.4,6.9,Arena do Grêmio,38712
Grêmio,2023,20,20/08/2023,16:00,Domingo,08,Santos,Derrota,1,2,Visitante,Paulo Cesar Zanovelli da Silva,28.4,3.7,180.7,5.7,27.2,3.5,181.0,6.5,Estádio Urbano Caldeira,N.A
Grêmio,2023,21,27/08/2023,19:00,Domingo,08,Cruzeiro,Vitória,3,0,Mandante,Marcelo de Lima Henrique,28.7,5.1,182.0,5.0,28.4,3.4,181.0,4.9,Arena do Grêmio,52203
Grêmio,2023,22,03/09/2023,11:00,Domingo,09,Cuiabá,Vitória,2,0,Mandante,Yuri Elino Ferreira Da Cruz,29.4,3.5,182.3,6.1,28.9,4.6,183.3,5.0,Arena do Grêmio,39339
Grêmio,2023,23,14/09/2023,21:30,Quinta,09,Red Bull Bragantino,Derrota,0,2,Visitante,Andre Luiz Skettino Policarpo Bento,29.2,3.8,181.7,4.8,26.7,3.1,180.7,5.2,Estádio Nabi Abi Chedid,5088
Grêmio,2023,15,18/09/2023,21:00,Segunda,09,Corinthians,Empate,4,4,Visitante,Wilton Pereira Sampaio,29.8,3.9,181.1,5.6,28.1,6.9,180.9,7.5,Neo Química Arena,35796
Grêmio,2023,24,21/09/2023,21:30,Quinta,09,Palmeiras,Vitória,1,0,Mandante,Bruno Arleu de Araujo,29.3,3.8,181.8,4.9,28.0,5.1,178.8,6.3,Arena do Grêmio,29057
Grêmio,2023,25,30/09/2023,16:00,Sábado,09,Fortaleza,Empate,1,1,Visitante,Raphael Claus,30.1,4.5,181.8,5.2,29.8,4.1,178.4,6.7,Estádio Governador Plácido Castelo,23634
Grêmio,2023,26,08/10/2023,16:00,Domingo,10,Internacional,Derrota,2,3,Visitante,Paulo Cesar Zanovelli da Silva,29.5,4.7,181.2,5.3,29.4,4.8,177.8,6.6,Estádio Beira-Rio,39133
Grêmio,2023,27,18/10/2023,19:00,Quarta,10,Athletico,Derrota,1,2,Mandante,Luiz Flávio de Oliveira,30.0,5.3,179.8,6.6,27.3,5.3,181.6,4.5,Arena do Grêmio,24679
Grêmio,2023,28,21/10/2023,18:30,Sábado,10,São Paulo,Derrota,0,3,Visitante,Andre Luiz Skettino Policarpo Bento,27.5,5.4,181.3,5.6,28.2,5.4,178.6,6.4,MorumBIS,47132
Grêmio,2023,29,25/10/2023,21:30,Quarta,10,Flamengo,Vitória,3,2,Mandante,Rodrigo Jose Pereira de Lima,29.0,4.9,182.2,5.0,27.4,2.9,183.0,6.5,Arena do Grêmio,22325
Grêmio,2023,30,28/10/2023,19:00,Sábado,10,América Mineiro,Vitória,4,3,Visitante,Matheus Delgado Candançan,28.5,4.6,181.0,5.0,30.0,4.0,181.1,7.6,Arena Independência,3008
Grêmio,2023,31,01/11/2023,20:00,Quarta,11,Coritiba,Vitória,2,1,Visitante,Marcelo de Lima Henrique,30.7,4.6,181.3,5.8,28.7,4.9,181.2,6.7,Estádio Major Antônio Couto Pereira,24308
Grêmio,2023,32,04/11/2023,19:30,Sábado,11,Bahia,Vitória,1,0,Mandante,Braulio Da Silva Machado,30.2,3.8,181.7,4.7,28.5,3.1,180.4,7.7,Arena do Grêmio,40154
Grêmio,2023,33,09/11/2023,20:00,Quinta,11,Botafogo,Vitória,4,3,Visitante,Ramon Abatti Abel,28.1,5.1,181.1,4.7,29.1,3.7,182.7,6.6,Estádio São Januário,17708
Grêmio,2023,34,12/11/2023,16:00,Domingo,11,Corinthians,Derrota,0,1,Mandante,Rodrigo Jose Pereira de Lima,28.7,4.6,180.1,4.7,28.9,5.5,179.8,7.6,Arena do Grêmio,49459
Grêmio,2023,35,26/11/2023,16:00,Domingo,11,Atlético Mineiro,Derrota,0,3,Visitante,Braulio Da Silva Machado,28.8,5.2,181.8,6.3,29.5,4.1,179.4,6.2,Arena MRV,39337
Grêmio,2023,36,30/11/2023,19:00,Quinta,11,Goiás,Vitória,2,1,Mandante,Marcelo de Lima Henrique,29.4,4.9,180.2,6.5,28.9,3.0,178.6,5.3,Arena do Grêmio,36875
Grêmio,2023,37,03/12/2023,18:30,Domingo,12,Vasco da Gama,Vitória,1,0,Mandante,Ramon Abatti Abel,28.9,4.9,181.1,6.9,27.0,4.5,182.7,5.2,Arena do Grêmio,50481
Grêmio,2023,38,06/12/2023,21:30,Quarta,12,Fluminense,Vitória,3,2,Visitante,Raphael Claus,29.1,3.7,181.7,6.2,31.5,6.9,178.4,6.0,Estádio do Maracanã,44190
Grêmio,2024,1,14/04/2024,16:00,Domingo,04,Vasco da Gama,Derrota,1,2,Visitante,Flavio Rodrigues De Souza,28.9,4.3,178.0,8.3,28.3,4.6,178.6,5.5,Estádio São Januário,17722
Grêmio,2024,2,17/04/2024,19:00,Quarta,04,Athletico,Vitória,2,0,Mandante,Marcelo de Lima Henrique,29.2,5.2,177.7,9.4,28.0,5.3,182.6,6.1,Arena do Grêmio,13236
Grêmio,2024,3,20/04/2024,18:30,Sábado,04,Cuiabá,Vitória,1,0,Mandante,Bruno Pereira Vasconcelos,26.5,5.1,179.0,8.5,28.8,4.6,181.5,6.2,Arena do Grêmio,22904
Grêmio,2024,4,27/04/2024,21:00,Sábado,04,Bahia,Derrota,0,1,Visitante,Braulio Da Silva Machado,30.5,3.7,177.2,8.3,28.3,3.6,180.5,5.6,Arena Fonte Nova,35836
Grêmio,2024,7,01/06/2024,16:00,Sábado,06,Red Bull Bragantino,Derrota,0,2,Mandante,Ramon Abatti Abel,27.5,5.3,178.2,6.1,25.1,2.3,180.8,6.0,Arena do Grêmio,7563
Grêmio,2024,8,13/06/2024,20:00,Quinta,06,Flamengo,Derrota,1,2,Visitante,Luiz Flávio de Oliveira,30.0,2.9,179.2,6.1,26.7,4.9,184.7,6.1,Estádio do Maracanã,51785
Grêmio,2024,9,16/06/2024,18:30,Domingo,06,Botafogo,Derrota,1,2,Mandante,Paulo Cesar Zanovelli da Silva,28.1,5.3,179.1,9.6,29.0,4.3,182.4,6.7,Estádio Kleber Andrade,15595
Grêmio,2024,10,19/06/2024,20:00,Quarta,06,Fortaleza,Derrota,0,1,Visitante,Joao Vitor Gobi,28.1,5.0,179.5,7.6,29.8,3.7,180.8,4.4,Estádio Governador Plácido Castelo,16935
Grêmio,2024,11,22/06/2024,17:30,Sábado,06,Internacional,Derrota,0,1,Mandante,Ramon Abatti Abel,28.8,5.6,178.7,7.4,31.0,4.4,179.3,6.6,Estádio Major Antônio Couto Pereira,27961
Grêmio,2024,12,26/06/2024,20:00,Quarta,06,Atlético Goianiense,Empate,1,1,Visitante,Bruno Arleu de Araujo,29.5,4.0,179.6,6.7,27.3,2.8,183.9,6.1,Estádio Antônio Accioly,7319
Grêmio,2024,13,30/06/2024,16:00,Domingo,06,Fluminense,Vitória,1,0,Mandante,Paulo Cesar Zanovelli da Silva,30.2,5.4,178.8,7.2,33.1,5.1,179.1,7.0,Arena do Grêmio,8549
Grêmio,2024,14,04/07/2024,19:00,Quinta,07,Palmeiras,Empate,2,2,Mandante,Marcelo de Lima Henrique,29.7,4.8,178.9,5.8,25.2,6.0,180.4,6.3,Arena do Grêmio,20797
Grêmio,2024,15,07/07/2024,16:00,Domingo,07,Juventude,Derrota,0,3,Visitante,Matheus Delgado Candançan,29.3,5.6,178.5,7.3,29.1,4.0,180.6,7.1,Estádio Alfredo Jaconi,7984
Grêmio,2024,16,10/07/2024,18:30,Quarta,07,Cruzeiro,Derrota,0,2,Mandante,Bruno Arleu de Araujo,29.0,5.2,178.0,6.7,26.3,3.1,176.7,7.6,Estádio Centenário,4623
Grêmio,2024,17,17/07/2024,20:00,Quarta,07,São Paulo,Derrota,0,1,Visitante,Gustavo Ervino Bauermann,28.9,3.6,177.2,8.0,29.0,3.8,179.5,6.9,MorumBIS,53168
Grêmio,2024,18,21/07/2024,11:00,Domingo,07,Vitória,Vitória,2,0,Mandante,Savio Pereira Sampaio,30.6,3.3,177.5,7.6,26.7,2.9,180.3,7.2,Estádio Centenário,25248
Grêmio,2024,19,25/07/2024,20:00,Quinta,07,Corinthians,Empate,2,2,Visitante,Alex Gomes Stefano,31.5,3.2,178.0,7.6,26.5,3.3,181.0,7.9,Neo Química Arena,45183
Grêmio,2024,20,28/07/2024,19:00,Domingo,07,Vasco da Gama,Vitória,1,0,Mandante,Paulo Cesar Zanovelli da Silva,30.4,3.1,177.4,8.3,28.6,4.3,180.2,6.0,Arena do Grêmio,17621
Grêmio,2024,21,04/08/2024,16:00,Domingo,08,Athletico,Vitória,2,0,Visitante,Matheus Delgado Candançan,26.9,5.4,177.7,6.4,25.6,3.4,183.2,7.7,Arena da Baixada,27205
Grêmio,2024,22,10/08/2024,19:00,Sábado,08,Cuiabá,Vitória,3,1,Visitante,Bruno Pereira Vasconcelos,26.8,5.2,180.5,7.4,28.6,4.3,184.0,3.7,Arena Pantanal,9853
Grêmio,2024,23,17/08/2024,16:00,Sábado,08,Bahia,Derrota,0,2,Mandante,Matheus Delgado Candançan,25.8,5.5,180.9,7.5,28.6,3.6,180.5,5.6,Arena do Grêmio,56102
Grêmio,2024,24,25/08/2024,16:00,Domingo,08,Criciúma,Vitória,1,0,Visitante,Lucas Paulo Torezin,29.7,4.2,177.8,7.7,31.0,3.9,181.8,5.6,Estádio Heriberto Hülse,17377
Grêmio,2024,25,01/09/2024,11:00,Domingo,09,Atlético Mineiro,Derrota,2,3,Mandante,Raphael Claus,29.1,4.8,178.0,8.1,30.4,3.0,179.4,7.6,Arena do Grêmio,27442
Grêmio,2024,26,15/09/2024,16:00,Domingo,09,Red Bull Bragantino,Empate,2,2,Visitante,Bruno Arleu de Araujo,29.8,4.2,177.4,7.2,25.6,3.6,180.6,5.3,Estádio Nabi Abi Chedid,5228
Grêmio,2024,27,22/09/2024,18:30,Domingo,09,Flamengo,Vitória,3,2,Mandante,Matheus Delgado Candançan,29.1,4.8,178.0,8.1,24.2,5.2,184.0,7.5,Arena do Grêmio,48504
Grêmio,2024,5,25/09/2024,19:00,Quarta,09,Criciúma,Derrota,1,2,Mandante,Davi de Oliveira Lacerda,28.9,4.7,178.0,8.1,30.2,3.4,180.1,7.1,Arena do Grêmio,18457
Grêmio,2024,28,28/09/2024,21:00,Sábado,09,Botafogo,Empate,0,0,Visitante,Maguielson Lima Barbosa,29.8,4.9,180.4,5.2,28.7,4.6,182.1,7.5,Arena BRB Mané Garrincha,42220
Grêmio,2024,29,04/10/2024,21:30,Sexta,10,Fortaleza,Vitória,3,1,Mandante,Davi de Oliveira Lacerda,29.0,4.4,180.5,7.8,29.8,3.3,178.9,5.8,Arena do Grêmio,22204
Grêmio,2024,6,09/10/2024,19:30,Quarta,10,Atlético Mineiro,Derrota,1,2,Visitante,Luiz Flávio de Oliveira,29.8,5.2,179.5,5.7,29.3,4.5,181.3,5.8,Arena MRV,22053
Grêmio,2024,30,19/10/2024,16:00,Sábado,10,Internacional,Derrota,0,1,Visitante,Bruno Arleu de Araujo,29.8,4.1,178.4,6.0,26.7,4.9,178.4,6.8,Estádio Beira-Rio,48049
Grêmio,2024,31,26/10/2024,16:30,Sábado,10,Atlético Goianiense,Vitória,3,1,Mandante,Edina Alves Batista,29.2,4.8,179.0,7.4,27.3,1.9,181.8,7.1,Arena do Grêmio,36959
Grêmio,2024,32,01/11/2024,21:00,Sexta,11,Fluminense,Empate,2,2,Visitante,Matheus Delgado Candançan,30.6,4.1,177.5,7.8,32.1,7.0,178.3,6.0,Estádio do Maracanã,35278
Grêmio,2024,33,08/11/2024,21:30,Sexta,11,Palmeiras,Derrota,0,1,Visitante,Marcelo de Lima Henrique,30.7,4.1,177.5,7.8,28.7,5.3,178.8,6.5,Nubank Parque,33670
Grêmio,2024,34,20/11/2024,19:00,Quarta,11,Juventude,Empate,2,2,Mandante,Bruno Arleu de Araujo,32.6,4.0,181.1,6.4,26.8,2.9,179.8,7.6,Arena do Grêmio,40426
Grêmio,2024,35,27/11/2024,21:00,Quarta,11,Cruzeiro,Empate,1,1,Visitante,Raphael Claus,30.1,3.9,177.1,7.3,28.5,4.0,178.9,7.4,Governador Magalhães Pinto,21009
Grêmio,2024,36,01/12/2024,16:00,Domingo,12,São Paulo,Vitória,2,1,Mandante,Ramon Abatti Abel,30.8,4.7,177.7,8.1,31.2,4.4,179.8,6.6,Arena do Grêmio,39197
Grêmio,2024,37,04/12/2024,20:00,Quarta,12,Vitória,Empate,1,1,Visitante,Alex Gomes Stefano,29.4,4.8,179.4,4.9,27.8,3.3,181.6,7.2,Estádio Manoel Barradas,26842
Grêmio,2024,38,08/12/2024,16:00,Domingo,12,Corinthians,Derrota,0,3,Mandante,Paulo Cesar Zanovelli da Silva,31.3,4.0,179.3,10.2,27.0,3.9,180.5,7.5,Arena do Grêmio,42945
Grêmio,2025,1,29/03/2025,18:30,Sábado,03,Atlético Mineiro,Vitória,2,1,Mandante,Raphael Claus,27.1,4.8,177.9,6.1,29.3,4.4,178.5,7.0,Arena do Grêmio,20111
Grêmio,2025,2,05/04/2025,18:30,Sábado,04,Ceará,Derrota,0,2,Visitante,Edina Alves Batista,27.7,4.6,177.8,6.3,28.8,2.8,181.2,7.8,Estádio Governador Plácido Castelo,26777
Grêmio,2025,3,13/04/2025,17:30,Domingo,04,Flamengo,Derrota,0,2,Mandante,Ramon Abatti Abel,29.6,3.4,178.7,6.3,29.6,3.3,180.8,8.6,Arena do Grêmio,23367
Grêmio,2025,4,16/04/2025,19:00,Quarta,04,Mirassol,Derrota,1,4,Visitante,Lucas Paulo Torezin,28.9,3.2,177.9,6.3,30.3,3.7,180.9,6.9,Estádio José Maria de Campos Maia,4147
Grêmio,2025,5,19/04/2025,21:00,Sábado,04,Internacional,Empate,1,1,Mandante,Braulio Da Silva Machado,29.1,4.4,178.6,5.9,29.1,5.1,180.2,6.4,Arena do Grêmio,27286
Grêmio,2025,6,27/04/2025,18:30,Domingo,04,Vitória,Empate,1,1,Visitante,Felipe Fernandes de Lima,29.0,4.6,178.5,5.9,26.7,1.0,179.3,8.4,Estádio Manoel Barradas,18688
Grêmio,2025,7,04/05/2025,16:00,Domingo,05,Santos,Vitória,1,0,Mandante,Bruno Arleu de Araujo,29.4,4.7,178.3,6.0,27.8,4.7,180.9,9.3,Arena do Grêmio,27085
Grêmio,2025,8,10/05/2025,18:30,Sábado,05,Red Bull Bragantino,Empate,1,1,Mandante,Davi de Oliveira Lacerda,27.4,5.0,179.4,6.0,27.0,3.7,179.1,8.0,Arena do Grêmio,15156
Grêmio,2025,9,17/05/2025,21:00,Sábado,05,São Paulo,Derrota,1,2,Visitante,Rodrigo Jose Pereira de Lima,27.6,4.8,179.8,5.4,29.4,4.6,181.4,7.2,MorumBIS,34579
Grêmio,2025,10,25/05/2025,11:00,Domingo,05,Bahia,Vitória,1,0,Mandante,Bruno Arleu de Araujo,29.1,3.5,177.9,6.3,28.0,3.9,179.3,6.6,Arena do Grêmio,13859
Grêmio,2025,11,01/06/2025,16:00,Domingo,06,Juventude,Vitória,2,0,Visitante,Raphael Claus,28.0,4.8,180.3,6.9,29.3,6.1,178.5,5.6,Estádio Alfredo Jaconi,9098
Grêmio,2025,12,12/06/2025,20:00,Quinta,06,Corinthians,Empate,1,1,Mandante,Davi de Oliveira Lacerda,28.0,4.8,180.3,6.9,26.6,3.8,180.5,7.9,Arena do Grêmio,20465
Grêmio,2025,13,13/07/2025,20:30,Domingo,07,Cruzeiro,Derrota,1,4,Visitante,Lucas Paulo Torezin,27.1,4.6,180.6,6.6,29.3,4.3,179.2,7.9,Governador Magalhães Pinto,31668
Grêmio,2025,15,19/07/2025,17:30,Sábado,07,Vasco da Gama,Empate,1,1,Visitante,Felipe Fernandes de Lima,28.9,5.3,180.6,6.8,28.0,4.5,180.5,5.4,Estádio São Januário,15556
Grêmio,2025,17,26/07/2025,21:00,Sábado,07,Palmeiras,Derrota,0,1,Visitante,Paulo Cesar Zanovelli da Silva,27.0,5.0,179.5,7.3,26.3,5.2,181.7,5.1,Nubank Parque,37132
Grêmio,2025,14,29/07/2025,20:30,Terça,07,Fortaleza,Vitória,2,1,Mandante,Alex Gomes Stefano,27.2,5.5,180.8,6.6,28.0,4.6,179.5,7.3,Arena do Grêmio,18695
Grêmio,2025,18,02/08/2025,21:00,Sábado,08,Fluminense,Derrota,0,1,Visitante,Lucas Paulo Torezin,27.9,5.2,179.2,6.5,33.2,6.4,178.5,5.8,Estádio do Maracanã,15344
Grêmio,2025,19,10/08/2025,20:30,Domingo,08,Sport Recife,Derrota,0,1,Mandante,Yuri Elino Ferreira Da Cruz,28.2,5.7,179.6,6.5,28.6,4.7,181.8,8.7,Arena do Grêmio,35087
Grêmio,2025,20,17/08/2025,16:00,Domingo,08,Atlético Mineiro,Vitória,3,1,Visitante,Alex Gomes Stefano,29.4,5.3,181.5,6.3,27.9,5.8,179.9,5.8,Arena MRV,34774
Grêmio,2025,21,23/08/2025,21:00,Sábado,08,Ceará,Empate,0,0,Mandante,Davi de Oliveira Lacerda,31.3,5.3,180.0,5.6,29.9,2.9,179.0,8.9,Arena do Grêmio,25138
Grêmio,2025,22,31/08/2025,16:00,Domingo,08,Flamengo,Empate,1,1,Visitante,Paulo Cesar Zanovelli da Silva,31.3,4.4,179.1,6.7,29.0,2.2,180.5,7.9,Estádio do Maracanã,69477
Grêmio,2025,23,13/09/2025,16:00,Sábado,09,Mirassol,Derrota,0,1,Mandante,Lucas Casagrande,29.5,4.5,179.0,5.7,29.4,4.0,179.3,7.3,Arena do Grêmio,45724
Grêmio,2025,24,21/09/2025,17:30,Domingo,09,Internacional,Vitória,3,2,Visitante,Marcelo de Lima Henrique,31.4,4.2,179.1,6.8,28.7,3.2,178.3,7.8,Estádio Beira-Rio,28176
Grêmio,2025,16,24/09/2025,19:30,Quarta,09,Botafogo,Empate,1,1,Mandante,Lucas Paulo Torezin,30.7,5.2,179.9,7.6,27.6,3.0,182.9,7.5,Arena do Grêmio,18551
Grêmio,2025,25,28/09/2025,11:00,Domingo,09,Vitória,Vitória,3,1,Mandante,Raphael Claus,29.8,5.2,180.5,7.6,28.5,2.6,180.7,6.4,Arena do Grêmio,41025
Grêmio,2025,26,01/10/2025,21:30,Quarta,10,Santos,Empate,1,1,Visitante,Paulo Cesar Zanovelli da Silva,26.8,4.2,180.9,8.3,28.8,3.0,179.9,6.5,Estádio Urbano Caldeira,9306
Grêmio,2025,27,04/10/2025,18:30,Sábado,10,Red Bull Bragantino,Derrota,0,1,Visitante,Lucas Casagrande,27.9,4.2,179.7,8.3,25.5,2.3,183.7,5.1,Estádio Cícero de Souza Marques,3781
Grêmio,2025,28,16/10/2025,19:00,Quinta,10,São Paulo,Vitória,2,0,Mandante,Davi de Oliveira Lacerda,28.1,4.8,179.1,8.1,29.4,4.4,179.6,7.5,Arena do Grêmio,21526
Grêmio,2025,29,19/10/2025,20:30,Domingo,10,Bahia,Derrota,0,4,Visitante,Raphael Claus,29.5,4.9,180.7,7.5,28.5,3.6,182.1,6.7,Arena Fonte Nova,29272
Grêmio,2025,30,26/10/2025,16:00,Domingo,10,Juventude,Vitória,3,1,Mandante,Alex Gomes Stefano,29.1,4.7,179.6,7.0,30.1,3.9,178.4,4.6,Arena do Grêmio,32444
Grêmio,2025,31,02/11/2025,16:00,Domingo,11,Corinthians,Derrota,0,2,Visitante,Davi de Oliveira Lacerda,28.4,4.4,179.9,7.2,28.3,3.7,182.0,9.3,Neo Química Arena,42081
Grêmio,2025,32,05/11/2025,20:00,Quarta,11,Cruzeiro,Derrota,0,1,Mandante,Lucas Paulo Torezin,29.2,4.7,179.6,7.0,28.6,5.1,179.3,7.8,Arena do Grêmio,19841
Grêmio,2025,33,09/11/2025,20:30,Domingo,11,Fortaleza,Empate,2,2,Visitante,Jefferson Ferreira de Moraes,29.5,4.8,180.2,6.4,29.5,3.8,179.0,4.4,Estádio Governador Plácido Castelo,16025
Grêmio,2025,34,19/11/2025,21:30,Quarta,11,Vasco da Gama,Vitória,2,0,Mandante,Raphael Claus,29.5,3.7,178.6,8.4,27.8,5.3,180.5,5.7,Arena do Grêmio,33807
Grêmio,2025,35,22/11/2025,19:30,Sábado,11,Botafogo,Derrota,2,3,Visitante,Felipe Fernandes de Lima,28.7,5.6,180.2,7.4,26.3,3.9,181.7,8.5,Estádio Nilton Santos,16755
Grêmio,2025,36,25/11/2025,21:30,Terça,11,Palmeiras,Vitória,3,2,Mandante,Savio Pereira Sampaio,31.2,3.6,177.9,7.6,26.3,5.1,182.0,6.8,Arena do Grêmio,25898
Grêmio,2025,37,02/12/2025,21:30,Terça,12,Fluminense,Derrota,1,2,Mandante,Raphael Claus,29.1,5.4,179.8,7.9,31.2,5.6,175.8,10.0,Arena do Grêmio,23487
Grêmio,2025,38,07/12/2025,16:00,Domingo,12,Sport Recife,Vitória,4,0,Visitante,Edina Alves Batista,28.7,5.0,181.1,7.4,30.2,2.9,181.2,8.0,Ilha do Retiro,3339
Internacional,2015,1,10/05/2015,16:00,Domingo,05,Athletico,Derrota,0,3,Visitante,Luiz Flávio de Oliveira,24.9,4.0,181.7,7.5,25.4,4.0,176.9,7.5,Arena da Baixada,10499
Internacional,2015,2,17/05/2015,18:30,Domingo,05,Avaí,Vitória,1,0,Mandante,Igor Junio Benevenuto,N.A,N.A,N.A,N.A,N.A,N.A,N.A,N.A,Estádio Beira-Rio,13009
Internacional,2015,3,23/05/2015,18:30,Sábado,05,Vasco da Gama,Empate,1,1,Visitante,Dewson Fernando Freitas da Silva,N.A,N.A,N.A,N.A,N.A,N.A,N.A,N.A,Estádio São Januário,5143
Internacional,2015,4,31/05/2015,16:00,Domingo,05,São Paulo,Empate,0,0,Mandante,Leandro Pedro Vuaden,N.A,N.A,N.A,N.A,N.A,N.A,N.A,N.A,Estádio Beira-Rio,25213
Internacional,2015,5,04/06/2015,21:00,Quinta,06,Palmeiras,Empate,1,1,Visitante,Rodolpho Toski Marques,27.5,4.7,181.4,5.6,28.4,5.8,178.6,8.0,Nubank Parque,36199
Internacional,2015,6,07/06/2015,11:00,Domingo,06,Coritiba,Vitória,2,0,Mandante,Andre Luiz de Freitas Castro,24.4,4.1,181.1,6.9,25.1,2.3,178.9,5.3,Estádio Beira-Rio,35766
Internacional,2015,7,13/06/2015,16:30,Sábado,06,Corinthians,Derrota,1,2,Visitante,Marcelo de Lima Henrique,28.1,5.2,182.8,7.3,28.1,3.4,180.5,8.6,Neo Química Arena,27270
Internacional,2015,8,18/06/2015,21:00,Quinta,06,Figueirense,Empate,0,0,Visitante,Wagner do Nascimento Magalhaes,26.8,5.0,181.2,8.0,25.2,3.7,180.5,5.8,Orlando Scarpelli,6244
Internacional,2015,9,28/06/2015,18:30,Domingo,06,Santos,Vitória,1,0,Mandante,Dewson Fernando Freitas da Silva,27.2,4.7,180.1,7.8,24.6,4.7,179.5,6.8,Estádio Beira-Rio,22495
Internacional,2015,10,01/07/2015,19:30,Quarta,07,Sport Recife,Derrota,0,3,Visitante,Pericles Bassols Pegado Cortez,26.6,4.1,180.3,7.8,26.5,3.6,178.9,8.6,Ilha do Retiro,23343
Internacional,2015,11,05/07/2015,18:30,Domingo,07,Atlético Mineiro,Derrota,1,3,Mandante,Raphael Claus,27.1,4.7,180.8,7.3,27.8,3.5,181.2,6.0,Estádio Beira-Rio,16812
Internacional,2015,12,08/07/2015,22:00,Quarta,07,Flamengo,Derrota,1,2,Mandante,Wilton Pereira Sampaio,24.9,4.8,179.7,7.4,27.1,4.5,181.5,6.5,Estádio Beira-Rio,10931
Internacional,2015,13,12/07/2015,16:00,Domingo,07,Joinville,Vitória,2,0,Visitante,Francisco Carlos Do Nascimento,N.A,N.A,N.A,N.A,N.A,N.A,N.A,N.A,Arena Joinville,10324
Internacional,2015,14,18/07/2015,18:30,Sábado,07,Goiás,Vitória,2,1,Mandante,Marcelo de Lima Henrique,28.2,4.4,181.4,6.7,25.3,4.1,180.5,4.4,Estádio Beira-Rio,16782
Internacional,2015,15,26/07/2015,16:00,Domingo,07,Ponte Preta,Empate,0,0,Visitante,Bruno Arleu de Araujo,25.9,4.5,181.1,7.1,27.4,3.5,177.7,6.9,Moisés Lucarelli,7813
Internacional,2015,16,02/08/2015,16:00,Domingo,08,Chapecoense,Empate,0,0,Mandante,Pericles Bassols Pegado Cortez,27.0,5.5,180.4,7.1,27.4,2.2,180.1,6.7,Estádio Beira-Rio,17579
Internacional,2015,17,09/08/2015,18:30,Domingo,08,Grêmio,Derrota,0,5,Visitante,Dewson Fernando Freitas da Silva,26.1,5.0,180.3,7.2,27.5,3.9,182.5,5.8,Arena do Grêmio,42432
Internacional,2015,18,12/08/2015,22:00,Quarta,08,Fluminense,Vitória,1,0,Mandante,Flavio Rodrigues Guerra,N.A,N.A,N.A,N.A,N.A,N.A,N.A,N.A,Estádio Beira-Rio,9222
Internacional,2015,19,16/08/2015,16:00,Domingo,08,Cruzeiro,Empate,0,0,Visitante,Luiz Flávio de Oliveira,24.1,3.3,181.8,5.8,27.5,4.0,178.5,5.4,Governador Magalhães Pinto,14166
Internacional,2015,20,23/08/2015,16:00,Domingo,08,Athletico,Vitória,2,0,Mandante,Raphael Claus,25.0,4.1,180.5,6.7,25.2,4.3,182.4,6.6,Estádio Beira-Rio,22393
Internacional,2015,21,30/08/2015,11:00,Domingo,08,Avaí,Derrota,0,3,Visitante,Pericles Bassols Pegado Cortez,N.A,N.A,N.A,N.A,N.A,N.A,N.A,N.A,Estádio da Ressacada,11150
Internacional,2015,22,02/09/2015,19:30,Quarta,09,Vasco da Gama,Vitória,6,0,Mandante,Ricardo Marques Ribeiro,25.1,4.2,180.8,5.6,29.6,5.2,180.5,6.4,Estádio Beira-Rio,15021
Internacional,2015,23,05/09/2015,19:30,Sábado,09,São Paulo,Derrota,0,2,Visitante,Wilton Pereira Sampaio,26.2,4.7,180.4,6.0,26.0,3.6,182.0,6.2,MorumBIS,20935
Internacional,2015,24,09/09/2015,19:30,Quarta,09,Palmeiras,Vitória,1,0,Mandante,Reway Wagner,25.5,4.7,181.1,6.7,29.3,6.2,182.6,6.0,Estádio Beira-Rio,13690
Internacional,2015,25,12/09/2015,18:30,Sábado,09,Coritiba,Vitória,1,0,Visitante,,24.3,4.0,179.5,6.7,28.8,4.2,178.0,6.6,Estádio Major Antônio Couto Pereira,14656
Internacional,2015,26,16/09/2015,22:00,Quarta,09,Corinthians,Vitória,2,1,Mandante,Jailson Macedo Freitas,25.6,4.3,182.1,6.9,27.9,3.6,179.7,9.5,Estádio Beira-Rio,19073
Internacional,2015,27,19/09/2015,18:30,Sábado,09,Figueirense,Empate,1,1,Mandante,Nielson Nogueira Dias,27.0,4.7,182.5,7.1,25.9,3.6,181.5,5.3,Estádio Beira-Rio,20607
Internacional,2015,28,27/09/2015,11:00,Domingo,09,Santos,Derrota,1,3,Visitante,Heber Roberto Lopes,25.9,4.5,179.9,6.5,24.9,5.1,181.0,7.8,Estádio Urbano Caldeira,11043
Internacional,2015,29,03/10/2015,18:30,Sábado,10,Sport Recife,Vitória,2,1,Mandante,Braulio Da Silva Machado,26.9,4.5,182.0,6.9,27.8,3.9,179.9,7.9,Estádio Beira-Rio,17614
Internacional,2015,30,14/10/2015,19:30,Quarta,10,Atlético Mineiro,Derrota,1,2,Visitante,Andre Luiz de Freitas Castro,27.7,4.0,181.3,7.0,27.5,3.6,180.5,6.7,Arena Independência,19023
Internacional,2015,31,18/10/2015,15:00,Domingo,10,Flamengo,Vitória,1,0,Visitante,Heber Roberto Lopes,26.9,4.5,182.0,6.9,27.3,5.0,179.7,6.8,Estádio do Maracanã,28786
Internacional,2015,32,24/10/2015,17:30,Sábado,10,Joinville,Vitória,1,0,Mandante,Dewson Fernando Freitas da Silva,26.6,5.2,181.9,6.4,27.4,5.4,182.0,6.1,Estádio Beira-Rio,19138
Internacional,2015,33,01/11/2015,18:30,Domingo,11,Goiás,Derrota,1,2,Visitante,Marcelo Aparecido Ribeiro de Souza,26.9,4.5,182.0,6.9,25.8,3.9,179.3,5.3,Serra Dourada,6881
Internacional,2015,34,07/11/2015,16:00,Sábado,11,Ponte Preta,Vitória,1,0,Mandante,Ricardo Marques Ribeiro,27.1,5.6,181.2,6.1,27.0,4.4,177.5,7.8,Estádio Beira-Rio,17431
Internacional,2015,35,19/11/2015,18:30,Quinta,11,Chapecoense,Derrota,0,1,Visitante,Marcelo de Lima Henrique,27.7,5.2,181.2,5.8,29.9,4.5,180.0,7.5,Arena Condá,12693
Internacional,2015,36,22/11/2015,16:00,Domingo,11,Grêmio,Vitória,1,0,Mandante,Ricardo Marques Ribeiro,26.3,4.6,180.7,6.0,25.8,4.2,181.1,7.8,Estádio Beira-Rio,30692
Internacional,2015,37,28/11/2015,18:30,Sábado,11,Fluminense,Empate,1,1,Visitante,Marielson Alves Silva,26.8,4.6,180.5,5.4,25.6,5.0,179.5,6.3,Estádio do Maracanã,7691
Internacional,2015,38,06/12/2015,16:00,Domingo,12,Cruzeiro,Vitória,2,0,Mandante,Andre Luiz de Freitas Castro,26.2,4.5,180.8,5.9,25.9,2.8,179.5,6.7,Estádio Beira-Rio,34815
Internacional,2016,1,15/05/2016,18:30,Domingo,05,Chapecoense,Empate,0,0,Mandante,Nielson Nogueira Dias,25.0,3.2,179.8,6.1,28.5,3.8,179.6,6.0,Estádio Beira-Rio,18219
Internacional,2016,2,22/05/2016,16:00,Domingo,05,São Paulo,Vitória,2,1,Visitante,Pericles Bassols Pegado Cortez,25.7,3.3,179.6,5.4,27.0,4.0,182.9,5.6,MorumBIS,19509
Internacional,2016,3,26/05/2016,16:00,Quinta,05,Sport Recife,Vitória,1,0,Mandante,Igor Junio Benevenuto,25.7,3.3,179.6,5.4,27.5,5.7,177.1,7.3,Estádio Beira-Rio,24840
Internacional,2016,4,29/05/2016,18:30,Domingo,05,Santos,Vitória,1,0,Visitante,Andre Luiz de Freitas Castro,25.1,3.6,179.2,5.4,26.3,5.1,180.4,6.7,Estádio Urbano Caldeira,4468
Internacional,2016,5,01/06/2016,19:30,Quarta,06,Athletico,Vitória,1,0,Mandante,Wagner do Nascimento Magalhaes,25.1,3.6,179.2,5.4,24.8,3.3,178.6,5.9,Estádio Beira-Rio,17874
Internacional,2016,6,05/06/2016,16:00,Domingo,06,Vitória,Derrota,0,1,Visitante,Thiago Duarte Peixoto,24.9,3.4,179.4,5.5,26.5,4.0,178.8,7.0,Estádio Manoel Barradas,8924
Internacional,2016,7,11/06/2016,16:00,Sábado,06,América Mineiro,Vitória,3,1,Mandante,Luiz Flávio de Oliveira,25.8,4.0,180.9,5.6,28.3,4.4,179.7,5.1,Estádio Beira-Rio,15640
Internacional,2016,8,16/06/2016,19:30,Quinta,06,Atlético Mineiro,Vitória,2,0,Mandante,Pericles Bassols Pegado Cortez,25.7,4.3,180.5,5.1,28.2,5.1,180.2,7.2,Estádio Beira-Rio,21881
Internacional,2016,9,19/06/2016,16:00,Domingo,06,Figueirense,Derrota,2,3,Visitante,Luiz Flávio de Oliveira,25.7,4.3,180.2,5.2,28.2,3.8,179.6,9.2,Orlando Scarpelli,8741
Internacional,2016,10,23/06/2016,21:30,Quinta,06,Coritiba,Empate,1,1,Visitante,Eduardo Tomaz de Aquino Valadao,25.4,3.2,180.7,5.9,28.3,4.8,176.7,7.7,Estádio Major Antônio Couto Pereira,8798
Internacional,2016,11,26/06/2016,16:00,Domingo,06,Botafogo,Derrota,2,3,Mandante,Wilton Pereira Sampaio,24.1,3.1,180.5,6.9,27.1,4.8,180.5,6.7,Estádio Beira-Rio,21562
Internacional,2016,12,29/06/2016,19:30,Quarta,06,Flamengo,Derrota,0,1,Visitante,Ricardo Marques Ribeiro,26.0,3.3,180.2,5.6,27.2,3.8,182.2,5.6,Estádio Kleber Andrade,21000
Internacional,2016,13,03/07/2016,11:00,Domingo,07,Grêmio,Derrota,0,1,Mandante,Dewson Fernando Freitas da Silva,26.2,3.5,180.5,5.3,26.2,4.5,182.1,6.3,Estádio Beira-Rio,36229
Internacional,2016,14,10/07/2016,16:00,Domingo,07,Santa Cruz,Derrota,0,1,Visitante,Sandro Meira Ricci,25.4,3.7,181.6,5.7,27.6,4.4,179.5,6.6,Estádio do Arruda,8749
Internacional,2016,15,17/07/2016,16:00,Domingo,07,Palmeiras,Derrota,0,1,Mandante,Andre Luiz de Freitas Castro,24.7,3.5,179.5,5.6,28.7,7.3,179.5,6.4,Estádio Beira-Rio,27293
Internacional,2016,16,24/07/2016,11:00,Domingo,07,Ponte Preta,Empate,2,2,Visitante,Leonardo Garcia Cavaleiro,25.9,3.5,180.3,4.4,27.7,4.3,179.0,8.0,Moisés Lucarelli,5940
Internacional,2016,17,31/07/2016,16:00,Domingo,07,Corinthians,Derrota,0,1,Mandante,Elmo Alves Resende Cunha,27.3,3.2,181.9,5.5,26.7,2.1,180.0,7.2,Estádio Beira-Rio,30098
Internacional,2016,18,04/08/2016,21:00,Quinta,08,Cruzeiro,Derrota,2,4,Visitante,Raphael Claus,26.7,3.0,180.0,5.9,28.4,3.8,180.1,6.4,Arena Independência,12454
Internacional,2016,19,07/08/2016,16:15,Domingo,08,Fluminense,Empate,2,2,Mandante,Rafael Traci,26.7,3.2,180.8,6.3,27.0,4.2,179.8,7.3,Estádio Beira-Rio,19552
Internacional,2016,20,15/08/2016,20:00,Segunda,08,Chapecoense,Derrota,0,1,Visitante,Joao Batista de Arruda,26.2,3.7,180.0,5.1,28.5,4.6,179.8,5.9,Arena Condá,11360
Internacional,2016,21,21/08/2016,16:00,Domingo,08,São Paulo,Empate,1,1,Mandante,Gilberto Rodrigues Castro Junior,26.9,4.5,179.8,5.5,26.5,3.5,179.8,7.2,Estádio Beira-Rio,23079
Internacional,2016,22,28/08/2016,18:30,Domingo,08,Sport Recife,Empate,1,1,Visitante,Grazianni Maciel Rocha,26.8,4.6,179.5,5.6,28.3,5.4,177.1,7.6,Ilha do Retiro,5288
Internacional,2016,23,08/09/2016,21:00,Quinta,09,Santos,Vitória,2,1,Mandante,Rodrigo Batista Raposo,26.2,3.4,180.5,4.6,27.6,5.4,182.2,7.5,Estádio Beira-Rio,29996
Internacional,2016,24,11/09/2016,16:00,Domingo,09,Athletico,Derrota,1,2,Visitante,Paulo Schleich Vollkopf,24.0,3.2,181.0,5.2,24.6,3.5,180.6,6.9,Arena da Baixada,12756
Internacional,2016,25,15/09/2016,21:00,Quinta,09,Vitória,Derrota,0,1,Mandante,Emerson Luiz Sobral,25.7,3.6,180.9,4.9,26.6,3.8,178.5,7.5,Estádio Beira-Rio,20942
Internacional,2016,26,19/09/2016,20:00,Segunda,09,América Mineiro,Derrota,0,1,Visitante,Rafael Traci,25.6,3.3,180.7,5.1,28.7,4.6,180.6,5.5,Arena Independência,1737
Internacional,2016,27,25/09/2016,18:30,Domingo,09,Atlético Mineiro,Derrota,1,3,Visitante,Pericles Bassols Pegado Cortez,27.3,4.9,180.2,5.3,29.0,5.0,180.1,7.5,Arena Independência,20311
Internacional,2016,28,01/10/2016,21:00,Sábado,10,Figueirense,Vitória,1,0,Mandante,Luiz Cesar de Oliveira Magalhaes,27.7,5.0,180.1,5.2,26.6,3.7,179.3,7.7,Estádio Beira-Rio,30796
Internacional,2016,29,06/10/2016,19:30,Quinta,10,Coritiba,Vitória,1,0,Mandante,Andre Luiz de Freitas Castro,26.1,5.5,180.5,5.4,26.5,4.4,178.5,5.3,Estádio Beira-Rio,31431
Internacional,2016,30,12/10/2016,21:45,Quarta,10,Botafogo,Derrota,0,1,Visitante,Marielson Alves Silva,26.2,5.4,180.5,5.4,27.0,4.3,181.0,7.2,Estádio Luso Brasileiro,10176
Internacional,2016,31,16/10/2016,16:00,Domingo,10,Flamengo,Vitória,2,1,Mandante,Wilton Pereira Sampaio,27.7,4.9,180.7,5.0,28.5,3.6,180.6,6.7,Estádio Beira-Rio,31981
Internacional,2016,32,23/10/2016,16:00,Domingo,10,Grêmio,Empate,0,0,Visitante,Francisco Carlos Do Nascimento,26.1,4.4,180.5,5.3,26.8,3.6,180.7,7.2,Arena do Grêmio,47622
Internacional,2016,33,29/10/2016,17:30,Sábado,10,Santa Cruz,Empate,1,1,Mandante,Wilton Pereira Sampaio,27.4,5.0,180.4,5.2,29.2,5.4,180.2,7.7,Estádio Beira-Rio,35376
Internacional,2016,34,06/11/2016,16:00,Domingo,11,Palmeiras,Derrota,0,1,Visitante,Pericles Bassols Pegado Cortez,27.8,4.6,181.0,4.8,27.7,6.7,179.3,7.7,Nubank Parque,31967
Internacional,2016,35,17/11/2016,20:00,Quinta,11,Ponte Preta,Empate,1,1,Mandante,Heber Roberto Lopes,25.5,3.2,180.5,5.3,26.6,5.4,181.0,8.5,Estádio Beira-Rio,28774
Internacional,2016,36,21/11/2016,19:00,Segunda,11,Corinthians,Derrota,0,1,Visitante,Rodolpho Toski Marques,25.7,3.0,181.1,4.9,26.7,3.3,180.1,6.1,Neo Química Arena,19493
Internacional,2016,37,27/11/2016,16:00,Domingo,11,Cruzeiro,Vitória,1,0,Mandante,Marcelo Aparecido Ribeiro de Souza,27.2,4.0,180.8,5.0,27.0,2.9,177.9,7.3,Estádio Beira-Rio,25352
Internacional,2016,38,11/12/2016,16:00,Domingo,12,Fluminense,Empate,1,1,Visitante,Heber Roberto Lopes,26.5,4.1,180.5,5.1,25.2,3.7,181.6,6.2,Estádio Giulite Coutinho,3377
Internacional,2018,1,15/04/2018,16:00,Domingo,04,Bahia,Vitória,2,0,Mandante,Eduardo Tomaz de Aquino Valadao,27.5,4.2,181.2,6.2,26.5,3.2,180.3,7.7,Estádio Beira-Rio,16663
Internacional,2018,2,22/04/2018,16:00,Domingo,04,Palmeiras,Derrota,0,1,Visitante,Marcelo de Lima Henrique,26.2,3.2,181.6,5.0,29.6,4.3,180.3,6.5,Nubank Parque,25504
Internacional,2018,3,29/04/2018,19:00,Domingo,04,Cruzeiro,Empate,0,0,Mandante,Wagner do Nascimento Magalhaes,27.8,4.0,182.9,5.5,27.0,3.8,178.7,6.8,Estádio Beira-Rio,20913
Internacional,2018,4,06/05/2018,16:00,Domingo,05,Flamengo,Derrota,0,2,Visitante,Luiz Flávio de Oliveira,27.4,4.2,183.6,4.9,26.2,4.6,179.5,5.9,Estádio Luso Brasileiro,60182
Internacional,2018,5,12/05/2018,16:00,Sábado,05,Grêmio,Empate,0,0,Visitante,Wilton Pereira Sampaio,26.7,2.9,181.8,6.9,27.5,3.8,180.9,5.5,Arena do Grêmio,48035
Internacional,2018,6,21/05/2018,20:00,Segunda,05,Chapecoense,Vitória,3,0,Mandante,Flavio Rodrigues De Souza,26.8,3.0,181.6,6.0,28.7,3.7,180.5,6.8,Estádio Beira-Rio,13082
Internacional,2018,7,27/05/2018,16:00,Domingo,05,Corinthians,Vitória,2,1,Mandante,Pericles Bassols Pegado Cortez,26.4,2.9,181.6,6.0,27.4,5.0,179.1,6.0,Estádio Beira-Rio,28627
Internacional,2018,8,30/05/2018,19:30,Quarta,05,Vitória,Vitória,3,2,Visitante,Raphael Claus,27.3,2.5,179.9,6.6,26.7,4.4,178.8,8.0,Estádio Manoel Barradas,5591
Internacional,2018,9,02/06/2018,16:00,Sábado,06,Sport Recife,Empate,0,0,Mandante,Marcelo Aparecido Ribeiro de Souza,26.9,3.0,181.6,6.0,31.0,4.6,180.5,5.1,Estádio Beira-Rio,28320
Internacional,2018,10,05/06/2018,21:30,Terça,06,São Paulo,Empate,0,0,Visitante,Paulo Roberto Alves Junior,26.7,3.2,181.7,6.1,27.5,4.9,182.0,5.1,MorumBIS,14730
Internacional,2018,11,10/06/2018,19:00,Domingo,06,Santos,Vitória,2,1,Visitante,Wagner do Nascimento Magalhaes,27.1,2.8,183.3,5.0,27.3,5.8,179.4,7.0,Estádio Urbano Caldeira,8124
Internacional,2018,12,13/06/2018,21:45,Quarta,06,Vasco da Gama,Vitória,3,1,Mandante,Raphael Claus,26.9,3.0,183.5,4.3,25.8,4.4,179.8,6.7,Estádio Beira-Rio,19733
Internacional,2018,13,19/07/2018,21:00,Quinta,07,Athletico,Empate,2,2,Visitante,Ricardo Marques Ribeiro,26.8,3.1,181.7,5.7,27.9,5.3,180.7,6.2,Arena da Baixada,8184
Internacional,2018,14,23/07/2018,20:00,Segunda,07,Ceará,Vitória,1,0,Mandante,Bruno Arleu de Araujo,26.4,3.0,179.9,6.3,29.0,3.5,180.1,8.0,Estádio Beira-Rio,21013
Internacional,2018,15,26/07/2018,20:00,Quinta,07,América Mineiro,Derrota,1,2,Visitante,Flavio Rodrigues De Souza,26.5,2.7,180.9,5.8,30.8,3.3,180.5,8.1,Arena Independência,4625
Internacional,2018,16,29/07/2018,16:00,Domingo,07,Botafogo,Vitória,3,0,Mandante,Igor Junio Benevenuto,26.0,2.8,181.4,5.7,24.9,4.2,184.2,4.9,Estádio Beira-Rio,26608
Internacional,2018,17,06/08/2018,20:00,Segunda,08,Atlético Mineiro,Vitória,1,0,Visitante,Jailson Macedo Freitas,27.1,3.1,182.7,4.6,28.4,6.8,180.6,8.9,Arena Independência,22035
Internacional,2018,18,13/08/2018,20:00,Segunda,08,Fluminense,Vitória,3,0,Visitante,Savio Pereira Sampaio,27.2,3.1,182.7,4.6,26.9,3.8,180.5,8.5,Estádio do Maracanã,14640
Internacional,2018,19,19/08/2018,11:00,Domingo,08,Paraná Clube,Vitória,1,0,Mandante,Leandro Bizzio Marinho,26.6,3.2,182.5,4.4,25.3,3.4,179.9,4.6,Estádio Beira-Rio,40894
Internacional,2018,20,22/08/2018,19:30,Quarta,08,Bahia,Vitória,1,0,Visitante,Rodrigo D'alonso Ferreira,26.9,3.8,180.0,6.0,28.5,3.7,182.6,6.2,Arena Fonte Nova,18671
Internacional,2018,21,26/08/2018,16:00,Domingo,08,Palmeiras,Empate,0,0,Mandante,Bruno Arleu de Araujo,27.0,3.2,180.1,6.4,28.0,2.4,180.5,5.6,Estádio Beira-Rio,40125
Internacional,2018,22,02/09/2018,19:00,Domingo,09,Cruzeiro,Empate,0,0,Visitante,Wilton Pereira Sampaio,26.3,3.1,180.7,5.2,30.1,4.3,182.0,5.3,Governador Magalhães Pinto,16247
Internacional,2018,23,05/09/2018,21:45,Quarta,09,Flamengo,Vitória,2,1,Mandante,Ricardo Marques Ribeiro,27.0,3.2,181.1,5.5,26.5,4.8,179.9,6.3,Estádio Beira-Rio,31487
Internacional,2018,24,09/09/2018,16:00,Domingo,09,Grêmio,Vitória,1,0,Mandante,Pericles Bassols Pegado Cortez,27.8,2.8,180.9,5.5,29.4,4.8,180.5,6.2,Estádio Beira-Rio,41742
Internacional,2018,25,17/09/2018,20:00,Segunda,09,Chapecoense,Derrota,1,2,Visitante,Wagner do Nascimento Magalhaes,27.0,3.2,180.8,5.3,28.1,3.7,179.0,6.9,Arena Condá,16981
Internacional,2018,26,23/09/2018,16:00,Domingo,09,Corinthians,Empate,1,1,Visitante,Eduardo Tomaz de Aquino Valadao,25.8,2.8,181.2,5.5,26.8,4.8,177.1,8.8,Neo Química Arena,26916
Internacional,2018,27,30/09/2018,16:00,Domingo,09,Vitória,Vitória,2,1,Mandante,Savio Pereira Sampaio,27.5,4.3,182.6,4.8,23.3,2.3,179.1,7.8,Estádio Beira-Rio,33347
Internacional,2018,28,05/10/2018,19:00,Sexta,10,Sport Recife,Derrota,1,2,Visitante,Andre Luiz de Freitas Castro,26.1,3.2,181.2,5.7,28.8,5.5,180.3,4.3,Ilha do Retiro,9979
Internacional,2018,29,14/10/2018,16:00,Domingo,10,São Paulo,Vitória,3,1,Mandante,Braulio Da Silva Machado,27.3,4.3,181.6,4.9,29.2,4.3,180.8,4.6,Estádio Beira-Rio,41640
Internacional,2018,30,22/10/2018,20:00,Segunda,10,Santos,Empate,2,2,Mandante,Ricardo Marques Ribeiro,28.4,4.1,182.5,5.4,26.9,4.7,181.3,7.9,Estádio Beira-Rio,38492
Internacional,2018,31,26/10/2018,21:30,Sexta,10,Vasco da Gama,Empate,1,1,Visitante,Igor Junio Benevenuto,28.1,4.2,181.0,6.3,28.1,5.3,181.1,6.1,Estádio São Januário,8648
Internacional,2018,32,04/11/2018,18:00,Domingo,11,Athletico,Vitória,2,1,Mandante,Rodrigo D'alonso Ferreira,27.8,4.5,182.0,5.7,26.4,3.7,179.2,5.9,Estádio Beira-Rio,23318
Internacional,2018,33,11/11/2018,16:00,Domingo,11,Ceará,Empate,1,1,Visitante,Dewson Fernando Freitas da Silva,27.8,4.2,182.2,5.1,28.0,4.9,179.4,8.1,Estádio Governador Plácido Castelo,43575
Internacional,2018,34,15/11/2018,20:00,Quinta,11,América Mineiro,Vitória,2,0,Mandante,Wilton Pereira Sampaio,27.4,3.0,182.2,6.0,30.2,4.4,180.7,7.8,Estádio Beira-Rio,26476
Internacional,2018,35,18/11/2018,16:00,Domingo,11,Botafogo,Derrota,0,1,Visitante,Rafael Traci,28.3,4.3,180.9,6.2,25.5,3.6,181.9,7.4,Estadio Nilton Santos,19006
Internacional,2018,36,21/11/2018,18:30,Quarta,11,Atlético Mineiro,Derrota,1,2,Mandante,Raphael Claus,27.8,4.2,182.2,5.1,29.7,5.9,180.5,9.2,Estádio Beira-Rio,23085
Internacional,2018,37,25/11/2018,18:00,Domingo,11,Fluminense,Vitória,2,0,Mandante,Heber Roberto Lopes,28.6,4.1,182.1,5.2,26.2,2.6,181.4,7.1,Estádio Beira-Rio,28446
Internacional,2018,38,02/12/2018,16:00,Domingo,12,Paraná Clube,Empate,1,1,Visitante,Rodrigo Carvalhaes de Miranda,28.5,3.2,178.8,6.6,23.1,3.7,179.5,5.5,Durival Britto e Silva,2228
Internacional,2019,1,27/04/2019,19:00,Sábado,04,Chapecoense,Derrota,0,2,Visitante,Raphael Claus,28.2,4.8,179.8,6.7,28.4,4.2,179.0,6.0,Arena Condá,8231
Internacional,2019,2,01/05/2019,16:00,Quarta,05,Flamengo,Vitória,2,1,Mandante,Flavio Rodrigues De Souza,29.2,4.7,180.7,6.0,27.5,3.3,180.2,7.3,Estádio Beira-Rio,37001
Internacional,2019,3,04/05/2019,19:00,Sábado,05,Palmeiras,Derrota,0,1,Visitante,Wagner do Nascimento Magalhaes,28.2,4.1,180.9,5.4,28.4,3.0,180.3,6.0,Nubank Parque,31549
Internacional,2019,4,12/05/2019,16:00,Domingo,05,Cruzeiro,Vitória,3,1,Mandante,Raphael Claus,29.2,5.0,180.2,6.0,30.2,4.5,180.3,6.9,Estádio Beira-Rio,21483
Internacional,2019,5,19/05/2019,16:00,Domingo,05,CSA,Vitória,2,0,Mandante,Rodrigo Carvalhaes de Miranda,29.2,5.0,180.2,6.0,29.7,3.2,178.8,8.6,Estádio Beira-Rio,24220
Internacional,2019,6,26/05/2019,16:00,Domingo,05,Santos,Empate,0,0,Visitante,Rodolpho Toski Marques,28.0,4.7,181.7,5.2,26.2,5.2,179.2,10.3,Estádio Urbano Caldeira,12756
Internacional,2019,7,02/06/2019,19:00,Domingo,06,Avaí,Vitória,2,0,Mandante,Rodrigo Nunes De Sa,29.3,4.8,179.6,5.6,26.2,4.1,180.2,7.0,Estádio Beira-Rio,19789
Internacional,2019,8,07/06/2019,20:30,Sexta,06,Vasco da Gama,Derrota,1,2,Visitante,Heber Roberto Lopes,27.9,3.9,178.8,5.4,25.1,4.3,181.0,6.5,Estádio São Januário,11046
Internacional,2019,9,12/06/2019,21:30,Quarta,06,Bahia,Vitória,3,1,Mandante,Paulo Roberto Alves Junior,29.0,5.0,178.9,5.6,27.7,4.7,180.8,8.3,Estádio Beira-Rio,15724
Internacional,2019,10,14/07/2019,16:00,Domingo,07,Athletico,Derrota,0,1,Visitante,Braulio Da Silva Machado,26.4,4.9,178.6,6.5,28.6,5.0,179.6,7.5,Arena da Baixada,12700
Internacional,2019,11,20/07/2019,19:00,Sábado,07,Grêmio,Empate,1,1,Mandante,Anderson Daronco,27.2,4.5,177.4,6.9,29.3,5.4,181.8,4.9,Estádio Beira-Rio,35103
Internacional,2019,12,27/07/2019,19:00,Sábado,07,Ceará,Vitória,1,0,Mandante,Marcelo de Lima Henrique,26.0,3.6,177.0,8.6,29.1,3.6,180.0,7.9,Estádio Beira-Rio,11033
Internacional,2019,13,03/08/2019,19:00,Sábado,08,Fluminense,Derrota,1,2,Visitante,Rodolpho Toski Marques,26.6,4.4,178.2,8.1,24.9,4.2,181.9,6.1,Estádio do Maracanã,16485
Internacional,2019,14,11/08/2019,11:00,Domingo,08,Corinthians,Empate,0,0,Mandante,Caio Max Augusto Vieira,31.4,4.4,180.6,6.5,28.9,3.8,177.9,9.2,Estádio Beira-Rio,32049
Internacional,2019,15,17/08/2019,17:00,Sábado,08,Fortaleza,Vitória,1,0,Visitante,Braulio Da Silva Machado,27.0,3.5,177.8,7.5,28.5,3.9,177.9,8.3,Estádio Governador Plácido Castelo,38519
Internacional,2019,16,25/08/2019,16:00,Domingo,08,Goiás,Derrota,1,2,Visitante,Marielson Alves Silva,26.9,3.4,176.6,6.8,27.2,4.1,180.0,6.4,Serra Dourada,8634
Internacional,2019,17,31/08/2019,21:00,Sábado,08,Botafogo,Vitória,3,2,Mandante,Dewson Fernando Freitas da Silva,30.4,3.1,180.3,5.7,28.4,4.9,180.2,7.7,Estádio Beira-Rio,8534
Internacional,2019,18,07/09/2019,19:00,Sábado,09,São Paulo,Vitória,1,0,Mandante,Marcelo de Lima Henrique,27.2,4.8,178.6,5.8,28.4,3.8,180.5,4.7,Estádio Beira-Rio,14302
Internacional,2019,19,15/09/2019,11:00,Domingo,09,Atlético Mineiro,Vitória,3,1,Visitante,Bruno Arleu de Araujo,26.0,4.1,177.0,6.9,30.5,6.5,180.8,7.9,Arena Independência,18966
Internacional,2019,20,22/09/2019,11:00,Domingo,09,Chapecoense,Vitória,1,0,Mandante,Diego Pombo Lopez,30.6,2.9,181.6,6.1,30.3,4.9,177.7,5.2,Estádio Beira-Rio,21349
Internacional,2019,21,25/09/2019,21:30,Quarta,09,Flamengo,Derrota,1,3,Visitante,Luiz Flávio de Oliveira,30.1,3.8,182.0,5.4,28.4,4.1,180.8,5.8,Estádio do Maracanã,64548
Internacional,2019,22,29/09/2019,16:00,Domingo,09,Palmeiras,Empate,1,1,Mandante,Braulio Da Silva Machado,27.6,5.0,179.8,5.6,29.4,3.1,180.1,6.1,Estádio Beira-Rio,20813
Internacional,2019,23,05/10/2019,21:00,Sábado,10,Cruzeiro,Empate,1,1,Visitante,Wagner do Nascimento Magalhaes,27.7,5.2,180.7,5.5,28.5,6.3,181.1,6.4,Governador Magalhães Pinto,22561
Internacional,2019,24,09/10/2019,19:15,Quarta,10,CSA,Derrota,0,1,Visitante,Vinicius Furlan,27.4,3.9,178.5,6.0,29.1,3.0,179.3,7.5,Estádio Rei Pelé,9927
Internacional,2019,25,13/10/2019,16:00,Domingo,10,Santos,Empate,0,0,Mandante,Bruno Arleu de Araujo,27.8,5.2,178.6,5.7,27.1,3.5,181.8,8.3,Estádio Beira-Rio,12035
Internacional,2019,26,17/10/2019,19:15,Quinta,10,Avaí,Vitória,2,0,Visitante,Thiago Duarte Peixoto,26.8,5.3,179.6,6.1,26.5,4.4,181.6,5.5,Estádio da Ressacada,6377
Internacional,2019,27,20/10/2019,16:00,Domingo,10,Vasco da Gama,Derrota,0,1,Mandante,Vinicius Goncalves Dias Araujo,29.0,5.8,179.6,6.3,26.4,4.7,181.3,7.6,Estádio Beira-Rio,24435
Internacional,2019,28,26/10/2019,19:00,Sábado,10,Bahia,Vitória,3,2,Visitante,Marcelo de Lima Henrique,27.4,4.9,178.3,7.8,27.3,4.5,179.5,7.8,Arena Fonte Nova,27542
Internacional,2019,29,31/10/2019,21:30,Quinta,10,Athletico,Empate,1,1,Mandante,Andre Luiz de Freitas Castro,29.7,5.3,179.4,6.2,28.0,3.9,179.1,6.6,Estádio Beira-Rio,18767
Internacional,2019,30,03/11/2019,18:00,Domingo,11,Grêmio,Derrota,0,2,Visitante,Flavio Rodrigues De Souza,30.4,3.4,180.4,7.6,29.4,4.3,180.8,5.0,Arena do Grêmio,40618
Internacional,2019,31,07/11/2019,19:30,Quinta,11,Ceará,Derrota,0,2,Visitante,Wilton Pereira Sampaio,29.5,5.7,181.5,5.4,30.3,2.1,180.4,7.2,Estádio Governador Plácido Castelo,19966
Internacional,2019,32,10/11/2019,16:00,Domingo,11,Fluminense,Vitória,2,1,Mandante,Rodolpho Toski Marques,30.4,4.9,180.7,5.2,26.4,5.4,181.9,5.6,Estádio Beira-Rio,11781
Internacional,2019,33,17/11/2019,18:00,Domingo,11,Corinthians,Empate,0,0,Visitante,Marcelo de Lima Henrique,30.2,4.8,179.8,5.3,29.5,4.6,179.0,10.0,Neo Química Arena,29159
Internacional,2019,34,24/11/2019,19:00,Domingo,11,Fortaleza,Empate,2,2,Mandante,Jose Mendonca da Silva Junior,30.4,4.9,180.7,5.2,29.0,4.4,178.4,6.8,Estádio Beira-Rio,26012
Internacional,2019,35,27/11/2019,19:30,Quarta,11,Goiás,Derrota,1,2,Mandante,Caio Max Augusto Vieira,30.7,5.0,180.3,5.2,28.3,3.7,179.9,6.8,Estádio Beira-Rio,19331
Internacional,2019,36,30/11/2019,19:00,Sábado,11,Botafogo,Vitória,1,0,Visitante,Rodolpho Toski Marques,29.1,4.5,179.5,6.7,27.2,5.3,180.5,7.2,Estadio Nilton Santos,30956
Internacional,2019,37,04/12/2019,21:30,Quarta,12,São Paulo,Derrota,1,2,Visitante,Braulio Da Silva Machado,28.6,4.9,179.3,6.8,28.0,4.8,180.6,5.5,MorumBIS,30822
Internacional,2019,38,08/12/2019,16:00,Domingo,12,Atlético Mineiro,Vitória,2,1,Mandante,Savio Pereira Sampaio,28.7,5.9,178.7,8.0,28.6,5.5,183.0,9.1,Estádio Beira-Rio,18616
Internacional,2020,1,08/08/2020,19:30,Sábado,08,Coritiba,Vitória,1,0,Visitante,Bruno Arleu de Araujo,27.7,5.1,182.5,5.2,28.1,4.5,180.5,4.4,Estádio Major Antônio Couto Pereira,0
Internacional,2020,2,13/08/2020,19:30,Quinta,08,Santos,Vitória,2,0,Mandante,Marcelo de Lima Henrique,29.2,4.2,181.7,5.3,28.2,4.1,178.3,9.6,Estádio Beira-Rio,0
Internacional,2020,3,16/08/2020,18:00,Domingo,08,Fluminense,Derrota,1,2,Visitante,Raphael Claus,29.2,4.2,181.2,4.7,27.2,5.8,180.9,5.8,Estádio do Maracanã,0
Internacional,2020,4,19/08/2020,20:30,Quarta,08,Atlético Goianiense,Vitória,3,0,Mandante,Reway Wagner,26.4,5.1,180.6,5.6,27.5,3.3,182.0,5.8,Estádio Beira-Rio,0
Internacional,2020,5,22/08/2020,19:00,Sábado,08,Atlético Mineiro,Vitória,1,0,Mandante,Luiz Flávio de Oliveira,28.2,3.6,180.0,5.2,27.9,4.4,181.6,7.5,Estádio Beira-Rio,0
Internacional,2020,6,29/08/2020,17:00,Sábado,08,Botafogo,Vitória,2,0,Visitante,Thiago Duarte Peixoto,29.5,4.7,180.2,4.9,26.0,4.1,181.8,7.3,Estadio Nilton Santos,0
Internacional,2020,7,02/09/2020,21:30,Quarta,09,Palmeiras,Empate,1,1,Visitante,Wilton Pereira Sampaio,26.3,5.0,181.4,5.8,27.3,4.3,180.7,4.3,Nubank Parque,0
Internacional,2020,8,06/09/2020,16:00,Domingo,09,Bahia,Empate,2,2,Mandante,Braulio Da Silva Machado,29.0,5.5,180.1,5.1,28.1,3.8,178.4,7.2,Estádio Beira-Rio,0
Internacional,2020,9,10/09/2020,19:15,Quinta,09,Ceará,Vitória,2,0,Mandante,Rodrigo Dalonso Ferreira,26.0,5.0,180.2,5.6,28.1,5.6,183.5,7.5,Estádio Beira-Rio,0
Internacional,2020,10,13/09/2020,18:00,Domingo,09,Goiás,Derrota,0,1,Visitante,Flavio Rodrigues De Souza,28.8,5.9,181.2,5.6,28.0,5.0,179.9,8.9,Serra Dourada,0
Internacional,2020,11,19/09/2020,19:00,Sábado,09,Fortaleza,Derrota,0,1,Visitante,Marielson Alves Silva,27.4,5.1,182.0,4.3,30.9,4.2,178.0,7.1,Estádio Governador Plácido Castelo,0
Internacional,2020,12,26/09/2020,19:00,Sábado,09,São Paulo,Empate,1,1,Mandante,Marcelo de Lima Henrique,28.0,4.6,180.6,5.6,26.7,4.8,180.0,5.1,Estádio Beira-Rio,0
Internacional,2020,13,03/10/2020,17:00,Sábado,10,Grêmio,Empate,1,1,Visitante,Raphael Claus,29.9,4.0,180.9,5.4,29.1,5.0,180.9,6.6,Arena do Grêmio,0
Internacional,2020,14,08/10/2020,21:00,Quinta,10,Red Bull Bragantino,Vitória,2,0,Visitante,Felipe Fernandes de Lima,28.4,4.4,180.0,4.8,27.4,4.8,179.2,5.6,Estádio Nabi Abi Chedid,0
Internacional,2020,15,11/10/2020,20:30,Domingo,10,Athletico,Vitória,2,1,Mandante,Bruno Arleu de Araujo,27.1,5.0,181.7,5.1,25.8,4.3,180.4,6.2,Estádio Beira-Rio,0
Internacional,2020,16,14/10/2020,21:30,Quarta,10,Sport Recife,Vitória,5,3,Visitante,Wagner do Nascimento Magalhaes,30.4,2.3,180.4,5.4,28.3,4.6,181.5,6.7,Ilha do Retiro,0
Internacional,2020,17,18/10/2020,18:15,Domingo,10,Vasco da Gama,Vitória,2,0,Mandante,Braulio Da Silva Machado,29.6,3.3,180.4,5.0,27.0,5.2,179.2,6.1,Estádio Beira-Rio,0
Internacional,2020,18,25/10/2020,18:15,Domingo,10,Flamengo,Empate,2,2,Mandante,Wilton Pereira Sampaio,28.9,4.4,180.4,5.2,26.7,4.6,183.9,7.4,Estádio Beira-Rio,0
Internacional,2020,19,31/10/2020,19:00,Sábado,10,Corinthians,Derrota,0,1,Visitante,Paulo Roberto Alves Junior,28.8,4.3,180.3,5.1,28.1,4.9,178.1,9.3,Neo Química Arena,0
Internacional,2020,20,08/11/2020,16:00,Domingo,11,Coritiba,Empate,2,2,Mandante,Dyorgines Jose Padovani de Andrade,27.2,4.8,180.8,5.2,28.9,5.2,179.5,5.2,Estádio Beira-Rio,0
Internacional,2020,21,14/11/2020,16:30,Sábado,11,Santos,Derrota,0,2,Visitante,Savio Pereira Sampaio,28.4,4.4,180.5,5.4,24.6,4.7,181.7,7.7,Estádio Urbano Caldeira,0
Internacional,2020,22,22/11/2020,18:15,Domingo,11,Fluminense,Derrota,1,2,Mandante,Luiz Flávio de Oliveira,27.2,5.1,179.7,5.3,28.5,5.7,180.7,6.4,Estádio Beira-Rio,0
Internacional,2020,23,28/11/2020,21:00,Sábado,11,Atlético Goianiense,Empate,0,0,Visitante,Ramon Abatti Abel,29.2,6.4,181.6,5.0,25.9,2.7,178.4,7.7,Serra Dourada,0
Internacional,2020,24,06/12/2020,18:15,Domingo,12,Atlético Mineiro,Empate,2,2,Visitante,Bruno Arleu de Araujo,28.4,4.4,181.5,5.6,27.8,3.9,179.4,7.9,Governador Magalhães Pinto,0
Internacional,2020,25,12/12/2020,19:00,Sábado,12,Botafogo,Vitória,2,1,Mandante,Caio Max Augusto Vieira,29.2,4.0,181.0,5.3,26.3,5.1,181.2,6.6,Estádio Beira-Rio,0
Internacional,2020,26,19/12/2020,21:00,Sábado,12,Palmeiras,Vitória,2,0,Mandante,Savio Pereira Sampaio,27.4,5.3,181.7,5.5,27.3,4.7,179.0,5.2,Estádio Beira-Rio,0
Internacional,2020,27,27/12/2020,16:00,Domingo,12,Bahia,Vitória,2,1,Visitante,Paulo Roberto Alves Junior,27.7,4.9,181.7,5.8,27.6,4.3,178.7,7.0,Arena Fonte Nova,0
Internacional,2020,28,07/01/2021,19:00,Quinta,01,Ceará,Vitória,2,0,Visitante,Felipe Fernandes de Lima,27.2,5.2,181.9,5.4,28.3,3.8,182.0,8.2,Estádio Governador Plácido Castelo,0
Internacional,2020,29,10/01/2021,18:15,Domingo,01,Goiás,Vitória,1,0,Mandante,Edina Alves Batista,27.5,4.9,181.7,5.5,27.6,5.4,183.7,6.3,Estádio Beira-Rio,0
Internacional,2020,30,17/01/2021,20:30,Domingo,01,Fortaleza,Vitória,4,2,Mandante,Rodrigo Dalonso Ferreira,26.2,5.1,182.1,5.6,31.3,4.0,178.6,7.3,Estádio Beira-Rio,0
Internacional,2020,31,20/01/2021,21:30,Quarta,01,São Paulo,Vitória,5,1,Visitante,Marcelo de Lima Henrique,26.2,5.1,182.1,5.6,28.2,5.4,179.0,4.8,MorumBIS,0
Internacional,2020,32,24/01/2021,16:00,Domingo,01,Grêmio,Vitória,2,1,Mandante,Luiz Flávio de Oliveira,26.1,5.2,181.9,5.9,29.5,4.9,181.8,6.3,Estádio Beira-Rio,0
Internacional,2020,33,31/01/2021,18:15,Domingo,01,Red Bull Bragantino,Vitória,2,1,Mandante,Savio Pereira Sampaio,26.2,5.1,182.1,5.6,26.3,4.7,179.3,6.3,Estádio Beira-Rio,0
Internacional,2020,34,04/02/2021,21:00,Quinta,02,Athletico,Empate,0,0,Visitante,Ricardo Marques Ribeiro,27.2,4.9,181.5,5.8,28.8,4.6,179.1,7.6,Arena da Baixada,0
Internacional,2020,35,10/02/2021,19:00,Quarta,02,Sport Recife,Derrota,1,2,Mandante,Rodolpho Toski Marques,26.8,5.3,181.6,5.7,27.7,3.7,182.5,6.6,Estádio Beira-Rio,0
Internacional,2020,36,14/02/2021,16:00,Domingo,02,Vasco da Gama,Vitória,2,0,Visitante,Flavio Rodrigues De Souza,25.5,5.3,181.9,5.9,28.2,5.7,179.4,6.1,Estádio São Januário,0
Internacional,2020,37,21/02/2021,16:00,Domingo,02,Flamengo,Derrota,1,2,Visitante,Raphael Claus,25.4,4.8,181.8,5.5,29.0,4.5,182.0,8.2,Estádio do Maracanã,0
Internacional,2020,38,25/02/2021,21:30,Quinta,02,Corinthians,Empate,0,0,Mandante,Wilton Pereira Sampaio,25.5,5.2,182.0,5.8,29.2,4.5,180.1,9.4,Estádio Beira-Rio,0
Internacional,2021,1,30/05/2021,20:30,Domingo,05,Sport Recife,Empate,2,2,Mandante,Vinicius Goncalves Dias Araujo,27.4,5.5,180.5,5.9,27.9,4.0,181.8,7.6,Estádio Beira-Rio,0
Internacional,2021,2,06/06/2021,16:00,Domingo,06,Fortaleza,Derrota,1,5,Visitante,Paulo Roberto Alves Junior,24.4,5.0,180.7,4.9,28.0,2.8,180.6,4.5,Estádio Governador Plácido Castelo,0
Internacional,2021,3,13/06/2021,20:30,Domingo,06,Bahia,Vitória,1,0,Visitante,Wagner do Nascimento Magalhaes,26.3,5.4,181.1,6.0,26.1,3.7,180.5,6.1,Arena Fonte Nova,0
Internacional,2021,4,16/06/2021,19:00,Quarta,06,Atlético Mineiro,Derrota,0,1,Mandante,Luiz Flávio de Oliveira,26.8,5.0,181.0,5.4,28.1,4.2,179.2,6.8,Estádio Beira-Rio,0
Internacional,2021,5,20/06/2021,16:00,Domingo,06,Ceará,Empate,1,1,Mandante,Diego Pombo Lopez,26.2,5.1,180.8,5.6,26.6,3.2,181.5,6.5,Estádio Beira-Rio,0
Internacional,2021,6,24/06/2021,19:00,Quinta,06,Chapecoense,Vitória,2,1,Visitante,Alexandre Vargas Tavares de Jesus,24.9,4.5,181.0,6.1,25.6,4.5,181.2,7.2,Arena Condá,0
Internacional,2021,7,27/06/2021,20:30,Domingo,06,América Mineiro,Empate,1,1,Visitante,Braulio Da Silva Machado,25.4,4.6,181.3,6.1,30.7,4.5,180.9,6.4,Arena Independência,0
Internacional,2021,8,30/06/2021,19:00,Quarta,06,Palmeiras,Derrota,1,2,Mandante,Paulo Roberto Alves Junior,25.2,4.7,181.0,5.4,27.5,5.4,180.5,4.4,Estádio Beira-Rio,0
Internacional,2021,9,03/07/2021,21:00,Sábado,07,Corinthians,Empate,1,1,Visitante,Marcelo de Lima Henrique,24.3,4.8,180.5,5.2,28.4,5.5,180.4,8.7,Neo Química Arena,0
Internacional,2021,10,07/07/2021,21:30,Quarta,07,São Paulo,Derrota,0,2,Mandante,Bruno Arleu de Araujo,22.6,3.2,182.3,5.3,27.5,5.6,179.4,6.1,Estádio Beira-Rio,0
Internacional,2021,11,10/07/2021,16:30,Sábado,07,Grêmio,Empate,0,0,Visitante,Flavio Rodrigues De Souza,27.1,4.4,180.6,5.5,28.9,6.0,180.9,6.6,Arena do Grêmio,0
Internacional,2021,12,18/07/2021,20:30,Domingo,07,Juventude,Vitória,1,0,Mandante,Rodolpho Toski Marques,27.4,5.2,179.5,5.3,27.6,3.9,181.6,6.0,Estádio Beira-Rio,0
Internacional,2021,13,25/07/2021,18:15,Domingo,07,Athletico,Derrota,1,2,Visitante,Thiago Luis Scarascati,24.9,4.3,180.2,5.8,25.5,3.3,181.7,5.6,Arena da Baixada,0
Internacional,2021,14,31/07/2021,20:00,Sábado,07,Cuiabá,Empate,0,0,Mandante,Paulo Cesar Zanovelli da Silva,27.9,5.3,181.2,5.4,28.9,4.3,181.0,5.9,Estádio Beira-Rio,0
Internacional,2021,15,08/08/2021,18:15,Domingo,08,Flamengo,Vitória,4,0,Visitante,Paulo Roberto Alves Junior,27.7,4.7,181.0,5.0,30.9,4.0,181.1,6.8,Estádio do Maracanã,0
Internacional,2021,16,15/08/2021,20:30,Domingo,08,Fluminense,Vitória,4,2,Mandante,Luiz Flávio de Oliveira,28.2,4.1,181.4,5.1,26.9,5.1,179.9,6.5,Estádio Beira-Rio,0
Internacional,2021,17,22/08/2021,18:15,Domingo,08,Santos,Empate,2,2,Visitante,Wagner do Nascimento Magalhaes,28.8,4.5,181.5,5.0,26.2,5.1,179.3,6.4,Estádio Urbano Caldeira,0
Internacional,2021,18,29/08/2021,18:15,Domingo,08,Atlético Goianiense,Empate,0,0,Visitante,Marielson Alves Silva,26.5,4.8,181.4,5.6,28.2,3.6,180.2,6.0,Serra Dourada,0
Internacional,2021,20,13/09/2021,20:00,Segunda,09,Sport Recife,Vitória,1,0,Visitante,Andre Luiz de Freitas Castro,26.5,4.7,180.5,5.0,26.6,3.0,183.4,7.1,Ilha do Retiro,0
Internacional,2021,21,19/09/2021,11:00,Domingo,09,Fortaleza,Vitória,1,0,Mandante,Edina Alves Batista,27.1,4.3,181.5,4.8,28.5,3.3,179.8,4.9,Estádio Beira-Rio,0
Internacional,2021,22,26/09/2021,16:00,Domingo,09,Bahia,Vitória,2,0,Mandante,Bruno Arleu de Araujo,27.1,5.1,180.6,5.3,30.3,4.4,180.9,8.6,Estádio Beira-Rio,0
Internacional,2021,23,02/10/2021,21:00,Sábado,10,Atlético Mineiro,Derrota,0,1,Visitante,Luiz Flávio de Oliveira,28.4,4.1,181.4,5.1,28.7,4.1,179.0,6.1,Governador Magalhães Pinto,0
Internacional,2021,24,06/10/2021,19:00,Quarta,10,Ceará,Empate,0,0,Visitante,Rodolpho Toski Marques,26.3,4.6,180.8,4.6,27.8,3.9,182.5,7.4,Estádio Governador Plácido Castelo,2810
Internacional,2021,25,10/10/2021,11:00,Domingo,10,Chapecoense,Vitória,5,2,Mandante,Alisson Sidnei Furtado,27.3,4.5,181.3,5.2,25.6,4.2,180.5,6.3,Estádio Beira-Rio,11976
Internacional,2021,26,13/10/2021,21:30,Quarta,10,América Mineiro,Vitória,3,1,Mandante,Caio Max Augusto Vieira,28.5,4.6,180.9,5.1,30.1,4.1,180.3,7.5,Estádio Beira-Rio,9182
Internacional,2021,27,17/10/2021,16:00,Domingo,10,Palmeiras,Derrota,0,1,Visitante,Braulio Da Silva Machado,29.1,5.0,181.3,5.1,30.0,4.2,179.1,7.1,Nubank Parque,11111
Internacional,2021,19,21/10/2021,20:00,Quinta,10,Red Bull Bragantino,Empate,1,1,Mandante,Marielson Alves Silva,27.3,5.7,182.2,6.4,24.8,4.4,181.0,6.0,Estádio Beira-Rio,11026
Internacional,2021,28,24/10/2021,16:00,Domingo,10,Corinthians,Empate,2,2,Mandante,Bruno Arleu de Araujo,29.5,4.9,182.5,6.2,29.2,5.5,180.1,8.4,Estádio Beira-Rio,11437
Internacional,2021,29,31/10/2021,18:15,Domingo,10,São Paulo,Derrota,0,1,Visitante,Andre Luiz de Freitas Castro,26.3,5.7,179.8,5.5,28.0,4.3,181.7,4.0,MorumBIS,19867
Internacional,2021,30,06/11/2021,19:00,Sábado,11,Grêmio,Vitória,1,0,Mandante,Marcelo de Lima Henrique,29.1,4.5,181.3,5.0,29.9,4.7,180.7,6.1,Estádio Beira-Rio,23015
Internacional,2021,31,10/11/2021,21:30,Quarta,11,Juventude,Derrota,1,2,Visitante,Bruno Arleu de Araujo,27.2,6.0,181.6,4.2,29.2,4.8,180.4,6.2,Estádio Alfredo Jaconi,3816
Internacional,2021,32,13/11/2021,19:00,Sábado,11,Athletico,Vitória,2,1,Mandante,Ramon Abatti Abel,27.9,4.9,182.8,5.0,26.4,4.0,180.0,4.6,Estádio Beira-Rio,8623
Internacional,2021,33,17/11/2021,19:00,Quarta,11,Cuiabá,Derrota,0,1,Visitante,Paulo Roberto Alves Junior,25.5,5.4,181.3,4.1,27.9,4.8,181.5,6.2,Estádio Eurico Gaspar Dutra,7750
Internacional,2021,34,20/11/2021,21:30,Sábado,11,Flamengo,Derrota,1,2,Mandante,Savio Pereira Sampaio,29.2,4.3,181.0,4.9,30.6,4.1,179.2,6.0,Estádio Beira-Rio,22000
Internacional,2021,35,24/11/2021,21:30,Quarta,11,Fluminense,Derrota,0,1,Visitante,Felipe Fernandes de Lima,29.4,4.5,180.8,4.9,27.8,5.5,179.2,7.0,Estádio do Maracanã,18617
Internacional,2021,36,28/11/2021,19:00,Domingo,11,Santos,Empate,1,1,Mandante,Braulio Da Silva Machado,27.5,5.4,181.1,5.0,22.8,4.2,181.7,5.1,Estádio Beira-Rio,11432
Internacional,2021,37,06/12/2021,20:00,Segunda,12,Atlético Goianiense,Derrota,1,2,Mandante,Flavio Rodrigues De Souza,29.2,4.5,181.3,5.0,26.6,3.7,179.2,7.7,Estádio Beira-Rio,17143
Internacional,2021,38,09/12/2021,21:30,Quinta,12,Red Bull Bragantino,Derrota,0,1,Visitante,Braulio Da Silva Machado,28.3,4.9,181.8,4.1,24.5,4.3,181.2,7.3,Estádio Nabi Abi Chedid,5339
Internacional,2022,1,10/04/2022,16:00,Domingo,04,Atlético Mineiro,Derrota,0,2,Visitante,Bruno Arleu de Araujo,26.8,4.3,178.9,8.5,28.5,3.6,177.5,6.5,Governador Magalhães Pinto,37531
Internacional,2022,2,17/04/2022,18:00,Domingo,04,Fortaleza,Vitória,2,1,Mandante,Flavio Rodrigues De Souza,29.2,5.8,179.0,7.5,27.8,2.7,179.1,4.2,Estádio Beira-Rio,31783
Internacional,2022,3,23/04/2022,19:00,Sábado,04,Fluminense,Vitória,1,0,Visitante,Braulio Da Silva Machado,29.0,4.0,178.1,7.2,29.3,7.0,179.7,6.1,Estádio do Maracanã,16176
Internacional,2022,4,01/05/2022,19:00,Domingo,05,Avaí,Empate,0,0,Mandante,Wilton Pereira Sampaio,27.8,3.9,177.7,6.6,28.7,4.9,181.1,5.6,Estádio Beira-Rio,20808
Internacional,2022,5,08/05/2022,19:00,Domingo,05,Juventude,Empate,1,1,Visitante,Bruno Arleu de Araujo,27.0,3.0,179.3,6.1,27.7,3.2,179.9,6.4,Estádio Alfredo Jaconi,7341
Internacional,2022,6,14/05/2022,19:00,Sábado,05,Corinthians,Empate,2,2,Mandante,Braulio Da Silva Machado,28.8,3.3,178.5,5.8,28.3,5.2,181.1,7.7,Estádio Beira-Rio,18482
Internacional,2022,7,21/05/2022,21:00,Sábado,05,Cuiabá,Empate,1,1,Visitante,Ramon Abatti Abel,28.2,3.5,177.8,5.9,28.6,3.8,178.8,7.1,Arena Pantanal,7968
Internacional,2022,8,30/05/2022,20:00,Segunda,05,Atlético Goianiense,Empate,1,1,Mandante,Marcelo de Lima Henrique,27.1,3.8,180.0,7.1,27.7,3.0,182.0,5.8,Estádio Beira-Rio,11050
Internacional,2022,9,05/06/2022,19:00,Domingo,06,Red Bull Bragantino,Vitória,2,0,Visitante,Wagner do Nascimento Magalhaes,28.8,3.3,177.9,6.2,24.9,4.5,182.5,6.7,Estádio Nabi Abi Chedid,3062
Internacional,2022,10,08/06/2022,21:30,Quarta,06,Santos,Empate,1,1,Visitante,Ramon Abatti Abel,29.4,3.4,177.5,5.6,27.2,3.7,183.3,4.6,Estádio Urbano Caldeira,8845
Internacional,2022,11,11/06/2022,21:00,Sábado,06,Flamengo,Vitória,3,1,Mandante,Braulio Da Silva Machado,28.6,3.1,178.1,6.1,30.2,4.8,180.4,5.1,Estádio Beira-Rio,22392
Internacional,2022,12,15/06/2022,20:30,Quarta,06,Goiás,Vitória,2,1,Visitante,Caio Max Augusto Vieira,28.0,4.0,178.8,6.3,26.3,3.0,180.7,8.6,Estádio da Serrinha,8892
Internacional,2022,13,19/06/2022,18:00,Domingo,06,Botafogo,Derrota,2,3,Mandante,Savio Pereira Sampaio,28.9,3.3,178.0,5.9,26.8,4.7,182.5,6.5,Estádio Beira-Rio,26219
Internacional,2022,14,24/06/2022,21:30,Sexta,06,Coritiba,Vitória,3,0,Mandante,Jefferson Ferreira de Moraes,28.5,5.0,178.2,6.6,27.1,5.9,184.3,7.9,Estádio Beira-Rio,13454
Internacional,2022,15,02/07/2022,19:00,Sábado,07,Ceará,Empate,1,1,Visitante,Rodolpho Toski Marques,25.1,5.1,182.5,8.1,27.6,3.8,182.4,7.8,Estádio Governador Plácido Castelo,23283
Internacional,2022,16,11/07/2022,20:00,Segunda,07,América Mineiro,Vitória,1,0,Mandante,Flavio Rodrigues De Souza,30.3,3.9,178.8,5.6,29.3,5.1,182.1,7.5,Estádio Beira-Rio,19023
Internacional,2022,17,16/07/2022,16:30,Sábado,07,Athletico,Empate,0,0,Visitante,Ramon Abatti Abel,26.5,4.3,180.4,6.9,24.7,2.5,180.0,5.1,Arena da Baixada,21402
Internacional,2022,18,20/07/2022,20:30,Quarta,07,São Paulo,Empate,3,3,Mandante,Marcelo de Lima Henrique,28.9,4.7,179.3,5.5,25.2,5.1,177.6,6.3,Estádio Beira-Rio,32804
Internacional,2022,19,24/07/2022,16:00,Domingo,07,Palmeiras,Derrota,1,2,Visitante,Bruno Arleu de Araujo,27.2,5.3,180.6,6.8,27.3,4.7,180.1,6.7,Nubank Parque,38658
Internacional,2022,20,31/07/2022,16:00,Domingo,07,Atlético Mineiro,Vitória,3,0,Mandante,Flavio Rodrigues De Souza,28.0,4.1,177.1,5.9,30.0,3.9,179.2,5.9,Estádio Beira-Rio,39451
Internacional,2022,21,07/08/2022,18:00,Domingo,08,Fortaleza,Derrota,0,3,Visitante,Wagner do Nascimento Magalhaes,25.6,4.3,181.1,7.8,29.6,3.9,178.4,6.1,Estádio Governador Plácido Castelo,39523
Internacional,2022,22,14/08/2022,19:00,Domingo,08,Fluminense,Vitória,3,0,Mandante,Ramon Abatti Abel,27.0,4.3,178.1,6.4,28.1,6.8,179.0,6.7,Estádio Beira-Rio,14824
Internacional,2022,23,22/08/2022,20:00,Segunda,08,Avaí,Vitória,1,0,Visitante,Edina Alves Batista,26.8,4.3,178.5,7.2,31.3,5.0,180.6,6.0,Estádio da Ressacada,13911
Internacional,2022,24,29/08/2022,20:00,Segunda,08,Juventude,Vitória,4,0,Mandante,Bruno Arleu de Araujo,27.1,4.3,178.1,6.4,28.4,3.1,179.5,6.4,Estádio Beira-Rio,16518
Internacional,2022,25,04/09/2022,16:00,Domingo,09,Corinthians,Empate,2,2,Visitante,Braulio Da Silva Machado,27.1,4.3,178.1,6.4,29.8,5.2,179.5,9.1,Neo Química Arena,41423
Internacional,2022,26,10/09/2022,16:30,Sábado,09,Cuiabá,Vitória,1,0,Mandante,Maguielson Lima Barbosa,27.2,4.3,178.1,6.4,28.5,3.3,183.1,4.0,Estádio Beira-Rio,30719
Internacional,2022,27,19/09/2022,20:00,Segunda,09,Atlético Goianiense,Vitória,2,1,Visitante,Edina Alves Batista,28.4,4.4,177.9,6.8,27.4,3.4,181.2,5.4,Estádio Antônio Accioly,5185
Internacional,2022,28,28/09/2022,21:45,Quarta,09,Red Bull Bragantino,Empate,0,0,Mandante,Wagner do Nascimento Magalhaes,28.9,4.3,179.9,6.0,25.7,3.1,180.1,6.7,Estádio Beira-Rio,17945
Internacional,2022,29,01/10/2022,15:00,Sábado,10,Santos,Vitória,1,0,Mandante,Ramon Abatti Abel,27.3,4.4,179.6,7.6,26.2,5.7,179.5,7.8,Estádio Beira-Rio,30858
Internacional,2022,30,05/10/2022,21:30,Quarta,10,Flamengo,Empate,0,0,Visitante,Flavio Rodrigues De Souza,28.0,4.4,178.3,6.5,29.4,4.6,180.7,5.9,Estádio do Maracanã,43710
Internacional,2022,31,09/10/2022,11:00,Domingo,10,Goiás,Vitória,4,2,Mandante,Edina Alves Batista,27.4,4.5,180.2,7.1,27.2,2.7,179.4,7.8,Estádio Beira-Rio,31554
Internacional,2022,32,16/10/2022,18:00,Domingo,10,Botafogo,Vitória,1,0,Visitante,Braulio Da Silva Machado,28.1,4.1,179.9,7.2,29.8,3.0,182.9,5.8,Estádio Nilton Santos,24445
Internacional,2022,33,23/10/2022,18:00,Domingo,10,Coritiba,Empate,1,1,Visitante,Wagner do Nascimento Magalhaes,28.5,4.3,180.3,7.0,27.4,5.1,184.4,7.5,Estádio Major Antônio Couto Pereira,N.A
Internacional,2022,34,26/10/2022,21:45,Quarta,10,Ceará,Vitória,2,1,Mandante,Ramon Abatti Abel,29.3,4.0,180.8,6.0,29.9,4.5,180.5,8.6,Estádio Beira-Rio,N.A
Internacional,2022,35,02/11/2022,16:00,Quarta,11,América Mineiro,Derrota,0,1,Visitante,Bruno Arleu de Araujo,28.1,4.1,179.9,7.2,31.2,3.1,180.2,7.4,Arena Independência,N.A
Internacional,2022,36,05/11/2022,21:00,Sábado,11,Athletico,Vitória,2,0,Mandante,Flavio Rodrigues De Souza,27.5,4.6,179.5,6.7,26.0,5.6,180.5,5.0,Estádio Beira-Rio,N.A
Internacional,2022,37,08/11/2022,21:30,Terça,11,São Paulo,Vitória,1,0,Visitante,Wagner do Nascimento Magalhaes,27.5,4.5,180.2,7.1,26.5,4.5,181.0,5.0,MorumBIS,19692
Internacional,2022,38,13/11/2022,16:00,Domingo,11,Palmeiras,Vitória,3,0,Mandante,Bruno Arleu de Araujo,27.4,4.8,178.7,7.2,25.9,4.4,179.2,8.2,Estádio Beira-Rio,N.A
Internacional,2023,1,15/04/2023,18:30,Sábado,04,Fortaleza,Empate,1,1,Visitante,Edina Alves Batista,27.5,4.5,182.5,6.5,30.7,4.4,179.2,5.3,Estádio Governador Plácido Castelo,30191
Internacional,2023,2,23/04/2023,11:00,Domingo,04,Flamengo,Vitória,2,1,Mandante,Ramon Abatti Abel,28.1,4.6,181.4,5.4,27.9,4.4,182.6,5.4,Estádio Beira-Rio,45751
Internacional,2023,3,30/04/2023,18:30,Domingo,04,Goiás,Vitória,1,0,Mandante,Rodrigo Jose Pereira de Lima,28.1,5.4,180.8,7.7,27.9,3.2,180.7,5.4,Estádio Beira-Rio,29193
Internacional,2023,4,07/05/2023,16:00,Domingo,05,São Paulo,Derrota,0,2,Visitante,Braulio Da Silva Machado,29.0,4.8,180.2,5.7,27.2,5.5,180.5,6.7,MorumBIS,46093
Internacional,2023,5,10/05/2023,19:00,Quarta,05,Athletico,Derrota,0,2,Mandante,Bruno Arleu de Araujo,29.8,4.0,179.6,6.9,25.7,4.3,181.2,5.1,Estádio Beira-Rio,13537
Internacional,2023,6,13/05/2023,21:00,Sábado,05,Atlético Mineiro,Derrota,0,2,Visitante,Raphael Claus,27.1,5.8,180.3,6.6,29.0,4.5,178.6,6.9,Governador Magalhães Pinto,36080
Internacional,2023,7,21/05/2023,18:30,Domingo,05,Grêmio,Derrota,1,3,Visitante,Flavio Rodrigues De Souza,28.8,6.1,181.5,5.4,29.6,4.3,180.6,5.4,Arena do Grêmio,39438
Internacional,2023,8,28/05/2023,16:00,Domingo,05,Bahia,Vitória,2,0,Mandante,Wagner do Nascimento Magalhaes,27.7,5.0,182.0,6.0,27.0,3.4,182.5,6.3,Estádio Beira-Rio,19037
Internacional,2023,9,03/06/2023,21:00,Sábado,06,Santos,Empate,1,1,Visitante,Paulo Cesar Zanovelli da Silva,27.8,4.2,179.9,6.7,27.0,4.1,179.0,9.2,Estádio Urbano Caldeira,9600
Internacional,2023,10,11/06/2023,16:00,Domingo,06,Vasco da Gama,Vitória,2,1,Mandante,Edina Alves Batista,28.9,3.9,179.7,7.2,25.1,4.5,182.0,4.6,Estádio Beira-Rio,18044
Internacional,2023,11,22/06/2023,20:00,Quinta,06,Coritiba,Vitória,1,0,Visitante,Andre Luiz Skettino Policarpo Bento,29.3,4.9,180.7,7.2,26.3,3.9,183.2,6.7,Estádio Major Antônio Couto Pereira,25983
Internacional,2023,12,25/06/2023,18:30,Domingo,06,América Mineiro,Vitória,2,1,Visitante,Flavio Rodrigues De Souza,28.8,5.0,181.8,7.2,31.0,5.1,181.9,7.7,Arena Independência,2249
Internacional,2023,13,01/07/2023,21:00,Sábado,07,Cruzeiro,Empate,0,0,Mandante,Wagner do Nascimento Magalhaes,28.1,5.0,180.0,7.6,27.2,3.6,179.8,4.8,Estádio Beira-Rio,23923
Internacional,2023,14,09/07/2023,16:00,Domingo,07,Fluminense,Derrota,0,2,Visitante,Luiz Flávio de Oliveira,30.0,4.3,179.5,7.2,31.2,6.8,179.2,6.9,Estádio do Maracanã,34166
Internacional,2023,15,16/07/2023,18:30,Domingo,07,Palmeiras,Empate,0,0,Mandante,Rodrigo Jose Pereira de Lima,29.9,4.1,178.4,7.5,27.4,4.6,180.2,6.5,Estádio Beira-Rio,41823
Internacional,2023,16,23/07/2023,16:00,Domingo,07,Red Bull Bragantino,Empate,0,0,Visitante,Maguielson Lima Barbosa,30.2,4.0,177.6,6.1,24.7,2.9,180.6,6.2,Estádio Nabi Abi Chedid,6446
Internacional,2023,17,29/07/2023,16:00,Sábado,07,Cuiabá,Derrota,1,2,Mandante,Matheus Delgado Candançan,30.1,4.2,178.1,6.5,29.0,4.0,181.3,6.9,Estádio Beira-Rio,32020
Internacional,2023,18,05/08/2023,18:30,Sábado,08,Corinthians,Empate,2,2,Mandante,Wagner do Nascimento Magalhaes,28.3,5.2,181.1,5.5,28.6,6.9,179.6,7.9,Estádio Beira-Rio,22509
Internacional,2023,19,12/08/2023,21:00,Sábado,08,Botafogo,Derrota,1,3,Visitante,Flavio Rodrigues De Souza,30.1,4.2,176.5,6.3,28.7,3.6,181.3,6.5,Estádio Nilton Santos,39598
Internacional,2023,20,19/08/2023,16:00,Sábado,08,Fortaleza,Derrota,0,1,Mandante,Yuri Elino Ferreira Da Cruz,28.3,5.2,181.1,5.5,29.7,3.6,177.1,5.3,Estádio Beira-Rio,21134
Internacional,2023,21,26/08/2023,18:30,Sábado,08,Flamengo,Empate,0,0,Visitante,Edina Alves Batista,28.8,5.0,180.4,6.2,26.9,3.3,182.5,6.5,Estádio do Maracanã,58892
Internacional,2023,22,02/09/2023,16:00,Sábado,09,Goiás,Empate,0,0,Visitante,Braulio Da Silva Machado,31.8,2.4,175.7,5.7,28.4,3.0,181.1,6.7,Estádio da Serrinha,11038
Internacional,2023,23,13/09/2023,21:30,Quarta,09,São Paulo,Vitória,2,1,Mandante,Paulo Cesar Zanovelli da Silva,29.4,4.6,176.8,6.4,28.7,5.2,179.6,6.4,Estádio Beira-Rio,20763
Internacional,2023,24,21/09/2023,19:30,Quinta,09,Athletico,Derrota,1,2,Visitante,Wagner do Nascimento Magalhaes,28.3,5.0,180.2,6.4,26.7,5.9,181.5,5.4,Arena da Baixada,24871
Internacional,2023,25,30/09/2023,21:00,Sábado,09,Atlético Mineiro,Derrota,0,2,Mandante,Ramon Abatti Abel,27.7,5.1,181.5,5.1,29.9,4.8,180.0,7.5,Estádio Beira-Rio,23937
Internacional,2023,26,08/10/2023,16:00,Domingo,10,Grêmio,Vitória,3,2,Mandante,Paulo Cesar Zanovelli da Silva,29.4,4.8,177.8,6.6,29.5,4.7,181.2,5.3,Estádio Beira-Rio,39133
Internacional,2023,27,18/10/2023,21:30,Quarta,10,Bahia,Derrota,0,1,Visitante,Marcelo de Lima Henrique,30.0,4.5,178.7,6.8,28.6,2.6,180.4,6.2,Arena Fonte Nova,31385
Internacional,2023,28,22/10/2023,16:00,Domingo,10,Santos,Vitória,7,1,Mandante,Paulo Cesar Zanovelli da Silva,29.4,4.8,177.8,6.6,28.7,5.4,180.7,7.1,Estádio Beira-Rio,36584
Internacional,2023,29,26/10/2023,19:00,Quinta,10,Vasco da Gama,Vitória,2,1,Visitante,Luiz Flávio de Oliveira,29.5,4.8,177.8,6.6,28.2,5.2,179.5,5.9,Estádio São Januário,20098
Internacional,2023,30,29/10/2023,18:30,Domingo,10,Coritiba,Derrota,3,4,Mandante,Andre Luiz Skettino Policarpo Bento,28.6,4.4,178.6,6.4,27.7,4.6,181.0,6.9,Estádio Beira-Rio,36272
Internacional,2023,31,01/11/2023,19:00,Quarta,11,América Mineiro,Empate,1,1,Mandante,Flavio Rodrigues De Souza,30.0,4.4,178.5,6.1,30.1,4.0,180.8,7.8,Estádio Beira-Rio,14961
Internacional,2023,32,05/11/2023,16:00,Domingo,11,Cruzeiro,Vitória,2,1,Visitante,Matheus Delgado Candançan,29.4,4.8,178.5,6.5,29.1,2.8,180.3,5.3,Governador Magalhães Pinto,36801
Internacional,2023,33,08/11/2023,19:00,Quarta,11,Fluminense,Empate,0,0,Mandante,Caio Max Augusto Vieira,29.4,4.8,178.5,6.5,27.0,5.9,177.7,6.7,Estádio Beira-Rio,18669
Internacional,2023,34,11/11/2023,21:00,Sábado,11,Palmeiras,Derrota,0,3,Visitante,Paulo Cesar Zanovelli da Silva,28.1,4.5,179.0,6.8,28.3,5.0,180.6,5.4,Nubank Parque,19358
Internacional,2023,35,26/11/2023,18:30,Domingo,11,Red Bull Bragantino,Vitória,1,0,Mandante,Felipe Fernandes de Lima,28.4,5.2,178.9,6.2,25.1,3.1,179.9,5.9,Estádio Beira-Rio,22170
Internacional,2023,36,29/11/2023,20:00,Quarta,11,Cuiabá,Vitória,2,0,Visitante,Dyorgines Jose Padovani de Andrade,29.4,4.9,177.9,6.7,29.0,4.6,182.2,6.2,Arena Pantanal,12527
Internacional,2023,37,02/12/2023,18:00,Sábado,12,Corinthians,Vitória,2,1,Visitante,Caio Max Augusto Vieira,30.5,4.5,177.4,6.2,30.9,6.5,181.7,7.9,Neo Química Arena,40583
Internacional,2023,38,06/12/2023,21:30,Quarta,12,Botafogo,Vitória,3,1,Mandante,Flavio Rodrigues De Souza,29.9,5.1,178.0,6.3,27.5,4.5,184.0,6.2,Estádio Beira-Rio,27365
Internacional,2024,1,13/04/2024,18:30,Sábado,04,Bahia,Vitória,2,1,Mandante,Rodrigo Jose Pereira de Lima,27.6,4.4,177.8,6.1,29.0,3.6,181.3,5.1,Estádio Beira-Rio,19103
Internacional,2024,2,17/04/2024,20:00,Quarta,04,Palmeiras,Vitória,1,0,Visitante,Lucas Paulo Torezin,29.0,4.1,177.5,5.9,26.6,4.9,182.1,5.2,Nubank Parque,13464
Internacional,2024,3,21/04/2024,16:00,Domingo,04,Athletico,Derrota,0,1,Visitante,Felipe Fernandes de Lima,27.7,4.4,179.0,5.6,27.7,5.2,182.4,6.6,Arena da Baixada,29784
Internacional,2024,4,28/04/2024,20:00,Domingo,04,Atlético Goianiense,Empate,1,1,Mandante,Edina Alves Batista,28.3,4.7,178.0,5.9,26.6,2.8,183.8,7.5,Estádio Beira-Rio,28468
Internacional,2024,7,01/06/2024,18:30,Sábado,06,Cuiabá,Vitória,1,0,Visitante,Anderson Ribeiro Goncalves,29.0,5.2,179.5,5.2,28.0,4.4,182.0,6.4,Arena Pantanal,5747
Internacional,2024,8,13/06/2024,20:00,Quinta,06,São Paulo,Empate,0,0,Mandante,Braulio Da Silva Machado,30.6,5.4,178.5,6.7,29.1,3.9,178.6,5.9,Estádio Heriberto Hülse,17987
Internacional,2024,9,16/06/2024,16:00,Domingo,06,Vitória,Derrota,1,2,Visitante,Bruno Arleu de Araujo,30.1,5.7,180.7,6.5,27.3,4.0,178.2,7.7,Estádio Manoel Barradas,14251
Internacional,2024,10,19/06/2024,21:30,Quarta,06,Corinthians,Vitória,1,0,Mandante,Wagner do Nascimento Magalhaes,29.5,5.5,180.5,6.9,25.2,4.0,180.6,7.0,Orlando Scarpelli,14447
Internacional,2024,11,22/06/2024,17:30,Sábado,06,Grêmio,Vitória,1,0,Visitante,Ramon Abatti Abel,31.0,4.4,179.3,6.6,28.8,5.6,178.7,7.4,Estádio Major Antônio Couto Pereira,27961
Internacional,2024,12,26/06/2024,21:30,Quarta,06,Atlético Mineiro,Derrota,1,2,Mandante,Luiz Flávio de Oliveira,29.3,5.1,180.0,5.8,28.3,5.8,181.6,6.9,Estádio Beira-Rio,9978
Internacional,2024,13,30/06/2024,18:30,Domingo,06,Criciúma,Empate,1,1,Visitante,Wagner do Nascimento Magalhaes,29.5,5.7,182.3,5.9,29.5,3.7,180.3,7.0,Estádio Heriberto Hülse,14946
Internacional,2024,14,04/07/2024,20:00,Quinta,07,Fluminense,Empate,1,1,Visitante,Felipe Fernandes de Lima,29.5,6.3,181.7,5.3,31.7,6.6,179.1,6.6,Estádio do Maracanã,40337
Internacional,2024,15,07/07/2024,18:00,Domingo,07,Vasco da Gama,Derrota,1,2,Mandante,Gustavo Ervino Bauermann,29.6,5.8,180.2,7.5,26.2,4.9,178.3,6.2,Estádio Beira-Rio,41693
Internacional,2024,18,20/07/2024,18:30,Sábado,07,Botafogo,Derrota,0,1,Visitante,Flavio Rodrigues De Souza,28.5,5.1,180.5,5.3,28.5,4.2,181.8,8.1,Estádio Nilton Santos,31344
Internacional,2024,20,27/07/2024,20:00,Sábado,07,Bahia,Empate,1,1,Visitante,Matheus Delgado Candançan,27.8,6.1,176.5,6.9,28.1,3.3,180.5,7.0,Arena Fonte Nova,32950
Internacional,2024,21,04/08/2024,17:00,Domingo,08,Palmeiras,Empate,1,1,Mandante,Wagner do Nascimento Magalhaes,26.7,5.3,177.5,7.4,26.2,5.4,180.5,6.3,Estádio Beira-Rio,20794
Internacional,2024,22,11/08/2024,19:00,Domingo,08,Athletico,Empate,2,2,Mandante,Paulo Cesar Zanovelli da Silva,26.4,5.3,180.2,7.2,26.7,5.8,182.2,6.6,Estádio Beira-Rio,17136
Internacional,2024,6,14/08/2024,19:30,Quarta,08,Juventude,Vitória,2,1,Mandante,Gustavo Ervino Bauermann,27.2,5.4,178.2,6.9,29.5,5.4,180.5,8.4,Estádio Beira-Rio,11920
Internacional,2024,23,18/08/2024,16:00,Domingo,08,Atlético Goianiense,Derrota,0,1,Visitante,Flavio Rodrigues De Souza,28.2,5.7,178.0,6.8,28.6,3.0,181.1,9.6,Estádio Antônio Accioly,5460
Internacional,2024,24,25/08/2024,19:00,Domingo,08,Cruzeiro,Vitória,1,0,Mandante,Matheus Delgado Candançan,27.8,5.6,178.0,7.0,29.1,3.3,178.1,8.0,Estádio Beira-Rio,26634
Internacional,2024,5,28/08/2024,19:30,Quarta,08,Cruzeiro,Empate,0,0,Visitante,Joao Vitor Gobi,27.1,5.7,178.1,7.2,28.0,3.9,181.8,6.7,Governador Magalhães Pinto,35238
Internacional,2024,25,01/09/2024,18:30,Domingo,09,Juventude,Vitória,3,1,Visitante,Marcelo de Lima Henrique,25.2,3.5,178.0,6.7,29.3,3.2,181.2,7.4,Estádio Alfredo Jaconi,10721
Internacional,2024,19,11/09/2024,19:30,Quarta,09,Fortaleza,Vitória,2,1,Mandante,Gustavo Ervino Bauermann,27.9,6.1,178.7,6.6,31.2,3.8,178.9,4.7,Estádio Beira-Rio,26441
Internacional,2024,26,16/09/2024,20:00,Segunda,09,Cuiabá,Vitória,3,0,Mandante,Braulio Da Silva Machado,28.2,5.9,177.7,6.3,29.3,3.8,180.7,6.8,Estádio Beira-Rio,35366
Internacional,2024,27,22/09/2024,18:30,Domingo,09,São Paulo,Vitória,3,1,Visitante,Ramon Abatti Abel,28.5,5.6,178.7,5.5,27.6,2.9,178.7,6.7,MorumBIS,35111
Internacional,2024,16,25/09/2024,19:00,Quarta,09,Red Bull Bragantino,Empate,2,2,Visitante,Rodrigo Jose Pereira de Lima,27.3,5.2,178.6,7.2,25.9,3.4,182.0,5.6,Estádio Nabi Abi Chedid,3871
Internacional,2024,28,29/09/2024,18:30,Domingo,09,Vitória,Vitória,3,1,Mandante,Wagner do Nascimento Magalhaes,27.6,5.7,178.6,6.7,27.4,2.8,177.4,8.1,Estádio Beira-Rio,45112
Internacional,2024,29,05/10/2024,19:00,Sábado,10,Corinthians,Empate,2,2,Visitante,Lucas Paulo Torezin,26.5,4.9,178.5,6.7,26.9,3.9,181.0,8.6,Neo Química Arena,44866
Internacional,2024,30,19/10/2024,16:00,Sábado,10,Grêmio,Vitória,1,0,Mandante,Bruno Arleu de Araujo,26.7,4.9,178.4,6.8,29.8,4.1,178.4,6.0,Estádio Beira-Rio,48049
Internacional,2024,31,26/10/2024,19:00,Sábado,10,Atlético Mineiro,Vitória,3,1,Visitante,Marcelo de Lima Henrique,26.0,4.2,178.3,6.8,28.2,5.6,182.9,6.2,Arena MRV,27028
Internacional,2024,17,30/10/2024,19:00,Quarta,10,Flamengo,Empate,1,1,Mandante,Davi de Oliveira Lacerda,27.2,3.0,179.2,6.5,27.8,3.7,184.0,6.1,Estádio Beira-Rio,43729
Internacional,2024,32,05/11/2024,21:30,Terça,11,Criciúma,Vitória,2,0,Mandante,Felipe Fernandes de Lima,27.2,3.0,179.2,6.5,30.6,4.0,183.0,4.0,Estádio Beira-Rio,29097
Internacional,2024,33,08/11/2024,19:00,Sexta,11,Fluminense,Vitória,2,0,Mandante,Luiz Flávio de Oliveira,27.6,3.1,179.2,6.5,30.8,5.8,179.2,7.3,Estádio Beira-Rio,35877
Internacional,2024,34,21/11/2024,20:00,Quinta,11,Vasco da Gama,Vitória,1,0,Visitante,Rodrigo Jose Pereira de Lima,28.7,3.7,179.6,6.0,28.2,5.0,179.1,6.0,Estádio São Januário,17339
Internacional,2024,35,24/11/2024,16:00,Domingo,11,Red Bull Bragantino,Vitória,4,1,Mandante,Marcelo de Lima Henrique,29.1,4.5,179.4,6.5,26.5,3.3,181.1,7.1,Estádio Beira-Rio,41762
Internacional,2024,36,01/12/2024,16:00,Domingo,12,Flamengo,Derrota,2,3,Visitante,Rodrigo Jose Pereira de Lima,29.0,4.5,179.5,6.4,27.8,4.0,181.2,8.3,Estádio do Maracanã,56571
Internacional,2024,37,04/12/2024,21:30,Quarta,12,Botafogo,Derrota,0,1,Mandante,Ramon Abatti Abel,28.1,4.0,179.3,6.5,28.2,3.9,181.0,7.1,Estádio Beira-Rio,37628
Internacional,2024,38,08/12/2024,16:00,Domingo,12,Fortaleza,Derrota,0,3,Visitante,Matheus Delgado Candançan,27.3,4.7,179.4,6.0,30.9,4.0,178.5,5.3,Estádio Governador Plácido Castelo,51386
Internacional,2025,1,29/03/2025,21:00,Sábado,03,Flamengo,Empate,1,1,Visitante,Davi de Oliveira Lacerda,29.6,4.5,179.5,6.0,29.4,3.2,180.5,8.4,Estádio do Maracanã,48452
Internacional,2025,2,06/04/2025,18:30,Domingo,04,Cruzeiro,Vitória,3,0,Mandante,Marcelo de Lima Henrique,29.0,5.1,179.2,7.1,29.6,4.8,178.9,9.0,Estádio Beira-Rio,31321
Internacional,2025,3,13/04/2025,20:00,Domingo,04,Fortaleza,Empate,0,0,Visitante,Flavio Rodrigues De Souza,26.9,2.6,178.6,6.6,30.4,5.1,180.5,7.0,Estádio Governador Plácido Castelo,16587
Internacional,2025,4,16/04/2025,19:30,Quarta,04,Palmeiras,Derrota,0,1,Mandante,Felipe Fernandes de Lima,29.3,5.1,180.2,6.4,26.2,5.4,181.0,5.4,Estádio Beira-Rio,30665
Internacional,2025,5,19/04/2025,21:00,Sábado,04,Grêmio,Empate,1,1,Visitante,Braulio Da Silva Machado,29.1,5.1,180.2,6.4,29.1,4.4,178.6,5.9,Arena do Grêmio,27286
Internacional,2025,6,26/04/2025,16:00,Sábado,04,Juventude,Vitória,3,1,Mandante,Flavio Rodrigues De Souza,27.8,4.9,179.5,6.1,29.2,4.7,178.1,7.5,Estádio Beira-Rio,35427
Internacional,2025,7,03/05/2025,18:30,Sábado,05,Corinthians,Derrota,2,4,Visitante,Paulo Cesar Zanovelli da Silva,28.7,5.6,179.7,6.1,29.0,3.4,181.2,6.8,Neo Química Arena,44931
Internacional,2025,8,11/05/2025,20:00,Domingo,05,Botafogo,Derrota,0,4,Visitante,Matheus Delgado Candançan,25.1,2.6,180.2,6.0,26.4,3.8,182.5,8.6,Estádio Nilton Santos,7800
Internacional,2025,9,18/05/2025,20:30,Domingo,05,Mirassol,Empate,1,1,Mandante,Wagner do Nascimento Magalhaes,27.2,4.6,180.3,7.0,30.5,3.9,179.8,6.5,Estádio Beira-Rio,11068
Internacional,2025,10,25/05/2025,16:00,Domingo,05,Sport Recife,Empate,1,1,Visitante,Davi de Oliveira Lacerda,25.9,4.1,180.3,7.2,28.9,4.9,182.4,5.1,Ilha do Retiro,21921
Internacional,2025,11,01/06/2025,20:30,Domingo,06,Fluminense,Derrota,0,2,Mandante,Lucas Paulo Torezin,28.9,4.8,180.2,5.3,32.2,6.3,177.6,6.0,Estádio Beira-Rio,13502
Internacional,2025,12,12/06/2025,21:30,Quinta,06,Atlético Mineiro,Derrota,0,2,Visitante,Flavio Rodrigues De Souza,27.7,3.3,179.1,5.5,30.0,4.7,178.1,8.1,Arena MRV,24781
Internacional,2025,13,12/07/2025,16:30,Sábado,07,Vitória,Vitória,1,0,Mandante,Rodrigo Jose Pereira de Lima,28.1,4.2,179.8,6.2,27.8,3.5,180.1,7.0,Estádio Beira-Rio,21041
Internacional,2025,15,20/07/2025,11:00,Domingo,07,Ceará,Vitória,1,0,Mandante,Davi de Oliveira Lacerda,28.1,4.3,178.2,6.5,28.3,3.6,180.4,8.0,Estádio Beira-Rio,31976
Internacional,2025,16,23/07/2025,21:30,Quarta,07,Santos,Vitória,2,1,Visitante,Lucas Paulo Torezin,28.1,4.3,178.2,6.5,27.8,4.6,181.1,6.7,Estádio Urbano Caldeira,11686
Internacional,2025,17,27/07/2025,18:30,Domingo,07,Vasco da Gama,Empate,1,1,Mandante,Flavio Rodrigues De Souza,27.6,4.8,179.2,6.2,28.2,4.5,180.5,5.3,Estádio Beira-Rio,15031
Internacional,2025,18,03/08/2025,20:30,Domingo,08,São Paulo,Derrota,1,2,Mandante,Alex Gomes Stefano,29.2,5.3,178.7,6.5,30.1,3.7,180.2,7.4,Estádio Beira-Rio,11414
Internacional,2025,19,09/08/2025,18:30,Sábado,08,Red Bull Bragantino,Vitória,3,1,Visitante,Felipe Fernandes de Lima,27.9,4.1,179.7,7.5,25.9,3.1,183.2,6.4,Estádio Cícero de Souza Marques,3197
Internacional,2025,20,17/08/2025,18:30,Domingo,08,Flamengo,Derrota,1,3,Mandante,Rodrigo Jose Pereira de Lima,27.9,5.2,181.6,6.0,29.9,2.1,181.5,6.9,Estádio Beira-Rio,22241
Internacional,2025,21,23/08/2025,18:30,Sábado,08,Cruzeiro,Derrota,1,2,Visitante,Matheus Delgado Candançan,27.6,4.1,180.4,8.2,29.4,4.3,179.2,7.9,Governador Magalhães Pinto,44402
Internacional,2025,22,31/08/2025,20:30,Domingo,08,Fortaleza,Vitória,2,1,Mandante,Joao Vitor Gobi,27.1,4.0,179.4,7.8,29.4,4.1,179.1,6.3,Estádio Beira-Rio,9304
Internacional,2025,23,13/09/2025,18:30,Sábado,09,Palmeiras,Derrota,1,4,Visitante,Lucas Paulo Torezin,26.9,4.3,181.0,7.3,28.2,4.5,181.2,5.4,Nubank Parque,39640
Internacional,2025,24,21/09/2025,17:30,Domingo,09,Grêmio,Derrota,2,3,Mandante,Marcelo de Lima Henrique,28.7,3.2,178.3,7.8,31.4,4.2,179.1,6.8,Estádio Beira-Rio,28176
Internacional,2025,25,27/09/2025,18:30,Sábado,09,Juventude,Empate,1,1,Visitante,Matheus Delgado Candançan,29.0,6.1,179.8,5.8,29.5,5.3,178.8,4.4,Estádio Alfredo Jaconi,8178
Internacional,2025,26,01/10/2025,19:30,Quarta,10,Corinthians,Empate,1,1,Mandante,Rodrigo Jose Pereira de Lima,28.0,5.0,178.5,6.6,26.6,4.4,182.2,8.5,Estádio Beira-Rio,12825
Internacional,2025,27,04/10/2025,18:30,Sábado,10,Botafogo,Vitória,2,0,Mandante,Flavio Rodrigues De Souza,29.1,4.8,179.3,6.4,26.8,2.3,183.2,8.1,Estádio Beira-Rio,20805
Internacional,2025,28,15/10/2025,20:00,Quarta,10,Mirassol,Derrota,1,3,Visitante,Bruno Arleu de Araujo,29.0,5.4,179.9,5.9,31.0,4.0,177.9,6.7,Estádio José Maria de Campos Maia,5072
Internacional,2025,29,19/10/2025,18:30,Domingo,10,Sport Recife,Vitória,2,0,Mandante,Lucas Paulo Torezin,27.0,2.0,179.5,7.7,28.7,4.7,181.8,9.3,Estádio Beira-Rio,23604
Internacional,2025,14,22/10/2025,19:00,Quarta,10,Bahia,Derrota,0,1,Visitante,Flavio Rodrigues De Souza,27.2,5.1,180.3,6.7,27.8,3.6,181.5,6.7,Arena Fonte Nova,27349
Internacional,2025,30,25/10/2025,17:30,Sábado,10,Fluminense,Derrota,0,1,Visitante,Raphael Claus,28.6,5.8,181.0,6.3,31.0,6.9,177.7,9.1,Estádio do Maracanã,21298
Internacional,2025,31,02/11/2025,18:30,Domingo,11,Atlético Mineiro,Empate,0,0,Mandante,Alex Gomes Stefano,29.3,4.0,179.6,6.8,30.9,4.8,179.3,7.5,Estádio Beira-Rio,32644
Internacional,2025,32,05/11/2025,19:00,Quarta,11,Vitória,Derrota,0,1,Visitante,Felipe Fernandes de Lima,27.1,3.7,181.9,7.5,27.8,3.5,181.5,7.5,Estádio Manoel Barradas,21657
Internacional,2025,33,08/11/2025,18:30,Sábado,11,Bahia,Empate,2,2,Mandante,Lucas Paulo Torezin,28.0,5.0,178.7,6.9,28.9,3.1,180.7,7.7,Estádio Beira-Rio,18524
Internacional,2025,34,20/11/2025,21:30,Quinta,11,Ceará,Vitória,2,1,Visitante,Rodrigo Jose Pereira de Lima,28.0,5.1,178.4,7.0,28.7,3.7,181.5,7.5,Estádio Governador Plácido Castelo,46036
Internacional,2025,35,24/11/2025,21:00,Segunda,11,Santos,Empate,1,1,Mandante,Davi de Oliveira Lacerda,28.9,4.4,177.6,6.0,28.0,4.8,180.5,7.1,Estádio Beira-Rio,37429
Internacional,2025,36,28/11/2025,19:30,Sexta,11,Vasco da Gama,Derrota,1,5,Visitante,Rodrigo Jose Pereira de Lima,28.6,4.4,177.3,6.3,26.5,4.6,178.6,5.6,Estádio São Januário,19330
Internacional,2025,37,03/12/2025,20:00,Quarta,12,São Paulo,Derrota,0,3,Visitante,Bruno Arleu de Araujo,29.0,4.4,178.7,6.3,29.4,5.4,180.8,6.7,Estádio Urbano Caldeira,7309
Internacional,2025,38,07/12/2025,16:00,Domingo,12,Red Bull Bragantino,Vitória,3,1,Mandante,Davi de Oliveira Lacerda,29.0,4.4,177.6,6.0,26.7,3.8,182.5,8.1,Estádio Beira-Rio,21710
Palmeiras,2015,1,09/05/2015,18:30,Sábado,05,Atlético Mineiro,Empate,2,2,Mandante,Felipe Gomes Da Silva,28.2,6.3,178.6,8.8,27.8,4.0,182.9,8.7,Nubank Parque,28781
Palmeiras,2015,2,17/05/2015,18:30,Domingo,05,Joinville,Empate,0,0,Visitante,Wilton Pereira Sampaio,N.A,N.A,N.A,N.A,N.A,N.A,N.A,N.A,Arena Joinville,100
Palmeiras,2015,3,24/05/2015,11:00,Domingo,05,Goiás,Derrota,0,1,Mandante,Marcelo de Lima Henrique,N.A,N.A,N.A,N.A,N.A,N.A,N.A,N.A,Nubank Parque,37337
Palmeiras,2015,4,31/05/2015,16:00,Domingo,05,Corinthians,Vitória,2,0,Visitante,Vinicius Goncalves Dias Araujo,N.A,N.A,N.A,N.A,N.A,N.A,N.A,N.A,Neo Química Arena,29479
Palmeiras,2015,5,04/06/2015,21:00,Quinta,06,Internacional,Empate,1,1,Mandante,Rodolpho Toski Marques,28.4,5.8,178.6,8.0,27.5,4.7,181.4,5.6,Nubank Parque,36199
Palmeiras,2015,6,07/06/2015,19:30,Domingo,06,Figueirense,Derrota,1,2,Visitante,Leandro Pedro Vuaden,28.7,5.8,178.8,7.9,26.7,4.4,181.4,7.3,Orlando Scarpelli,9187
Palmeiras,2015,7,14/06/2015,16:00,Domingo,06,Fluminense,Vitória,2,1,Mandante,Dewson Fernando Freitas da Silva,29.4,5.5,179.4,8.4,28.5,5.5,180.3,6.3,Nubank Parque,26181
Palmeiras,2015,8,20/06/2015,21:00,Sábado,06,Grêmio,Derrota,0,1,Visitante,Raphael Claus,28.4,4.3,179.3,8.9,25.8,4.2,183.3,6.4,Arena do Grêmio,20814
Palmeiras,2015,9,28/06/2015,16:00,Domingo,06,São Paulo,Vitória,4,0,Mandante,Anderson Daronco,27.5,4.0,179.9,9.4,28.9,5.6,183.7,4.6,Nubank Parque,28333
Palmeiras,2015,10,01/07/2015,21:00,Quarta,07,Chapecoense,Vitória,2,0,Mandante,Pablo Dos Santos Alves,27.5,4.0,179.9,9.4,29.1,2.9,180.8,7.4,Nubank Parque,32742
Palmeiras,2015,11,05/07/2015,18:30,Domingo,07,Ponte Preta,Vitória,2,0,Visitante,Vinicius Goncalves Dias Araujo,27.5,4.0,179.9,9.4,25.8,2.4,178.3,5.5,Moisés Lucarelli,11874
Palmeiras,2015,12,08/07/2015,21:00,Quarta,07,Avaí,Vitória,3,0,Mandante,Igor Junio Benevenuto,28.7,5.6,180.5,8.9,26.3,5.2,178.4,7.4,Nubank Parque,37530
Palmeiras,2015,13,12/07/2015,18:30,Domingo,07,Sport Recife,Empate,2,2,Visitante,Emerson De Almeida Ferreira,N.A,N.A,N.A,N.A,N.A,N.A,N.A,N.A,Ilha do Retiro,35163
Palmeiras,2015,14,19/07/2015,16:00,Domingo,07,Santos,Vitória,1,0,Mandante,Wagner do Nascimento Magalhaes,27.9,3.9,180.0,9.4,26.6,5.7,180.1,6.5,Nubank Parque,38220
Palmeiras,2015,15,26/07/2015,18:30,Domingo,07,Vasco da Gama,Vitória,4,1,Visitante,Anderson Daronco,27.7,3.9,179.8,9.3,30.3,4.6,180.7,5.8,Estádio São Januário,15101
Palmeiras,2015,16,02/08/2015,11:00,Domingo,08,Athletico,Derrota,0,1,Mandante,Ricardo Marques Ribeiro,28.0,3.9,180.0,9.4,23.5,4.0,181.9,7.1,Nubank Parque,38794
Palmeiras,2015,17,09/08/2015,16:00,Domingo,08,Cruzeiro,Derrota,1,2,Visitante,Wilton Pereira Sampaio,28.5,3.6,181.0,9.0,27.7,3.7,179.6,6.2,Governador Magalhães Pinto,20839
Palmeiras,2015,18,12/08/2015,19:30,Quarta,08,Coritiba,Derrota,1,2,Visitante,Pericles Bassols Pegado Cortez,N.A,N.A,N.A,N.A,N.A,N.A,N.A,N.A,Estádio Major Antônio Couto Pereira,13373
Palmeiras,2015,19,16/08/2015,11:00,Domingo,08,Flamengo,Vitória,4,2,Mandante,Igor Junio Benevenuto,29.6,5.6,180.1,8.3,26.4,5.1,180.3,7.2,Nubank Parque,37739
Palmeiras,2015,20,23/08/2015,18:30,Domingo,08,Atlético Mineiro,Derrota,1,2,Visitante,Sandro Meira Ricci,29.7,5.6,181.7,7.1,27.4,3.6,180.5,6.7,Arena Independência,17464
Palmeiras,2015,21,30/08/2015,16:00,Domingo,08,Joinville,Vitória,3,2,Mandante,Bruno Arleu de Araujo,N.A,N.A,N.A,N.A,N.A,N.A,N.A,N.A,Nubank Parque,28907
Palmeiras,2015,22,02/09/2015,22:00,Quarta,09,Goiás,Derrota,0,1,Visitante,Leandro Pedro Vuaden,26.5,5.1,180.8,7.8,25.3,4.2,179.6,4.8,Serra Dourada,15142
Palmeiras,2015,23,06/09/2015,16:00,Domingo,09,Corinthians,Empate,3,3,Mandante,Raphael Claus,29.2,6.1,178.5,7.7,26.2,4.7,180.6,9.5,Nubank Parque,35707
Palmeiras,2015,24,09/09/2015,19:30,Quarta,09,Internacional,Derrota,0,1,Visitante,Reway Wagner,29.3,6.2,182.6,6.0,25.5,4.7,181.1,6.7,Estádio Beira-Rio,13690
Palmeiras,2015,25,12/09/2015,21:00,Sábado,09,Figueirense,Vitória,2,0,Mandante,,29.5,6.1,180.9,6.7,27.1,2.9,181.5,4.7,Nubank Parque,22794
Palmeiras,2015,26,16/09/2015,19:30,Quarta,09,Fluminense,Vitória,4,1,Visitante,Anderson Daronco,29.4,6.0,179.5,7.1,26.3,5.3,180.5,6.4,Estádio do Maracanã,9842
Palmeiras,2015,27,19/09/2015,18:30,Sábado,09,Grêmio,Vitória,3,2,Mandante,Wilton Pereira Sampaio,29.1,5.9,180.9,7.6,24.6,4.2,182.0,6.2,Nubank Parque,21257
Palmeiras,2015,28,27/09/2015,16:00,Domingo,09,São Paulo,Empate,1,1,Visitante,Anderson Daronco,27.5,4.7,182.4,7.0,26.9,6.2,181.5,5.0,MorumBIS,25047
Palmeiras,2015,29,04/10/2015,18:30,Domingo,10,Chapecoense,Derrota,1,5,Visitante,Jailson Macedo Freitas,28.0,4.7,180.8,8.0,28.6,3.1,180.8,8.0,Arena Condá,16474
Palmeiras,2015,30,14/10/2015,21:00,Quarta,10,Ponte Preta,Derrota,0,1,Mandante,Raphael Claus,29.7,5.7,181.7,7.8,28.0,4.9,177.3,7.2,Nubank Parque,28981
Palmeiras,2015,31,17/10/2015,18:30,Sábado,10,Avaí,Vitória,3,1,Visitante,Marcelo de Lima Henrique,25.8,5.1,180.5,6.2,28.7,4.7,179.8,7.6,Estádio da Ressacada,9254
Palmeiras,2015,32,24/10/2015,20:00,Sábado,10,Sport Recife,Derrota,0,2,Mandante,Andre Luiz de Freitas Castro,26.7,5.2,181.2,6.5,27.5,4.1,180.0,7.8,Mercado Livre Arena Pacaembu,19395
Palmeiras,2015,33,01/11/2015,16:00,Domingo,11,Santos,Derrota,1,2,Visitante,Pericles Bassols Pegado Cortez,27.7,6.4,179.5,7.6,26.0,6.0,181.3,7.7,Estádio Urbano Caldeira,11767
Palmeiras,2015,34,08/11/2015,16:00,Domingo,11,Vasco da Gama,Derrota,0,2,Mandante,Anderson Daronco,28.5,6.6,181.9,6.7,30.0,4.2,179.5,4.7,Nubank Parque,28800
Palmeiras,2015,35,18/11/2015,20:00,Quarta,11,Athletico,Empate,3,3,Visitante,Dewson Fernando Freitas da Silva,28.8,5.8,179.6,7.7,24.8,2.9,178.1,6.2,Arena da Baixada,13650
Palmeiras,2015,36,21/11/2015,18:30,Sábado,11,Cruzeiro,Empate,1,1,Mandante,Elmo Alves Resende Cunha,26.3,5.0,179.3,6.7,28.7,4.4,179.9,5.8,Nubank Parque,19395
Palmeiras,2015,37,29/11/2015,17:00,Domingo,11,Coritiba,Derrota,0,2,Mandante,Igor Junio Benevenuto,26.5,4.1,181.5,7.3,27.7,4.1,178.0,6.9,Nubank Parque,15037
Palmeiras,2015,38,06/12/2015,16:00,Domingo,12,Flamengo,Vitória,2,1,Visitante,Reway Wagner,27.3,6.1,179.6,8.2,26.6,4.8,179.3,6.8,Estádio do Maracanã,16070
Palmeiras,2016,1,14/05/2016,16:00,Sábado,05,Athletico,Vitória,4,0,Mandante,Bruno Arleu de Araujo,26.5,6.0,180.6,6.3,25.2,3.4,178.1,6.3,Nubank Parque,32629
Palmeiras,2016,2,21/05/2016,16:00,Sábado,05,Ponte Preta,Derrota,1,2,Visitante,Leandro Pedro Vuaden,26.9,6.3,180.1,5.8,25.5,4.7,180.2,7.7,Moisés Lucarelli,7061
Palmeiras,2016,3,25/05/2016,21:45,Quarta,05,Fluminense,Vitória,2,0,Mandante,Sandro Meira Ricci,25.9,5.8,178.6,6.8,29.7,3.4,179.7,6.8,Nubank Parque,28534
Palmeiras,2016,4,29/05/2016,16:00,Domingo,05,São Paulo,Derrota,0,1,Visitante,Ricardo Marques Ribeiro,27.7,7.3,179.3,7.0,27.1,3.9,183.0,5.9,MorumBIS,21016
Palmeiras,2016,5,02/06/2016,21:00,Quinta,06,Grêmio,Vitória,4,3,Mandante,Marielson Alves Silva,28.5,6.8,178.8,6.9,26.4,4.6,181.4,6.7,Nubank Parque,19198
Palmeiras,2016,6,05/06/2016,16:00,Domingo,06,Flamengo,Vitória,2,1,Visitante,Dewson Fernando Freitas da Silva,25.4,5.3,179.9,7.2,24.8,4.0,179.9,6.2,Arena BRB Mané Garrincha,54665
Palmeiras,2016,7,12/06/2016,16:00,Domingo,06,Corinthians,Vitória,1,0,Mandante,Raphael Claus,28.0,7.2,179.4,7.0,27.0,2.5,180.0,6.4,Nubank Parque,39935
Palmeiras,2016,8,15/06/2016,21:45,Quarta,06,Coritiba,Empate,2,2,Visitante,Anderson Daronco,27.9,7.0,181.5,6.5,27.5,5.2,178.9,6.1,Estádio Major Antônio Couto Pereira,12794
Palmeiras,2016,9,18/06/2016,16:00,Sábado,06,Santa Cruz,Vitória,3,1,Mandante,Eduardo Tomaz de Aquino Valadao,27.9,5.8,179.4,7.2,28.8,4.1,179.2,7.9,Nubank Parque,34162
Palmeiras,2016,10,21/06/2016,21:30,Terça,06,América Mineiro,Vitória,2,0,Mandante,Pericles Bassols Pegado Cortez,27.9,5.8,179.4,7.2,28.4,4.3,180.1,5.6,Nubank Parque,27429
Palmeiras,2016,11,25/06/2016,19:00,Sábado,06,Cruzeiro,Derrota,1,2,Visitante,Leandro Pedro Vuaden,27.4,5.8,181.0,6.9,26.0,4.7,179.0,7.2,Governador Magalhães Pinto,18082
Palmeiras,2016,12,30/06/2016,19:30,Quinta,06,Figueirense,Vitória,4,0,Mandante,Gilberto Rodrigues Castro Junior,28.1,7.5,180.1,6.6,27.8,3.7,180.9,8.9,Nubank Parque,32834
Palmeiras,2016,13,04/07/2016,20:00,Segunda,07,Sport Recife,Vitória,3,1,Visitante,Anderson Daronco,27.0,7.0,180.7,7.6,28.8,3.8,179.0,7.7,Ilha do Retiro,26719
Palmeiras,2016,14,12/07/2016,20:30,Terça,07,Santos,Empate,1,1,Mandante,Wilton Pereira Sampaio,28.0,6.6,180.4,8.9,25.1,5.3,182.1,7.6,Nubank Parque,40035
Palmeiras,2016,15,17/07/2016,16:00,Domingo,07,Internacional,Vitória,1,0,Visitante,Andre Luiz de Freitas Castro,28.7,7.3,179.5,6.4,24.7,3.5,179.5,5.6,Estádio Beira-Rio,27293
Palmeiras,2016,16,24/07/2016,11:00,Domingo,07,Atlético Mineiro,Derrota,0,1,Mandante,Wagner do Nascimento Magalhaes,28.2,6.2,178.7,7.3,30.7,3.8,182.3,7.3,Nubank Parque,39400
Palmeiras,2016,17,31/07/2016,18:30,Domingo,07,Botafogo,Derrota,1,3,Visitante,Heber Roberto Lopes,28.6,6.0,181.6,6.7,28.0,4.3,181.4,6.7,Estádio Luso Brasileiro,8477
Palmeiras,2016,18,04/08/2016,21:30,Quinta,08,Chapecoense,Empate,1,1,Visitante,Wilton Pereira Sampaio,27.0,5.4,179.8,7.9,28.5,4.6,179.8,5.9,Arena Condá,9167
Palmeiras,2016,19,07/08/2016,16:00,Domingo,08,Vitória,Vitória,2,1,Mandante,Braulio Da Silva Machado,28.3,6.1,179.1,7.4,26.5,3.8,178.5,8.0,Nubank Parque,30330
Palmeiras,2016,20,14/08/2016,18:30,Domingo,08,Athletico,Vitória,1,0,Visitante,Jean Pierre Goncalves Lima,26.2,4.3,178.7,6.6,24.5,3.7,178.3,7.4,Arena da Baixada,23911
Palmeiras,2016,21,21/08/2016,16:00,Domingo,08,Ponte Preta,Empate,2,2,Mandante,Heber Roberto Lopes,28.9,6.4,180.0,7.0,28.3,5.3,180.0,8.0,Nubank Parque,29138
Palmeiras,2016,22,28/08/2016,16:00,Domingo,08,Fluminense,Vitória,2,0,Visitante,Ricardo Marques Ribeiro,27.0,6.3,178.0,8.3,27.1,4.2,179.8,7.3,Estádio Giulite Coutinho,12037
Palmeiras,2016,23,07/09/2016,21:45,Quarta,09,São Paulo,Vitória,2,1,Mandante,Sandro Meira Ricci,28.3,6.1,179.2,9.1,25.9,3.1,180.7,5.3,Nubank Parque,39944
Palmeiras,2016,24,11/09/2016,18:30,Domingo,09,Grêmio,Empate,0,0,Visitante,Emerson De Almeida Ferreira,27.8,6.7,179.2,6.5,26.8,4.3,181.7,6.2,Arena do Grêmio,19514
Palmeiras,2016,25,14/09/2016,21:45,Quarta,09,Flamengo,Empate,1,1,Mandante,Andre Luiz de Freitas Castro,26.9,6.5,178.9,8.2,28.0,3.4,180.8,6.9,Nubank Parque,32885
Palmeiras,2016,26,17/09/2016,16:00,Sábado,09,Corinthians,Vitória,2,0,Visitante,Heber Roberto Lopes,27.4,4.6,179.5,8.9,25.8,3.9,182.5,6.4,Neo Química Arena,39879
Palmeiras,2016,27,24/09/2016,16:00,Sábado,09,Coritiba,Vitória,2,1,Mandante,Caio Max Augusto Vieira,25.6,4.7,179.1,8.1,28.6,5.2,180.0,6.1,Nubank Parque,30962
Palmeiras,2016,28,03/10/2016,20:00,Segunda,10,Santa Cruz,Vitória,3,2,Visitante,Dewson Fernando Freitas da Silva,28.5,6.8,179.2,5.9,27.6,3.8,182.4,8.6,Estádio do Arruda,7189
Palmeiras,2016,29,09/10/2016,17:00,Domingo,10,América Mineiro,Vitória,2,0,Visitante,Wagner do Nascimento Magalhaes,29.0,6.3,178.5,6.8,27.9,4.9,178.5,6.8,Arena Independência,27895
Palmeiras,2016,30,13/10/2016,19:30,Quinta,10,Cruzeiro,Empate,0,0,Mandante,Jailson Macedo Freitas,28.4,6.6,179.1,6.6,28.2,3.4,177.5,7.5,Estádio Fonte Luminosa,15709
Palmeiras,2016,31,16/10/2016,16:00,Domingo,10,Figueirense,Vitória,2,1,Visitante,Igor Junio Benevenuto,25.9,4.6,180.5,8.1,28.4,3.4,181.0,5.8,Orlando Scarpelli,16467
Palmeiras,2016,32,23/10/2016,16:00,Domingo,10,Sport Recife,Vitória,2,1,Mandante,Ricardo Marques Ribeiro,28.3,6.0,180.6,8.9,28.1,4.9,178.3,7.4,Nubank Parque,31107
Palmeiras,2016,33,29/10/2016,18:30,Sábado,10,Santos,Derrota,0,1,Visitante,Dewson Fernando Freitas da Silva,26.1,5.9,180.2,9.6,28.0,5.6,180.5,7.0,Estádio Urbano Caldeira,13574
Palmeiras,2016,34,06/11/2016,16:00,Domingo,11,Internacional,Vitória,1,0,Mandante,Pericles Bassols Pegado Cortez,27.7,6.7,179.3,7.7,27.8,4.6,181.0,4.8,Nubank Parque,31967
Palmeiras,2016,35,17/11/2016,20:00,Quinta,11,Atlético Mineiro,Empate,1,1,Visitante,Braulio Da Silva Machado,27.4,5.1,179.2,6.6,30.0,3.6,180.4,7.4,Arena Independência,14942
Palmeiras,2016,36,20/11/2016,16:00,Domingo,11,Botafogo,Vitória,1,0,Mandante,Elmo Alves Resende Cunha,27.9,6.7,179.5,7.8,28.5,4.2,180.7,7.6,Nubank Parque,39690
Palmeiras,2016,37,27/11/2016,16:00,Domingo,11,Chapecoense,Vitória,1,0,Mandante,Anderson Daronco,28.4,6.7,179.7,7.1,27.8,4.9,180.2,4.9,Nubank Parque,40986
Palmeiras,2016,38,11/12/2016,16:00,Domingo,12,Vitória,Vitória,2,1,Visitante,Dewson Fernando Freitas da Silva,27.5,5.1,181.9,7.1,26.3,3.9,178.5,7.4,Estádio Manoel Barradas,34757
Palmeiras,2017,1,14/05/2017,16:00,Domingo,05,Vasco da Gama,Vitória,4,0,Mandante,Rodolpho Toski Marques,31.1,6.2,179.1,8.8,27.1,6.3,180.0,5.5,Nubank Parque,3325
Palmeiras,2017,2,20/05/2017,19:00,Sábado,05,Chapecoense,Derrota,0,1,Visitante,Andre Luiz de Freitas Castro,27.1,5.3,181.3,6.7,27.3,3.1,181.5,7.3,Arena Condá,10323
Palmeiras,2017,3,27/05/2017,19:00,Sábado,05,São Paulo,Derrota,0,2,Visitante,Anderson Daronco,29.1,5.2,178.8,8.6,25.5,3.9,182.1,6.9,MorumBIS,33288
Palmeiras,2017,4,04/06/2017,16:00,Domingo,06,Atlético Mineiro,Empate,0,0,Mandante,Marcelo de Lima Henrique,28.8,5.3,180.3,7.5,28.1,4.7,180.1,8.5,Nubank Parque,34240
Palmeiras,2017,5,07/06/2017,19:30,Quarta,06,Coritiba,Derrota,0,1,Visitante,Braulio Da Silva Machado,29.1,4.9,180.5,6.3,27.3,4.0,179.3,6.6,Estádio Major Antônio Couto Pereira,16648
Palmeiras,2017,6,10/06/2017,16:00,Sábado,06,Fluminense,Vitória,3,1,Mandante,Andre Luiz de Freitas Castro,31.0,6.5,178.8,6.9,25.6,4.1,181.7,6.2,Nubank Parque,33066
Palmeiras,2017,7,14/06/2017,21:45,Quarta,06,Santos,Derrota,0,1,Visitante,Wilton Pereira Sampaio,29.5,6.9,180.9,6.8,28.1,4.9,181.8,6.2,Estádio Urbano Caldeira,10143
Palmeiras,2017,8,18/06/2017,16:00,Domingo,06,Bahia,Vitória,4,2,Visitante,Rodolpho Toski Marques,28.1,5.1,179.7,7.9,25.7,3.2,179.7,6.9,Arena Fonte Nova,33186
Palmeiras,2017,9,21/06/2017,21:00,Quarta,06,Atlético Goianiense,Vitória,1,0,Mandante,Antonio Dib Moraes de Sousa,28.6,5.5,180.4,7.7,25.1,3.1,181.5,5.8,Nubank Parque,29014
Palmeiras,2017,10,25/06/2017,16:00,Domingo,06,Ponte Preta,Vitória,2,1,Visitante,Reway Wagner,25.6,5.7,180.9,7.7,30.2,5.4,178.5,7.1,Moisés Lucarelli,6051
Palmeiras,2017,11,01/07/2017,16:00,Sábado,07,Grêmio,Vitória,1,0,Mandante,Wagner do Nascimento Magalhaes,29.2,6.5,180.2,5.5,24.1,3.8,179.6,7.1,Mercado Livre Arena Pacaembu,31395
Palmeiras,2017,12,09/07/2017,16:00,Domingo,07,Cruzeiro,Derrota,1,3,Visitante,Pericles Bassols Pegado Cortez,28.6,6.6,179.8,7.9,28.6,4.7,180.4,6.2,Governador Magalhães Pinto,19090
Palmeiras,2017,13,12/07/2017,21:45,Quarta,07,Corinthians,Derrota,0,2,Mandante,Leandro Pedro Vuaden,28.9,5.3,179.8,8.2,26.7,4.0,179.3,8.8,Nubank Parque,39091
Palmeiras,2017,14,16/07/2017,11:00,Domingo,07,Vitória,Vitória,4,2,Mandante,Bruno Arleu de Araujo,29.2,5.6,179.8,8.3,27.8,3.9,181.3,7.7,Nubank Parque,36263
Palmeiras,2017,15,19/07/2017,21:45,Quarta,07,Flamengo,Empate,2,2,Visitante,Jailson Macedo Freitas,28.6,6.4,179.5,7.4,29.0,3.9,178.9,7.1,Estádio Luso Brasileiro,15103
Palmeiras,2017,16,23/07/2017,16:00,Domingo,07,Sport Recife,Vitória,2,0,Visitante,Eduardo Tomaz de Aquino Valadao,27.5,3.9,179.5,5.6,27.8,4.0,178.5,6.9,Arena de Pernambuco,37430
Palmeiras,2017,17,29/07/2017,19:00,Sábado,07,Avaí,Vitória,2,0,Mandante,Anderson Daronco,27.5,4.4,179.8,7.8,28.2,3.8,179.0,7.7,Nubank Parque,33633
Palmeiras,2017,18,02/08/2017,21:45,Quarta,08,Botafogo,Vitória,2,1,Visitante,Rafael Traci,26.8,4.0,180.2,5.7,27.9,4.3,182.7,6.5,Estádio Nilton Santos,7517
Palmeiras,2017,19,06/08/2017,16:00,Domingo,08,Athletico,Derrota,0,1,Mandante,Rodrigo Batista Raposo,29.7,7.1,180.3,6.7,29.5,3.4,180.8,6.7,Nubank Parque,29779
Palmeiras,2017,20,13/08/2017,16:00,Domingo,08,Vasco da Gama,Empate,1,1,Visitante,Paulo Roberto Alves Junior,29.5,5.3,180.7,6.2,27.7,6.1,180.3,6.0,Estádio Raulino de Oliveira,5323
Palmeiras,2017,21,20/08/2017,19:00,Domingo,08,Chapecoense,Derrota,0,2,Mandante,Dyorgines Jose Padovani de Andrade,30.2,5.0,180.7,6.7,26.4,3.2,183.0,6.8,Nubank Parque,21261
Palmeiras,2017,22,27/08/2017,16:00,Domingo,08,São Paulo,Vitória,4,2,Mandante,Sandro Meira Ricci,30.6,4.5,180.0,6.9,28.3,3.5,180.4,7.0,Nubank Parque,33537
Palmeiras,2017,23,09/09/2017,16:00,Sábado,09,Atlético Mineiro,Empate,1,1,Visitante,Leandro Pedro Vuaden,30.1,4.6,179.6,6.9,29.4,5.1,180.2,7.8,Arena Independência,25672
Palmeiras,2017,24,18/09/2017,20:00,Segunda,09,Coritiba,Vitória,1,0,Mandante,Dewson Fernando Freitas da Silva,29.1,4.9,179.5,7.3,26.9,3.4,179.3,5.4,Mercado Livre Arena Pacaembu,26440
Palmeiras,2017,25,24/09/2017,16:00,Domingo,09,Fluminense,Vitória,1,0,Visitante,Anderson Daronco,29.4,4.9,179.2,7.6,24.1,3.6,181.7,5.5,Estádio do Maracanã,13145
Palmeiras,2017,26,30/09/2017,19:00,Sábado,09,Santos,Derrota,0,1,Mandante,Marcelo Aparecido Ribeiro de Souza,29.4,6.2,179.0,7.5,26.9,5.0,182.7,6.7,Nubank Parque,37527
Palmeiras,2017,27,12/10/2017,21:00,Quinta,10,Bahia,Empate,2,2,Mandante,Rafael Traci,29.4,4.7,180.4,6.9,26.3,3.9,179.0,6.7,Nubank Parque,25234
Palmeiras,2017,28,15/10/2017,16:00,Domingo,10,Atlético Goianiense,Vitória,3,1,Visitante,Rodolpho Toski Marques,29.3,4.8,179.1,7.0,25.6,3.0,179.3,5.6,Serra Dourada,12619
Palmeiras,2017,29,19/10/2017,19:00,Quinta,10,Ponte Preta,Vitória,2,0,Mandante,Leandro Bizzio Marinho,29.3,4.8,179.1,7.0,28.0,5.2,178.5,7.5,Nubank Parque,19976
Palmeiras,2017,30,22/10/2017,16:00,Domingo,10,Grêmio,Vitória,3,1,Visitante,Ricardo Marques Ribeiro,28.7,4.9,180.2,6.6,28.5,4.8,180.9,5.7,Arena do Grêmio,16238
Palmeiras,2017,31,30/10/2017,19:00,Segunda,10,Cruzeiro,Empate,2,2,Mandante,Heber Roberto Lopes,29.1,5.0,179.3,7.2,28.7,5.3,179.6,7.5,Nubank Parque,37961
Palmeiras,2017,32,05/11/2017,16:00,Domingo,11,Corinthians,Derrota,2,3,Visitante,Anderson Daronco,28.8,4.9,181.0,7.7,26.7,3.0,179.5,9.0,Neo Química Arena,46090
Palmeiras,2017,33,08/11/2017,20:45,Quarta,11,Vitória,Derrota,1,3,Visitante,Dewson Fernando Freitas da Silva,28.7,5.1,179.2,6.9,27.1,3.8,181.4,5.5,Estádio Manoel Barradas,14803
Palmeiras,2017,34,12/11/2017,16:00,Domingo,11,Flamengo,Vitória,2,0,Mandante,Braulio Da Silva Machado,29.9,5.0,180.8,6.6,27.2,4.0,180.2,6.5,Nubank Parque,27831
Palmeiras,2017,35,16/11/2017,19:00,Quinta,11,Sport Recife,Vitória,5,1,Mandante,Rafael Traci,30.5,4.8,180.1,7.3,30.5,4.4,180.8,4.6,Nubank Parque,18744
Palmeiras,2017,36,20/11/2017,19:00,Segunda,11,Avaí,Derrota,1,2,Visitante,Ricardo Marques Ribeiro,28.6,4.6,180.5,8.2,28.8,4.5,180.1,6.6,Estádio da Ressacada,11082
Palmeiras,2017,37,27/11/2017,19:00,Segunda,11,Botafogo,Vitória,2,0,Mandante,Elmo Alves Resende Cunha,30.3,6.2,180.7,7.3,27.8,3.1,179.6,8.1,Nubank Parque,23562
Palmeiras,2017,38,03/12/2017,16:00,Domingo,12,Athletico,Derrota,0,3,Visitante,Claudio Francisco Lima E. Silva,28.7,4.5,181.0,8.3,26.6,3.5,179.9,6.0,Arena da Baixada,12879
Palmeiras,2018,1,16/04/2018,20:00,Segunda,04,Botafogo,Empate,1,1,Visitante,Ricardo Marques Ribeiro,28.8,3.9,179.0,6.7,25.7,4.1,180.8,7.8,Estádio Nilton Santos,8033
Palmeiras,2018,2,22/04/2018,16:00,Domingo,04,Internacional,Vitória,1,0,Mandante,Marcelo de Lima Henrique,29.6,4.3,180.3,6.5,26.2,3.2,181.6,5.0,Nubank Parque,25504
Palmeiras,2018,3,29/04/2018,16:00,Domingo,04,Chapecoense,Empate,0,0,Mandante,Igor Junio Benevenuto,27.9,3.1,180.7,6.7,29.5,3.5,179.9,6.3,Nubank Parque,30871
Palmeiras,2018,4,06/05/2018,16:00,Domingo,05,Athletico,Vitória,3,1,Visitante,Claudio Francisco Lima E. Silva,30.4,4.0,179.9,7.0,27.7,4.1,181.3,4.5,Arena da Baixada,19077
Palmeiras,2018,5,13/05/2018,16:00,Domingo,05,Corinthians,Derrota,0,1,Visitante,Anderson Daronco,29.0,4.0,180.1,6.4,26.6,4.6,178.4,7.6,Neo Química Arena,34967
Palmeiras,2018,6,19/05/2018,21:00,Sábado,05,Bahia,Vitória,3,0,Mandante,Rafael Traci,30.1,4.2,180.6,5.8,26.0,4.2,181.5,7.9,Nubank Parque,26351
Palmeiras,2018,7,26/05/2018,19:00,Sábado,05,Sport Recife,Derrota,2,3,Mandante,Dewson Fernando Freitas da Silva,30.3,4.2,179.3,6.8,29.1,5.0,181.8,4.3,Nubank Parque,25947
Palmeiras,2018,8,30/05/2018,21:45,Quarta,05,Cruzeiro,Derrota,0,1,Visitante,Braulio Da Silva Machado,29.6,3.9,179.0,6.8,30.2,4.0,178.9,7.2,Governador Magalhães Pinto,19679
Palmeiras,2018,9,02/06/2018,21:00,Sábado,06,São Paulo,Vitória,3,1,Mandante,Rodolpho Toski Marques,30.1,4.3,180.1,6.9,29.5,4.7,181.6,5.1,Nubank Parque,32841
Palmeiras,2018,10,06/06/2018,21:45,Quarta,06,Grêmio,Vitória,2,0,Visitante,Rafael Traci,28.8,4.2,179.3,6.2,26.3,3.9,180.7,4.6,Arena do Grêmio,26556
Palmeiras,2018,11,10/06/2018,16:00,Domingo,06,Ceará,Empate,2,2,Visitante,Jean Pierre Goncalves Lima,29.4,4.4,177.5,6.5,30.1,2.2,178.5,7.9,Estádio Governador Plácido Castelo,32732
Palmeiras,2018,12,13/06/2018,21:00,Quarta,06,Flamengo,Empate,1,1,Mandante,Braulio Da Silva Machado,29.9,4.6,179.4,6.3,23.7,4.4,179.5,4.6,Nubank Parque,36882
Palmeiras,2018,13,19/07/2018,20:00,Quinta,07,Santos,Empate,1,1,Visitante,Dewson Fernando Freitas da Silva,29.3,3.9,180.4,6.2,26.5,4.4,181.3,7.8,Mercado Livre Arena Pacaembu,26417
Palmeiras,2018,14,22/07/2018,16:00,Domingo,07,Atlético Mineiro,Vitória,3,2,Mandante,Pericles Bassols Pegado Cortez,29.6,3.8,180.5,7.1,29.2,4.9,178.4,7.1,Nubank Parque,29246
Palmeiras,2018,15,25/07/2018,19:30,Quarta,07,Fluminense,Derrota,0,1,Visitante,Rodrigo D'Alonso Ferreira,29.6,3.8,180.5,7.1,26.7,4.0,181.2,7.6,Estádio do Maracanã,22827
Palmeiras,2018,16,29/07/2018,11:00,Domingo,07,Paraná Clube,Vitória,3,0,Mandante,Reway Wagner,26.7,3.2,179.1,7.6,25.7,2.7,181.1,4.0,Nubank Parque,35776
Palmeiras,2018,17,05/08/2018,16:00,Domingo,08,América Mineiro,Empate,0,0,Visitante,Andre Luiz de Freitas Castro,27.3,2.7,180.5,5.4,30.4,3.1,179.9,7.5,Arena Independência,8077
Palmeiras,2018,18,12/08/2018,19:00,Domingo,08,Vasco da Gama,Vitória,1,0,Mandante,Wilton Pereira Sampaio,27.4,2.4,180.6,5.2,28.0,4.1,179.0,4.9,Nubank Parque,30012
Palmeiras,2018,19,19/08/2018,16:00,Domingo,08,Vitória,Vitória,3,0,Visitante,Rodrigo Batista Raposo,27.4,1.9,179.9,6.1,24.0,2.5,178.9,8.9,Estádio Manoel Barradas,8822
Palmeiras,2018,20,22/08/2018,21:00,Quarta,08,Botafogo,Vitória,2,0,Mandante,Anderson Daronco,29.4,3.9,181.2,6.9,23.8,2.7,181.8,5.4,Nubank Parque,24882
Palmeiras,2018,21,26/08/2018,16:00,Domingo,08,Internacional,Empate,0,0,Visitante,Bruno Arleu de Araujo,28.0,2.4,180.5,5.6,27.0,3.2,180.1,6.4,Estádio Beira-Rio,40125
Palmeiras,2018,22,02/09/2018,19:00,Domingo,09,Chapecoense,Vitória,2,1,Visitante,Ricardo Marques Ribeiro,27.9,3.2,180.5,5.2,28.0,4.2,179.3,6.9,Arena Condá,4546
Palmeiras,2018,23,05/09/2018,21:00,Quarta,09,Athletico,Vitória,2,0,Mandante,Marcelo de Lima Henrique,30.2,5.0,181.5,7.1,26.4,4.9,179.6,6.6,Nubank Parque,24601
Palmeiras,2018,24,09/09/2018,16:00,Domingo,09,Corinthians,Vitória,1,0,Mandante,Jean Pierre Goncalves Lima,28.0,2.9,180.2,6.1,27.7,5.7,180.5,7.4,Nubank Parque,38568
Palmeiras,2018,25,16/09/2018,16:00,Domingo,09,Bahia,Empate,1,1,Visitante,Heber Roberto Lopes,28.4,3.2,180.2,5.5,27.2,4.2,179.9,8.0,Arena Fonte Nova,24495
Palmeiras,2018,26,23/09/2018,18:00,Domingo,09,Sport Recife,Vitória,1,0,Visitante,Paulo Roberto Alves Junior,28.8,4.1,180.4,5.1,29.2,5.5,180.1,5.3,Ilha do Retiro,18681
Palmeiras,2018,27,30/09/2018,11:00,Domingo,09,Cruzeiro,Vitória,3,1,Mandante,Dewson Fernando Freitas da Silva,28.9,4.5,180.3,6.4,27.3,3.4,180.5,6.0,Mercado Livre Arena Pacaembu,35674
Palmeiras,2018,28,06/10/2018,18:00,Sábado,10,São Paulo,Vitória,2,0,Visitante,Wilton Pereira Sampaio,28.2,3.0,180.5,6.2,30.7,3.4,181.7,4.5,MorumBIS,56694
Palmeiras,2018,29,14/10/2018,16:00,Domingo,10,Grêmio,Vitória,2,0,Mandante,Ricardo Marques Ribeiro,28.9,4.1,180.7,6.6,28.6,4.3,182.1,4.9,Mercado Livre Arena Pacaembu,35812
Palmeiras,2018,30,21/10/2018,16:00,Domingo,10,Ceará,Vitória,2,1,Mandante,Andre Luiz de Freitas Castro,29.9,3.9,180.5,6.8,27.9,4.9,178.9,8.5,Mercado Livre Arena Pacaembu,36323
Palmeiras,2018,31,27/10/2018,19:00,Sábado,10,Flamengo,Empate,1,1,Visitante,Rafael Traci,29.1,4.2,181.2,7.1,27.4,3.8,180.5,6.7,Estádio do Maracanã,65102
Palmeiras,2018,32,03/11/2018,19:00,Sábado,11,Santos,Vitória,3,2,Mandante,Braulio Da Silva Machado,28.7,3.6,180.1,7.1,26.7,4.7,180.2,8.3,Nubank Parque,38938
Palmeiras,2018,33,11/11/2018,16:00,Domingo,11,Atlético Mineiro,Empate,1,1,Visitante,Wilton Pereira Sampaio,30.9,3.6,181.1,7.0,30.7,6.0,180.7,9.1,Arena Independência,20488
Palmeiras,2018,34,14/11/2018,20:45,Quarta,11,Fluminense,Vitória,3,0,Mandante,Braulio Da Silva Machado,27.8,2.2,179.6,6.2,25.9,3.4,181.5,7.8,Nubank Parque,37430
Palmeiras,2018,35,18/11/2018,16:00,Domingo,11,Paraná Clube,Empate,1,1,Visitante,Bruno Arleu de Araujo,29.1,3.9,181.5,6.6,24.4,3.5,180.7,4.7,Durival Britto e Silva,25076
Palmeiras,2018,36,21/11/2018,20:45,Quarta,11,América Mineiro,Vitória,4,0,Mandante,Paulo Roberto Alves Junior,27.7,2.2,179.6,6.2,28.4,4.6,179.2,9.6,Nubank Parque,39429
Palmeiras,2018,37,25/11/2018,16:00,Domingo,11,Vasco da Gama,Vitória,1,0,Visitante,Rafael Traci,28.4,3.1,179.8,6.2,28.3,4.1,179.7,6.4,Estádio São Januário,22957
Palmeiras,2018,38,02/12/2018,16:00,Domingo,12,Vitória,Vitória,3,2,Mandante,Heber Roberto Lopes,28.8,4.1,181.0,6.4,23.8,3.2,180.2,5.8,Nubank Parque,41256
Palmeiras,2019,1,28/04/2019,19:00,Domingo,04,Fortaleza,Vitória,4,0,Mandante,Braulio Da Silva Machado,28.6,2.9,181.1,5.8,29.1,4.1,178.1,9.0,Nubank Parque,26701
Palmeiras,2019,2,01/05/2019,16:00,Quarta,05,CSA,Empate,1,1,Visitante,Caio Max Augusto Vieira,29.2,4.5,181.6,5.1,29.8,2.6,179.9,8.7,Estádio Rei Pelé,15735
Palmeiras,2019,3,04/05/2019,19:00,Sábado,05,Internacional,Vitória,1,0,Mandante,Wagner do Nascimento Magalhaes,28.4,3.0,180.3,6.0,28.2,4.1,180.9,5.4,Nubank Parque,31549
Palmeiras,2019,4,12/05/2019,16:00,Domingo,05,Atlético Mineiro,Vitória,2,0,Visitante,Anderson Daronco,28.3,3.2,180.2,6.0,30.8,5.3,179.9,8.5,Arena Independência,24368
Palmeiras,2019,5,18/05/2019,19:00,Sábado,05,Santos,Vitória,4,0,Mandante,Rafael Traci,28.3,3.2,180.2,6.0,26.2,4.6,180.4,10.5,Nubank Parque,32501
Palmeiras,2019,6,25/05/2019,16:00,Sábado,05,Botafogo,Vitória,1,0,Visitante,Paulo Roberto Alves Junior,28.2,1.8,180.0,6.0,27.6,4.8,179.6,6.0,Estadio Nilton Santos,33143
Palmeiras,2019,7,02/06/2019,19:00,Domingo,06,Chapecoense,Vitória,2,1,Visitante,Rodolpho Toski Marques,28.8,2.9,180.6,6.6,28.1,4.7,179.5,5.6,Arena Condá,10615
Palmeiras,2019,8,08/06/2019,16:30,Sábado,06,Athletico,Vitória,1,0,Mandante,Rodrigo D'alonso Ferreira,29.9,3.8,180.8,6.8,27.0,4.3,179.8,7.2,Nubank Parque,37086
Palmeiras,2019,9,13/06/2019,20:00,Quinta,06,Avaí,Vitória,2,0,Mandante,Marcelo de Lima Henrique,29.9,3.8,180.8,6.8,26.2,4.6,181.9,6.3,Nubank Parque,31946
Palmeiras,2019,10,13/07/2019,19:00,Sábado,07,São Paulo,Empate,1,1,Visitante,Bruno Arleu de Araujo,29.3,3.5,181.1,6.7,27.6,4.2,180.2,5.3,MorumBIS,38267
Palmeiras,2019,11,20/07/2019,19:00,Sábado,07,Ceará,Derrota,0,2,Visitante,Rodrigo D'alonso Ferreira,28.6,3.0,180.3,6.0,28.6,3.4,180.2,7.9,Estádio Governador Plácido Castelo,32287
Palmeiras,2019,12,27/07/2019,17:00,Sábado,07,Vasco da Gama,Empate,1,1,Mandante,Ricardo Marques Ribeiro,28.7,4.3,180.2,7.4,28.0,4.4,181.5,6.9,Nubank Parque,37754
Palmeiras,2019,13,04/08/2019,19:00,Domingo,08,Corinthians,Empate,1,1,Visitante,Anderson Daronco,29.1,3.3,179.8,6.5,28.9,3.8,177.2,9.7,Neo Química Arena,42675
Palmeiras,2019,14,11/08/2019,16:00,Domingo,08,Bahia,Empate,2,2,Mandante,Igor Junio Benevenuto,29.2,3.1,180.3,6.0,28.8,3.3,180.6,7.3,Nubank Parque,34275
Palmeiras,2019,15,17/08/2019,21:00,Sábado,08,Grêmio,Empate,1,1,Visitante,Wagner do Nascimento Magalhaes,26.6,2.6,180.6,6.5,29.7,5.5,181.2,5.4,Arena do Grêmio,12897
Palmeiras,2019,17,01/09/2019,16:00,Domingo,09,Flamengo,Derrota,0,3,Visitante,Rafael Traci,29.5,3.8,180.4,6.4,28.3,4.1,180.8,5.8,Estádio do Maracanã,65969
Palmeiras,2019,18,07/09/2019,21:00,Sábado,09,Goiás,Vitória,2,1,Visitante,Reway Wagner,29.5,3.6,179.7,5.6,27.6,2.9,179.3,6.0,Serra Dourada,17115
Palmeiras,2019,16,10/09/2019,21:00,Terça,09,Fluminense,Vitória,3,0,Mandante,Anderson Daronco,30.8,4.5,180.1,6.7,27.6,5.4,181.7,6.1,Nubank Parque,27956
Palmeiras,2019,19,14/09/2019,19:00,Sábado,09,Cruzeiro,Vitória,1,0,Mandante,Rodolpho Toski Marques,29.9,3.1,179.8,6.4,27.7,6.3,181.5,3.8,Nubank Parque,35578
Palmeiras,2019,20,22/09/2019,16:00,Domingo,09,Fortaleza,Vitória,1,0,Visitante,Marcelo de Lima Henrique,29.8,3.2,180.5,5.2,27.3,3.4,176.7,9.0,Estádio Governador Plácido Castelo,34514
Palmeiras,2019,21,26/09/2019,19:15,Quinta,09,CSA,Vitória,6,2,Mandante,Diego Pombo Lopez,30.2,3.2,179.3,6.9,29.6,4.0,179.8,8.3,Nubank Parque,21537
Palmeiras,2019,22,29/09/2019,16:00,Domingo,09,Internacional,Empate,1,1,Visitante,Braulio Da Silva Machado,29.4,3.1,180.1,6.1,27.6,5.0,179.8,5.6,Estádio Beira-Rio,20813
Palmeiras,2019,23,06/10/2019,16:00,Domingo,10,Atlético Mineiro,Empate,1,1,Mandante,Rafael Traci,29.8,2.9,179.7,6.4,28.2,5.8,181.5,9.9,Nubank Parque,32659
Palmeiras,2019,24,09/10/2019,21:30,Quarta,10,Santos,Derrota,0,2,Visitante,Flavio Rodrigues De Souza,30.6,3.9,179.6,6.1,27.5,4.0,179.0,8.9,Estádio Urbano Caldeira,11408
Palmeiras,2019,25,12/10/2019,21:00,Sábado,10,Botafogo,Vitória,1,0,Mandante,Anderson Daronco,29.3,4.1,180.5,6.4,27.7,4.8,179.7,7.1,Mercado Livre Arena Pacaembu,21010
Palmeiras,2019,26,16/10/2019,21:00,Quarta,10,Chapecoense,Vitória,1,0,Mandante,Vinicius Gomes do Amara,28.9,3.0,180.3,6.0,31.3,2.7,179.9,6.2,Nubank Parque,22738
Palmeiras,2019,27,20/10/2019,19:00,Domingo,10,Athletico,Empate,1,1,Visitante,Ricardo Marques Ribeiro,29.9,3.1,179.3,7.1,27.9,3.9,180.3,7.1,Arena da Baixada,18732
Palmeiras,2019,28,27/10/2019,18:00,Domingo,10,Avaí,Vitória,2,1,Visitante,Wilton Pereira Sampaio,29.3,3.4,179.6,7.0,28.4,5.4,182.6,7.5,Estádio da Ressacada,8815
Palmeiras,2019,29,30/10/2019,19:30,Quarta,10,São Paulo,Vitória,3,0,Mandante,Raphael Claus,29.1,2.9,180.4,6.1,26.8,4.8,179.5,5.7,Nubank Parque,29481
Palmeiras,2019,30,02/11/2019,19:00,Sábado,11,Ceará,Vitória,1,0,Mandante,Felipe Fernandes de Lima,28.7,2.9,180.5,6.0,29.9,2.0,178.4,6.9,Nubank Parque,29019
Palmeiras,2019,31,06/11/2019,21:30,Quarta,11,Vasco da Gama,Vitória,2,1,Visitante,Rafael Traci,28.8,4.8,181.0,5.5,29.0,4.1,181.2,6.6,Estádio São Januário,8492
Palmeiras,2019,32,09/11/2019,19:00,Sábado,11,Corinthians,Empate,1,1,Mandante,Vinicius Goncalves Dias Araujo,28.5,1.9,180.2,6.0,28.7,4.1,177.7,8.8,Nubank Parque,36290
Palmeiras,2019,33,17/11/2019,16:00,Domingo,11,Bahia,Empate,1,1,Visitante,Bruno Arleu de Araujo,28.6,1.9,180.3,6.1,27.2,3.5,180.6,6.7,Arena Fonte Nova,23194
Palmeiras,2019,34,24/11/2019,16:00,Domingo,11,Grêmio,Derrota,1,2,Mandante,Wilton Pereira Sampaio,28.7,1.8,179.9,6.0,30.6,5.4,180.3,5.1,Nubank Parque,22767
Palmeiras,2019,35,28/11/2019,19:30,Quinta,11,Fluminense,Derrota,0,1,Visitante,Leandro Pedro Vuaden,28.1,3.5,180.7,5.4,25.2,3.7,181.8,5.5,Estádio do Maracanã,30947
Palmeiras,2019,36,01/12/2019,16:00,Domingo,12,Flamengo,Derrota,1,3,Mandante,Ricardo Marques Ribeiro,31.0,3.6,180.4,5.5,28.8,4.3,181.4,5.8,Nubank Parque,22219
Palmeiras,2019,37,05/12/2019,19:15,Quinta,12,Goiás,Vitória,5,1,Mandante,Bruno Arleu de Araujo,28.7,4.2,179.5,6.1,28.0,3.7,181.0,5.2,Nubank Parque,6779
Palmeiras,2019,38,08/12/2019,16:00,Domingo,12,Cruzeiro,Vitória,2,0,Visitante,Marcelo de Lima Henrique,27.6,2.9,179.9,6.7,27.4,5.7,178.8,6.0,Governador Magalhães Pinto,24035
Palmeiras,2020,2,12/08/2020,21:30,Quarta,08,Fluminense,Empate,1,1,Visitante,Rafael Traci,28.3,5.1,179.3,5.8,28.8,5.9,180.0,6.0,Estádio do Maracanã,0
Palmeiras,2020,3,15/08/2020,21:30,Sábado,08,Goiás,Empate,1,1,Mandante,Paulo Roberto Alves Junior,28.2,5.0,180.1,5.1,26.0,4.0,179.5,5.6,Nubank Parque,0
Palmeiras,2020,4,19/08/2020,19:30,Quarta,08,Athletico,Vitória,1,0,Visitante,Caio Max Augusto Vieira,27.9,4.3,179.8,5.8,25.3,4.3,180.6,6.1,Arena da Baixada,0
Palmeiras,2020,5,23/08/2020,16:00,Domingo,08,Santos,Vitória,2,1,Mandante,Vinicius Goncalves Dias Araujo,28.0,4.3,179.8,5.8,27.0,4.8,177.5,8.9,MorumBIS,0
Palmeiras,2020,6,29/08/2020,19:00,Sábado,08,Bahia,Empate,1,1,Visitante,Bruno Arleu de Araujo,27.6,4.2,178.9,6.1,29.6,4.4,178.1,7.5,Arena Fonte Nova,0
Palmeiras,2020,7,02/09/2020,21:30,Quarta,09,Internacional,Empate,1,1,Mandante,Wilton Pereira Sampaio,27.3,4.3,180.7,4.3,26.3,5.0,181.4,5.8,Nubank Parque,0
Palmeiras,2020,8,06/09/2020,11:00,Domingo,09,Red Bull Bragantino,Vitória,2,1,Visitante,Marcelo de Lima Henrique,26.7,4.5,180.4,4.8,26.8,4.4,179.6,6.7,Estádio Nabi Abi Chedid,0
Palmeiras,2020,9,10/09/2020,19:15,Quinta,09,Corinthians,Vitória,2,0,Visitante,Leandro Pedro Vuaden,26.5,4.4,180.3,4.6,28.7,4.2,178.0,10.1,Neo Química Arena,0
Palmeiras,2020,10,13/09/2020,19:45,Domingo,09,Sport Recife,Empate,2,2,Mandante,Diego Pombo Lopez,27.8,4.6,179.4,5.5,28.0,3.5,180.5,6.9,Nubank Parque,0
Palmeiras,2020,11,20/09/2020,16:00,Domingo,09,Grêmio,Empate,1,1,Visitante,Rodrigo D'alonso Ferreira,28.1,5.8,178.2,5.9,30.1,4.6,180.3,7.2,Arena do Grêmio,0
Palmeiras,2020,12,27/09/2020,16:00,Domingo,09,Flamengo,Empate,1,1,Mandante,Jean Pierre Goncalves Lima,27.5,6.0,179.9,4.4,21.6,2.4,182.9,7.0,Nubank Parque,0
Palmeiras,2020,13,03/10/2020,19:00,Sábado,10,Ceará,Vitória,2,1,Mandante,Bruno Arleu de Araujo,28.2,5.2,178.4,6.0,29.7,5.2,181.8,8.4,Nubank Parque,0
Palmeiras,2020,14,07/10/2020,21:30,Quarta,10,Botafogo,Derrota,1,2,Visitante,Rodolpho Toski Marques,29.3,5.7,178.0,5.6,26.4,5.2,181.6,6.8,Estadio Nilton Santos,0
Palmeiras,2020,15,10/10/2020,19:00,Sábado,10,São Paulo,Derrota,0,2,Mandante,Leandro Pedro Vuaden,28.7,6.2,177.7,5.1,26.5,5.1,178.8,5.3,Nubank Parque,0
Palmeiras,2020,16,14/10/2020,18:00,Quarta,10,Coritiba,Derrota,1,3,Mandante,Jefferson Ferreira de Moraes,26.1,6.6,179.1,4.9,26.0,5.4,180.0,5.0,Nubank Parque,0
Palmeiras,2020,17,18/10/2020,20:30,Domingo,10,Fortaleza,Derrota,0,2,Visitante,Marcelo de Lima Henrique,26.8,4.2,180.2,4.3,28.2,4.3,178.3,6.1,Estádio Governador Plácido Castelo,0
Palmeiras,2020,18,25/10/2020,16:00,Domingo,10,Atlético Goianiense,Vitória,3,0,Visitante,Savio Pereira Sampaio,26.8,5.4,179.1,5.9,24.6,2.2,179.3,7.3,Serra Dourada,0
Palmeiras,2020,19,02/11/2020,17:00,Segunda,11,Atlético Mineiro,Vitória,3,0,Mandante,Braulio Da Silva Machado,27.4,5.1,179.5,6.1,25.7,4.0,179.5,8.2,Nubank Parque,0
Palmeiras,2020,20,08/11/2020,16:00,Domingo,11,Vasco da Gama,Vitória,1,0,Visitante,Anderson Daronco,27.1,5.5,179.6,6.0,27.5,5.8,180.6,5.7,Estádio São Januário,0
Palmeiras,2020,21,14/11/2020,21:30,Sábado,11,Fluminense,Vitória,2,0,Mandante,Leandro Pedro Vuaden,27.2,6.2,178.3,4.4,28.4,4.9,180.5,6.8,Nubank Parque,0
Palmeiras,2020,22,21/11/2020,21:00,Sábado,11,Goiás,Derrota,0,1,Visitante,Bruno Arleu de Araujo,27.4,5.6,179.9,6.3,27.0,4.2,180.1,9.7,Serra Dourada,0
Palmeiras,2020,23,28/11/2020,17:00,Sábado,11,Athletico,Vitória,3,0,Mandante,Anderson Daronco,25.5,4.0,178.7,5.6,25.1,4.3,180.2,5.4,Nubank Parque,0
Palmeiras,2020,24,05/12/2020,17:00,Sábado,12,Santos,Empate,2,2,Visitante,Flavio Rodrigues De Souza,27.3,4.2,179.7,5.4,26.1,4.0,179.6,9.9,Estádio Urbano Caldeira,0
Palmeiras,2020,25,12/12/2020,19:00,Sábado,12,Bahia,Vitória,3,0,Mandante,Rafael Traci,26.6,3.9,179.0,6.2,28.2,4.2,181.0,5.8,Nubank Parque,0
Palmeiras,2020,26,19/12/2020,21:00,Sábado,12,Internacional,Derrota,0,2,Visitante,Savio Pereira Sampaio,27.3,4.7,179.0,5.2,27.4,5.3,181.7,5.5,Estádio Beira-Rio,0
Palmeiras,2020,27,27/12/2020,18:15,Domingo,12,Red Bull Bragantino,Vitória,1,0,Mandante,Raphael Claus,25.4,5.1,180.6,4.5,25.2,3.9,181.0,6.4,Nubank Parque,0
Palmeiras,2020,29,09/01/2021,19:00,Sábado,01,Sport Recife,Vitória,1,0,Visitante,Dyorgines Jose Padovani de Andrade,26.6,4.6,178.8,5.9,28.4,3.9,181.1,5.6,Ilha do Retiro,0
Palmeiras,2020,30,15/01/2021,21:30,Sexta,01,Grêmio,Empate,1,1,Mandante,Bruno Arleu de Araujo,27.9,3.4,178.9,6.5,28.2,4.9,181.6,6.1,Nubank Parque,0
Palmeiras,2020,28,18/01/2021,19:00,Segunda,01,Corinthians,Vitória,4,0,Mandante,Jean Pierre Goncalves Lima,27.1,4.8,179.6,5.2,29.8,4.0,179.4,9.1,Nubank Parque,0
Palmeiras,2020,31,21/01/2021,19:00,Quinta,01,Flamengo,Derrota,0,2,Visitante,Savio Pereira Sampaio,27.5,5.0,179.5,5.3,29.0,4.5,180.7,7.1,Estádio do Maracanã,0
Palmeiras,2020,32,24/01/2021,16:00,Domingo,01,Ceará,Derrota,1,2,Visitante,Braulio Da Silva Machado,26.3,5.6,180.3,3.9,28.4,3.8,181.5,8.0,Estádio Governador Plácido Castelo,0
Palmeiras,2020,1,26/01/2021,20:00,Terça,01,Vasco da Gama,Empate,1,1,Mandante,Anderson Daronco,27.1,6.5,180.1,4.7,27.4,5.5,179.2,7.5,Nubank Parque,0
Palmeiras,2020,33,02/02/2021,16:00,Terça,02,Botafogo,Empate,1,1,Mandante,Felipe Fernandes de Lima,28.1,5.3,180.5,4.9,24.2,6.2,181.7,6.4,Nubank Parque,0
Palmeiras,2020,36,14/02/2021,18:15,Domingo,02,Fortaleza,Vitória,3,0,Mandante,Ricardo Marques Ribeiro,25.5,4.9,179.5,5.2,28.2,4.8,181.0,5.8,Nubank Parque,0
Palmeiras,2020,35,17/02/2021,19:30,Quarta,02,Coritiba,Derrota,0,1,Visitante,Ramon Abatti Abel,25.7,5.1,179.5,6.9,27.5,5.6,181.8,7.2,Estádio Major Antônio Couto Pereira,0
Palmeiras,2020,34,19/02/2021,21:30,Sexta,02,São Paulo,Empate,1,1,Visitante,Leandro Pedro Vuaden,29.0,4.8,179.8,6.2,29.1,4.8,181.4,6.5,MorumBIS,0
Palmeiras,2020,37,22/02/2021,18:00,Segunda,02,Atlético Goianiense,Empate,1,1,Mandante,Caio Max Augusto Vieira,28.8,4.7,180.3,5.8,25.4,2.3,180.1,7.9,Nubank Parque,0
Palmeiras,2020,38,25/02/2021,21:30,Quinta,02,Atlético Mineiro,Derrota,0,2,Visitante,Heber Roberto Lopes,23.7,4.0,179.6,6.3,26.0,3.9,179.5,7.9,Governador Magalhães Pinto,0
Palmeiras,2021,1,30/05/2021,16:00,Domingo,05,Flamengo,Derrota,0,1,Visitante,Anderson Daronco,27.9,5.1,181.0,5.9,30.5,4.3,180.4,5.0,Estádio do Maracanã,0
Palmeiras,2021,2,06/06/2021,18:15,Domingo,06,Chapecoense,Vitória,3,1,Mandante,Leo Simao Holanda,27.4,5.5,179.3,5.3,26.0,3.6,180.2,4.9,Nubank Parque,0
Palmeiras,2021,3,12/06/2021,19:00,Sábado,06,Corinthians,Empate,1,1,Mandante,Flavio Rodrigues De Souza,28.9,6.0,179.5,5.4,28.4,4.7,179.2,8.5,Nubank Parque,0
Palmeiras,2021,4,16/06/2021,21:30,Quarta,06,Juventude,Vitória,3,0,Visitante,Marielson Alves Silva,29.5,6.2,180.0,4.9,27.2,4.2,178.6,5.3,Estádio Alfredo Jaconi,0
Palmeiras,2021,5,20/06/2021,11:00,Domingo,06,América Mineiro,Vitória,2,1,Mandante,Jefferson Ferreira de Moraes,28.9,6.6,179.5,4.5,28.5,4.2,178.3,6.9,Nubank Parque,0
Palmeiras,2021,6,23/06/2021,19:00,Quarta,06,Red Bull Bragantino,Derrota,1,3,Visitante,Luiz Flávio de Oliveira,28.8,4.8,180.6,6.0,24.7,4.0,181.1,7.1,Estádio Nabi Abi Chedid,0
Palmeiras,2021,7,27/06/2021,20:00,Domingo,06,Bahia,Vitória,3,2,Mandante,Denis da Silva Ribeiro Serafim,28.4,5.1,179.7,5.4,27.4,4.5,179.8,7.4,Nubank Parque,0
Palmeiras,2021,8,30/06/2021,19:00,Quarta,06,Internacional,Vitória,2,1,Visitante,Paulo Roberto Alves Junior,27.5,5.4,180.5,4.4,25.2,4.7,181.0,5.4,Estádio Beira-Rio,0
Palmeiras,2021,9,04/07/2021,16:00,Domingo,07,Sport Recife,Vitória,1,0,Visitante,Caio Max Augusto Vieira,28.7,6.1,180.3,4.3,27.9,3.3,181.4,8.3,Ilha do Retiro,0
Palmeiras,2021,10,07/07/2021,19:00,Quarta,07,Grêmio,Vitória,2,0,Mandante,Felipe Fernandes de Lima,26.5,5.1,178.2,5.5,28.1,5.9,179.9,6.3,Nubank Parque,0
Palmeiras,2021,11,10/07/2021,16:30,Sábado,07,Santos,Vitória,3,2,Mandante,Braulio Da Silva Machado,29.1,5.6,179.8,4.0,26.0,5.0,177.0,6.9,Nubank Parque,0
Palmeiras,2021,12,18/07/2021,16:00,Domingo,07,Atlético Goianiense,Vitória,3,0,Visitante,Denis da Silva Ribeiro Serafim,28.2,5.5,178.5,6.2,25.8,3.9,180.7,8.0,Serra Dourada,0
Palmeiras,2021,13,24/07/2021,19:00,Sábado,07,Fluminense,Vitória,1,0,Mandante,Savio Pereira Sampaio,27.8,5.5,180.2,4.8,29.5,6.6,179.1,7.0,Nubank Parque,0
Palmeiras,2021,14,31/07/2021,19:00,Sábado,07,São Paulo,Empate,0,0,Visitante,Luiz Flávio de Oliveira,27.9,5.5,180.2,4.8,25.9,5.2,179.4,4.9,MorumBIS,0
Palmeiras,2021,15,07/08/2021,21:00,Sábado,08,Fortaleza,Derrota,2,3,Mandante,Wilton Pereira Sampaio,27.2,4.5,179.6,5.4,28.7,3.4,180.0,6.4,Nubank Parque,0
Palmeiras,2021,16,14/08/2021,19:00,Sábado,08,Atlético Mineiro,Derrota,0,2,Visitante,Bruno Arleu de Araujo,26.3,6.3,179.3,5.0,29.3,3.8,179.3,6.0,Governador Magalhães Pinto,0
Palmeiras,2021,17,22/08/2021,11:00,Domingo,08,Cuiabá,Derrota,0,2,Mandante,Anderson Daronco,26.8,4.4,177.9,7.0,29.9,3.3,179.2,6.9,Nubank Parque,0
Palmeiras,2021,18,28/08/2021,21:00,Sábado,08,Athletico,Vitória,2,1,Mandante,Leandro Pedro Vuaden,27.7,5.0,178.3,6.4,24.8,3.6,180.9,5.9,Nubank Parque,0
Palmeiras,2021,20,12/09/2021,16:00,Domingo,09,Flamengo,Derrota,1,3,Mandante,Wilton Pereira Sampaio,27.2,3.9,177.8,6.9,28.2,4.3,179.9,7.8,Nubank Parque,0
Palmeiras,2021,21,18/09/2021,17:00,Sábado,09,Chapecoense,Vitória,2,0,Visitante,Paulo Roberto Alves Junior,29.0,5.1,180.3,6.0,26.2,4.1,182.5,6.5,Arena Condá,0
Palmeiras,2021,22,25/09/2021,19:00,Sábado,09,Corinthians,Derrota,1,2,Visitante,Raphael Claus,26.2,5.1,179.9,6.0,30.1,5.0,181.0,7.8,Neo Química Arena,0
Palmeiras,2021,23,03/10/2021,18:15,Domingo,10,Juventude,Empate,1,1,Mandante,Marcelo de Lima Henrique,26.7,4.4,179.4,6.1,27.1,4.3,179.9,6.7,Nubank Parque,0
Palmeiras,2021,24,06/10/2021,21:30,Quarta,10,América Mineiro,Derrota,1,2,Visitante,Leandro Pedro Vuaden,27.5,6.3,179.5,6.8,29.7,3.8,181.2,7.3,Arena Independência,854
Palmeiras,2021,25,09/10/2021,21:00,Sábado,10,Red Bull Bragantino,Derrota,2,4,Mandante,Rafael Traci,26.5,5.1,179.3,6.8,23.9,4.4,181.5,7.5,Nubank Parque,8884
Palmeiras,2021,26,12/10/2021,21:30,Terça,10,Bahia,Empate,0,0,Visitante,Ramon Abatti Abel,28.9,6.0,179.4,6.7,27.7,4.6,180.5,8.5,Arena Fonte Nova,4509
Palmeiras,2021,27,17/10/2021,16:00,Domingo,10,Internacional,Vitória,1,0,Mandante,Braulio Da Silva Machado,30.0,4.2,179.1,7.1,29.1,5.0,181.3,5.1,Nubank Parque,11111
Palmeiras,2021,19,20/10/2021,19:00,Quarta,10,Ceará,Vitória,2,1,Visitante,Andre Luiz de Freitas Castro,30.0,4.2,179.1,7.1,26.6,3.9,181.4,5.9,Estádio Governador Plácido Castelo,6204
Palmeiras,2021,28,25/10/2021,21:30,Segunda,10,Sport Recife,Vitória,2,1,Mandante,Wagner do Nascimento Magalhaes,29.4,5.0,179.3,7.0,24.8,3.5,182.4,7.6,Nubank Parque,13367
Palmeiras,2021,29,31/10/2021,16:00,Domingo,10,Grêmio,Vitória,3,1,Visitante,Savio Pereira Sampaio,29.5,4.0,178.5,7.0,29.1,5.4,180.6,5.8,Arena do Grêmio,13799
Palmeiras,2021,30,07/11/2021,16:00,Domingo,11,Santos,Vitória,2,0,Visitante,Raphael Claus,27.9,3.6,178.0,6.9,25.6,3.1,181.8,7.1,Estádio Urbano Caldeira,13465
Palmeiras,2021,31,10/11/2021,20:30,Quarta,11,Atlético Goianiense,Vitória,4,0,Mandante,Anderson Daronco,28.1,3.4,177.7,6.7,27.2,4.5,178.8,8.0,Nubank Parque,19165
Palmeiras,2021,32,14/11/2021,18:15,Domingo,11,Fluminense,Derrota,1,2,Visitante,Caio Max Augusto Vieira,29.3,3.6,178.5,6.9,28.1,5.1,178.5,7.1,Estádio do Maracanã,7969
Palmeiras,2021,33,17/11/2021,20:30,Quarta,11,São Paulo,Derrota,0,2,Mandante,Marcelo de Lima Henrique,27.2,5.6,180.9,4.8,27.8,4.6,181.0,4.9,Nubank Parque,35572
Palmeiras,2021,34,20/11/2021,19:00,Sábado,11,Fortaleza,Derrota,0,1,Visitante,Ramon Abatti Abel,27.5,3.3,178.2,6.8,28.7,3.7,180.3,5.8,Estádio Governador Plácido Castelo,18139
Palmeiras,2021,35,23/11/2021,21:30,Terça,11,Atlético Mineiro,Empate,2,2,Mandante,Anderson Daronco,26.0,6.1,180.8,4.1,28.1,4.1,179.9,6.5,Nubank Parque,17744
Palmeiras,2021,36,30/11/2021,22:00,Terça,11,Cuiabá,Vitória,3,1,Visitante,Paulo Roberto Alves Junior,21.9,3.6,181.9,5.8,28.0,4.8,181.5,6.2,Estádio Eurico Gaspar Dutra,26612
Palmeiras,2021,37,06/12/2021,19:00,Segunda,12,Athletico,Empate,0,0,Visitante,Wagner do Nascimento Magalhaes,20.5,2.7,182.9,5.3,27.0,3.4,179.6,5.1,Arena da Baixada,18232
Palmeiras,2021,38,09/12/2021,21:30,Quinta,12,Ceará,Vitória,1,0,Mandante,Savio Pereira Sampaio,20.4,2.7,182.8,5.4,28.1,3.6,181.5,5.9,Nubank Parque,5304
Palmeiras,2022,1,09/04/2022,21:00,Sábado,04,Ceará,Derrota,2,3,Mandante,Caio Max Augusto Vieira,28.2,3.6,178.3,7.2,30.6,3.1,181.1,7.9,Nubank Parque,27100
Palmeiras,2022,2,16/04/2022,16:30,Sábado,04,Goiás,Empate,1,1,Visitante,Braulio Da Silva Machado,26.7,4.7,179.5,6.3,28.3,3.8,179.7,8.0,Estádio da Serrinha,12864
Palmeiras,2022,4,20/04/2022,19:30,Quarta,04,Flamengo,Empate,0,0,Visitante,Wilton Pereira Sampaio,28.0,3.8,178.2,7.1,28.3,5.5,180.7,7.1,Estádio do Maracanã,69997
Palmeiras,2022,3,23/04/2022,19:00,Sábado,04,Corinthians,Vitória,3,0,Mandante,Anderson Daronco,27.2,4.4,178.1,7.1,25.3,4.8,179.1,5.9,Nubank Parque,23973
Palmeiras,2022,5,08/05/2022,16:00,Domingo,05,Fluminense,Empate,1,1,Mandante,Savio Pereira Sampaio,27.5,4.0,178.0,7.2,30.6,5.3,178.6,7.3,Nubank Parque,28776
Palmeiras,2022,6,14/05/2022,16:30,Sábado,05,Red Bull Bragantino,Vitória,2,0,Mandante,Flavio Rodrigues De Souza,27.9,3.2,178.5,7.1,24.2,3.6,180.4,5.5,Nubank Parque,36123
Palmeiras,2022,7,21/05/2022,19:00,Sábado,05,Juventude,Vitória,3,0,Visitante,Marcelo de Lima Henrique,27.6,4.0,178.9,7.3,28.0,2.9,180.4,6.7,Estádio Alfredo Jaconi,5513
Palmeiras,2022,8,29/05/2022,16:00,Domingo,05,Santos,Vitória,1,0,Visitante,Luiz Flávio de Oliveira,28.4,3.6,178.0,6.9,25.4,4.5,180.4,6.8,Estádio Urbano Caldeira,14220
Palmeiras,2022,9,05/06/2022,16:00,Domingo,06,Atlético Mineiro,Empate,0,0,Mandante,Wilton Pereira Sampaio,28.2,3.8,178.0,7.0,29.3,4.4,179.3,6.0,Nubank Parque,40235
Palmeiras,2022,10,09/06/2022,19:00,Quinta,06,Botafogo,Vitória,4,0,Mandante,Anderson Daronco,27.4,4.5,178.3,7.2,27.6,4.0,178.7,6.1,Nubank Parque,33431
Palmeiras,2022,11,12/06/2022,18:00,Domingo,06,Coritiba,Vitória,2,0,Visitante,Leandro Pedro Vuaden,27.4,4.5,178.3,7.2,27.0,5.9,182.7,8.4,Estádio Major Antônio Couto Pereira,27356
Palmeiras,2022,12,16/06/2022,18:00,Quinta,06,Atlético Goianiense,Vitória,4,2,Mandante,Ramon Abatti Abel,27.1,4.1,179.1,7.4,27.9,2.8,181.7,5.6,Nubank Parque,38888
Palmeiras,2022,13,20/06/2022,20:00,Segunda,06,São Paulo,Vitória,2,1,Visitante,Anderson Daronco,26.4,4.3,179.2,7.4,26.9,3.4,179.5,5.2,MorumBIS,31055
Palmeiras,2022,14,26/06/2022,16:00,Domingo,06,Avaí,Empate,2,2,Visitante,Wagner do Nascimento Magalhaes,27.3,3.6,180.5,4.7,29.1,5.0,180.3,5.8,Estádio da Ressacada,15233
Palmeiras,2022,15,02/07/2022,21:00,Sábado,07,Athletico,Derrota,0,2,Mandante,Braulio Da Silva Machado,27.8,3.4,178.4,7.1,23.7,2.9,182.1,6.2,Nubank Parque,39192
Palmeiras,2022,16,10/07/2022,18:00,Domingo,07,Fortaleza,Empate,0,0,Visitante,Wilton Pereira Sampaio,27.8,4.0,178.2,7.2,28.5,4.2,179.7,6.5,Estádio Governador Plácido Castelo,24888
Palmeiras,2022,17,18/07/2022,20:00,Segunda,07,Cuiabá,Vitória,1,0,Mandante,Anderson Daronco,26.5,4.3,179.3,6.1,28.5,3.6,181.1,4.9,Nubank Parque,39033
Palmeiras,2022,18,21/07/2022,20:00,Quinta,07,América Mineiro,Vitória,1,0,Visitante,Braulio Da Silva Machado,27.7,4.5,178.6,6.1,29.6,4.2,180.4,9.7,Arena Independência,6462
Palmeiras,2022,19,24/07/2022,16:00,Domingo,07,Internacional,Vitória,2,1,Mandante,Bruno Arleu de Araujo,27.3,4.7,180.1,6.7,27.2,5.3,180.6,6.8,Nubank Parque,38658
Palmeiras,2022,20,30/07/2022,16:30,Sábado,07,Ceará,Vitória,2,1,Visitante,Anderson Daronco,27.7,4.2,180.1,6.7,29.5,3.3,181.7,8.0,Estádio Governador Plácido Castelo,40912
Palmeiras,2022,21,07/08/2022,16:00,Domingo,08,Goiás,Vitória,3,0,Mandante,Jean Pierre Goncalves Lima,27.0,4.3,179.4,6.1,26.0,2.6,181.6,7.8,Nubank Parque,38801
Palmeiras,2022,22,13/08/2022,19:00,Sábado,08,Corinthians,Vitória,1,0,Visitante,Raphael Claus,27.3,3.8,179.4,7.6,26.4,4.8,180.5,7.5,Neo Química Arena,44966
Palmeiras,2022,23,21/08/2022,16:00,Domingo,08,Flamengo,Empate,1,1,Mandante,Ramon Abatti Abel,28.3,3.8,178.2,7.1,26.4,5.4,179.9,6.6,Nubank Parque,40485
Palmeiras,2022,24,27/08/2022,19:00,Sábado,08,Fluminense,Empate,1,1,Visitante,Braulio Da Silva Machado,28.3,3.8,178.2,7.1,28.9,6.4,178.3,6.6,Estádio do Maracanã,45084
Palmeiras,2022,25,03/09/2022,19:00,Sábado,09,Red Bull Bragantino,Empate,2,2,Visitante,Raphael Claus,26.0,4.2,181.2,5.0,25.4,3.2,180.5,6.6,Estádio Nabi Abi Chedid,9685
Palmeiras,2022,26,10/09/2022,21:00,Sábado,09,Juventude,Vitória,2,1,Mandante,Jefferson Ferreira de Moraes,28.2,3.8,178.1,7.1,28.8,3.2,179.0,7.3,Nubank Parque,39337
Palmeiras,2022,27,18/09/2022,18:30,Domingo,09,Santos,Vitória,1,0,Mandante,Wilton Pereira Sampaio,28.2,3.8,178.1,7.1,26.3,4.4,181.9,8.6,Nubank Parque,40337
Palmeiras,2022,28,28/09/2022,21:45,Quarta,09,Atlético Mineiro,Vitória,1,0,Visitante,Marcelo de Lima Henrique,28.8,3.5,179.5,7.0,30.2,3.9,178.3,6.1,Governador Magalhães Pinto,28644
Palmeiras,2022,29,03/10/2022,20:00,Segunda,10,Botafogo,Vitória,3,1,Visitante,Wilton Pereira Sampaio,29.0,3.6,178.2,6.8,28.1,4.1,182.8,5.3,Estádio Nilton Santos,16545
Palmeiras,2022,30,06/10/2022,19:00,Quinta,10,Coritiba,Vitória,4,0,Mandante,Braulio Da Silva Machado,28.3,3.9,178.8,7.0,26.6,3.8,181.5,8.7,Nubank Parque,39877
Palmeiras,2022,31,10/10/2022,18:30,Segunda,10,Atlético Goianiense,Empate,1,1,Visitante,Bruno Arleu de Araujo,28.7,3.8,178.4,7.1,28.2,3.3,181.0,5.5,Estádio Antônio Accioly,12089
Palmeiras,2022,32,16/10/2022,16:00,Domingo,10,São Paulo,Empate,0,0,Mandante,Flavio Rodrigues De Souza,28.6,3.8,179.2,6.2,27.9,5.6,180.8,5.2,Nubank Parque,40795
Palmeiras,2022,33,22/10/2022,21:00,Sábado,10,Avaí,Vitória,3,0,Mandante,Bruno Arleu de Araujo,29.1,3.6,178.2,6.8,29.3,4.0,180.5,5.2,Nubank Parque,N.A
Palmeiras,2022,34,25/10/2022,21:45,Terça,10,Athletico,Vitória,3,1,Visitante,Braulio Da Silva Machado,28.7,3.8,178.4,7.1,23.9,3.3,181.2,5.9,Arena da Baixada,N.A
Palmeiras,2022,35,02/11/2022,21:30,Quarta,11,Fortaleza,Vitória,4,0,Mandante,Wilton Pereira Sampaio,27.5,5.1,177.9,7.2,30.5,3.9,179.0,5.9,Nubank Parque,N.A
Palmeiras,2022,36,06/11/2022,18:30,Domingo,11,Cuiabá,Empate,1,1,Visitante,Braulio Da Silva Machado,27.0,4.7,179.5,7.6,29.3,3.2,183.0,3.9,Arena Pantanal,N.A
Palmeiras,2022,37,09/11/2022,21:30,Quarta,11,América Mineiro,Vitória,2,1,Mandante,Savio Pereira Sampaio,27.1,5.5,177.9,7.2,31.3,3.1,180.2,7.4,Nubank Parque,N.A
Palmeiras,2022,38,13/11/2022,16:00,Domingo,11,Internacional,Derrota,0,3,Visitante,Bruno Arleu de Araujo,25.9,4.4,179.2,8.2,27.4,4.8,178.7,7.2,Estádio Beira-Rio,N.A
Palmeiras,2023,1,15/04/2023,16:00,Sábado,04,Cuiabá,Vitória,2,1,Mandante,Paulo Cesar Zanovelli da Silva,26.7,5.6,178.9,7.7,29.6,3.7,181.5,3.9,Nubank Parque,35835
Palmeiras,2023,2,23/04/2023,16:00,Domingo,04,Vasco da Gama,Empate,2,2,Visitante,Rafael Rodrigo Klein,26.6,4.2,179.5,7.3,25.4,3.9,180.8,5.3,Estádio São Januário,59867
Palmeiras,2023,3,29/04/2023,18:30,Sábado,04,Corinthians,Vitória,2,1,Mandante,Wilton Pereira Sampaio,28.3,3.4,177.5,7.7,26.3,5.2,179.8,7.5,Nubank Parque,41457
Palmeiras,2023,4,07/05/2023,18:30,Domingo,05,Goiás,Vitória,5,0,Visitante,Wagner do Nascimento Magalhaes,28.7,3.4,177.3,7.5,28.3,3.7,180.8,5.6,Estádio da Serrinha,13789
Palmeiras,2023,5,10/05/2023,21:30,Quarta,05,Grêmio,Vitória,4,1,Mandante,Braulio Da Silva Machado,28.7,3.4,177.3,7.5,28.1,4.2,180.9,4.9,Nubank Parque,37532
Palmeiras,2023,6,13/05/2023,18:30,Sábado,05,Red Bull Bragantino,Empate,1,1,Mandante,Savio Pereira Sampaio,27.5,4.4,177.5,7.4,24.6,3.0,180.5,7.5,Nubank Parque,39488
Palmeiras,2023,7,20/05/2023,21:00,Sábado,05,Santos,Empate,0,0,Visitante,Raphael Claus,28.7,3.4,177.3,7.5,25.6,4.3,181.2,6.9,Estádio Urbano Caldeira,12641
Palmeiras,2023,8,28/05/2023,18:30,Domingo,05,Atlético Mineiro,Empate,1,1,Visitante,Braulio Da Silva Machado,28.7,4.3,177.1,7.5,29.3,4.9,179.1,6.8,Governador Magalhães Pinto,53236
Palmeiras,2023,9,04/06/2023,18:30,Domingo,06,Coritiba,Vitória,3,1,Mandante,Felipe Fernandes de Lima,27.8,4.7,176.7,7.7,27.8,4.2,180.5,6.4,Nubank Parque,33570
Palmeiras,2023,10,11/06/2023,16:00,Domingo,06,São Paulo,Vitória,2,0,Visitante,Raphael Claus,28.0,4.0,177.4,7.6,28.3,5.1,180.4,6.3,MorumBIS,56871
Palmeiras,2023,11,21/06/2023,21:30,Quarta,06,Bahia,Derrota,0,1,Visitante,Wilton Pereira Sampaio,27.3,5.3,177.5,6.6,26.7,4.1,180.7,6.6,Arena Fonte Nova,31013
Palmeiras,2023,12,25/06/2023,16:00,Domingo,06,Botafogo,Derrota,0,1,Mandante,Anderson Daronco,28.8,3.3,178.1,7.8,29.4,3.8,182.8,6.8,Nubank Parque,38877
Palmeiras,2023,13,02/07/2023,16:00,Domingo,07,Athletico,Empate,2,2,Visitante,Jean Pierre Goncalves Lima,23.7,5.4,180.9,6.1,25.4,4.1,181.0,6.1,Arena da Baixada,33118
Palmeiras,2023,14,08/07/2023,21:00,Sábado,07,Flamengo,Empate,1,1,Mandante,Ramon Abatti Abel,28.2,3.7,178.2,7.7,25.8,4.4,183.2,6.2,Nubank Parque,40229
Palmeiras,2023,15,16/07/2023,18:30,Domingo,07,Internacional,Empate,0,0,Visitante,Rodrigo Jose Pereira de Lima,27.4,4.6,180.2,6.5,29.9,4.1,178.4,7.5,Estádio Beira-Rio,41823
Palmeiras,2023,16,22/07/2023,16:00,Sábado,07,Fortaleza,Vitória,3,1,Mandante,Rafael Rodrigo Klein,28.0,4.3,179.1,7.2,31.4,2.6,177.9,5.6,Nubank Parque,39699
Palmeiras,2023,17,30/07/2023,16:00,Domingo,07,América Mineiro,Vitória,4,1,Visitante,Braulio Da Silva Machado,27.6,3.9,178.5,6.9,28.6,2.6,180.5,7.1,Arena Independência,5928
Palmeiras,2023,18,05/08/2023,21:00,Sábado,08,Fluminense,Derrota,1,2,Visitante,Ramon Abatti Abel,26.0,6.2,180.9,5.9,30.2,6.5,175.5,7.1,Estádio do Maracanã,77973
Palmeiras,2023,19,14/08/2023,19:00,Segunda,08,Cruzeiro,Vitória,1,0,Mandante,Wagner do Nascimento Magalhaes,27.4,4.5,178.3,6.7,28.2,3.3,180.5,5.1,Nubank Parque,38555
Palmeiras,2023,20,19/08/2023,18:30,Sábado,08,Cuiabá,Vitória,2,0,Visitante,Andre Luiz Skettino Policarpo Bento,27.5,4.6,181.1,6.5,29.2,4.1,181.7,6.3,Arena Pantanal,19115
Palmeiras,2023,21,27/08/2023,18:30,Domingo,08,Vasco da Gama,Vitória,1,0,Mandante,Wilton Pereira Sampaio,28.0,3.7,178.4,7.9,27.9,5.0,181.5,6.3,Nubank Parque,40292
Palmeiras,2023,22,03/09/2023,16:00,Domingo,09,Corinthians,Empate,0,0,Visitante,Anderson Daronco,28.9,3.8,178.3,7.0,28.1,6.8,182.9,6.4,Neo Química Arena,44371
Palmeiras,2023,23,15/09/2023,21:30,Sexta,09,Goiás,Vitória,1,0,Mandante,Savio Pereira Sampaio,28.8,4.2,179.2,7.3,28.7,2.3,182.2,5.9,Nubank Parque,38146
Palmeiras,2023,24,21/09/2023,21:30,Quinta,09,Grêmio,Derrota,0,1,Visitante,Bruno Arleu de Araujo,28.0,5.1,178.8,6.3,29.3,3.8,181.8,4.9,Arena do Grêmio,29057
Palmeiras,2023,25,01/10/2023,18:30,Domingo,10,Red Bull Bragantino,Derrota,1,2,Visitante,Wagner do Nascimento Magalhaes,23.6,5.6,179.9,5.6,26.5,3.3,180.5,5.0,Estádio Nabi Abi Chedid,9093
Palmeiras,2023,26,08/10/2023,16:00,Domingo,10,Santos,Derrota,1,2,Mandante,Flavio Rodrigues De Souza,27.0,5.0,178.7,6.4,26.3,4.1,181.6,6.3,Nubank Parque,17049
Palmeiras,2023,27,19/10/2023,19:00,Quinta,10,Atlético Mineiro,Derrota,0,2,Mandante,Bruno Arleu de Araujo,27.0,5.0,178.7,6.4,28.0,4.1,179.8,6.9,Nubank Parque,27718
Palmeiras,2023,28,22/10/2023,18:30,Domingo,10,Coritiba,Vitória,2,0,Visitante,Rafael Rodrigo Klein,28.4,3.6,182.8,4.9,29.6,4.9,182.7,7.1,Estádio Major Antônio Couto Pereira,19387
Palmeiras,2023,29,25/10/2023,20:00,Quarta,10,São Paulo,Vitória,5,0,Mandante,Raphael Claus,27.9,4.6,181.5,5.3,28.8,4.9,179.3,6.4,Nubank Parque,32618
Palmeiras,2023,30,28/10/2023,19:00,Sábado,10,Bahia,Vitória,1,0,Mandante,Rodrigo Jose Pereira de Lima,27.1,4.9,181.7,5.1,26.4,3.3,181.3,7.4,Nubank Parque,33747
Palmeiras,2023,31,01/11/2023,21:30,Quarta,11,Botafogo,Vitória,4,3,Visitante,Braulio Da Silva Machado,27.9,4.6,181.5,5.3,30.6,3.1,183.2,6.4,Estádio Nilton Santos,34913
Palmeiras,2023,32,04/11/2023,21:30,Sábado,11,Athletico,Vitória,1,0,Mandante,Wilton Pereira Sampaio,27.8,5.4,180.5,5.2,27.3,5.3,183.4,5.5,Nubank Parque,17301
Palmeiras,2023,33,08/11/2023,21:30,Quarta,11,Flamengo,Derrota,0,3,Visitante,Rodrigo Jose Pereira de Lima,27.9,4.6,181.5,5.3,27.3,1.7,182.4,7.8,Estádio do Maracanã,64590
Palmeiras,2023,34,11/11/2023,21:00,Sábado,11,Internacional,Vitória,3,0,Mandante,Paulo Cesar Zanovelli da Silva,28.3,5.0,180.6,5.4,28.1,4.5,179.0,6.8,Nubank Parque,19358
Palmeiras,2023,35,26/11/2023,18:30,Domingo,11,Fortaleza,Empate,2,2,Visitante,Andre Luiz Skettino Policarpo Bento,28.4,5.0,180.5,5.3,30.6,3.8,178.2,5.4,Estádio Governador Plácido Castelo,39504
Palmeiras,2023,36,29/11/2023,21:30,Quarta,11,América Mineiro,Vitória,4,0,Mandante,Wilton Pereira Sampaio,27.3,5.2,179.6,6.7,29.3,5.2,180.2,6.0,Nubank Parque,29717
Palmeiras,2023,37,03/12/2023,16:00,Domingo,12,Fluminense,Vitória,1,0,Mandante,Braulio Da Silva Machado,28.4,5.0,180.5,5.3,28.8,6.9,179.5,6.3,Nubank Parque,29986
Palmeiras,2023,38,06/12/2023,21:30,Quarta,12,Cruzeiro,Empate,1,1,Visitante,Anderson Daronco,28.0,5.4,180.5,5.3,27.1,4.4,180.8,5.2,Governador Magalhães Pinto,44190
Palmeiras,2024,1,14/04/2024,18:30,Domingo,04,Vitória,Vitória,1,0,Visitante,Braulio Da Silva Machado,26.1,5.7,179.7,6.6,27.8,3.8,178.2,8.3,Estádio Manoel Barradas,30644
Palmeiras,2024,2,17/04/2024,20:00,Quarta,04,Internacional,Derrota,0,1,Mandante,Lucas Paulo Torezin,26.6,4.9,182.1,5.2,29.0,4.1,177.5,5.9,Nubank Parque,13464
Palmeiras,2024,3,21/04/2024,16:00,Domingo,04,Flamengo,Empate,0,0,Mandante,Rodrigo Jose Pereira de Lima,27.4,4.8,182.5,5.3,29.0,1.9,182.9,8.8,Nubank Parque,29956
Palmeiras,2024,4,29/04/2024,20:00,Segunda,04,São Paulo,Empate,0,0,Visitante,Wilton Pereira Sampaio,26.5,5.9,181.5,5.6,28.4,3.7,180.6,6.0,MorumBIS,55694
Palmeiras,2024,5,05/05/2024,18:30,Domingo,05,Cuiabá,Vitória,2,0,Visitante,Bruno Arleu de Araujo,26.5,5.9,178.6,6.9,26.9,4.4,183.1,4.7,Arena Pantanal,10781
Palmeiras,2024,6,12/05/2024,16:00,Domingo,05,Athletico,Derrota,0,2,Mandante,Braulio Da Silva Machado,27.5,5.7,178.5,6.2,27.2,5.0,181.6,6.5,Nubank Parque,12108
Palmeiras,2024,7,02/06/2024,16:00,Domingo,06,Criciúma,Vitória,2,1,Visitante,Rafael Rodrigo Klein,27.5,5.3,179.8,6.4,31.3,4.2,180.9,7.0,Estádio Heriberto Hülse,19027
Palmeiras,2024,8,13/06/2024,21:30,Quinta,06,Vasco da Gama,Vitória,2,0,Mandante,Ramon Abatti Abel,27.3,5.5,179.5,6.3,29.1,3.6,181.3,6.0,Nubank Parque,37641
Palmeiras,2024,9,17/06/2024,20:30,Segunda,06,Atlético Mineiro,Vitória,4,0,Visitante,Rodrigo Jose Pereira de Lima,27.3,5.5,179.5,6.3,26.8,4.9,181.6,6.5,Arena MRV,28251
Palmeiras,2024,10,20/06/2024,21:30,Quinta,06,Red Bull Bragantino,Vitória,2,1,Mandante,Anderson Daronco,27.1,5.0,179.2,6.3,26.3,2.9,181.0,7.4,Nubank Parque,29119
Palmeiras,2024,11,23/06/2024,18:30,Domingo,06,Juventude,Vitória,3,1,Mandante,Davi de Oliveira Lacerda,26.4,5.8,181.0,5.5,30.4,5.3,179.3,6.8,Nubank Parque,38258
Palmeiras,2024,12,26/06/2024,21:30,Quarta,06,Fortaleza,Derrota,0,3,Visitante,Alex Gomes Stefano,28.6,4.5,179.9,6.4,30.0,3.5,178.3,5.8,Estádio Governador Plácido Castelo,28613
Palmeiras,2024,13,01/07/2024,20:00,Segunda,07,Corinthians,Vitória,2,0,Mandante,Anderson Daronco,25.9,6.1,180.8,5.3,24.2,3.8,182.5,5.5,Nubank Parque,41175
Palmeiras,2024,14,04/07/2024,19:00,Quinta,07,Grêmio,Empate,2,2,Visitante,Marcelo de Lima Henrique,25.2,6.0,180.4,6.3,29.7,4.8,178.9,5.8,Arena do Grêmio,20797
Palmeiras,2024,15,07/07/2024,18:30,Domingo,07,Bahia,Vitória,2,0,Mandante,Jonathan Benkenstein Pinheiro,26.5,5.5,180.1,6.4,28.4,3.5,180.8,5.5,Nubank Parque,40198
Palmeiras,2024,16,11/07/2024,19:30,Quinta,07,Atlético Goianiense,Vitória,3,1,Mandante,Wagner do Nascimento Magalhaes,26.5,5.5,180.1,6.4,26.9,1.9,185.7,6.3,Nubank Parque,26897
Palmeiras,2024,17,17/07/2024,21:30,Quarta,07,Botafogo,Derrota,0,1,Visitante,Anderson Daronco,27.7,5.3,180.1,6.6,30.6,3.5,183.3,7.9,Estádio Nilton Santos,39570
Palmeiras,2024,18,20/07/2024,21:00,Sábado,07,Cruzeiro,Vitória,2,0,Mandante,Davi de Oliveira Lacerda,29.2,4.1,180.1,6.7,27.4,4.4,178.5,7.9,Nubank Parque,40465
Palmeiras,2024,19,24/07/2024,21:30,Quarta,07,Fluminense,Derrota,0,1,Visitante,Wilton Pereira Sampaio,28.8,5.5,179.7,6.6,31.8,7.1,177.5,5.9,Estádio do Maracanã,51375
Palmeiras,2024,20,27/07/2024,19:00,Sábado,07,Vitória,Derrota,0,2,Mandante,Caio Max Augusto Vieira,24.1,5.3,180.2,6.0,28.1,4.1,179.4,8.2,Nubank Parque,39609
Palmeiras,2024,21,04/08/2024,17:00,Domingo,08,Internacional,Empate,1,1,Visitante,Wagner do Nascimento Magalhaes,26.2,5.4,180.5,6.3,26.7,5.3,177.5,7.4,Estádio Beira-Rio,20794
Palmeiras,2024,22,11/08/2024,16:00,Domingo,08,Flamengo,Empate,1,1,Visitante,Wilton Pereira Sampaio,25.0,4.9,183.3,4.6,27.7,2.4,182.3,8.2,Estádio do Maracanã,55051
Palmeiras,2024,23,18/08/2024,16:00,Domingo,08,São Paulo,Vitória,2,1,Mandante,Raphael Claus,27.0,6.1,181.9,5.1,27.5,4.2,180.8,6.2,Nubank Parque,37244
Palmeiras,2024,24,24/08/2024,18:30,Sábado,08,Cuiabá,Vitória,5,0,Mandante,Alex Gomes Stefano,26.3,5.1,181.8,5.6,27.0,4.9,183.5,3.7,Estádio Brinco de Ouro da Princesa,30956
Palmeiras,2024,25,01/09/2024,18:30,Domingo,09,Athletico,Vitória,2,0,Visitante,Braulio Da Silva Machado,27.5,5.5,181.5,5.6,25.2,3.5,181.0,6.8,Arena da Baixada,28334
Palmeiras,2024,26,15/09/2024,16:00,Domingo,09,Criciúma,Vitória,5,0,Mandante,Alex Gomes Stefano,27.6,5.5,181.5,5.6,29.2,3.6,181.0,7.0,Nubank Parque,37244
Palmeiras,2024,27,22/09/2024,16:00,Domingo,09,Vasco da Gama,Vitória,1,0,Visitante,Rafael Rodrigo Klein,26.9,4.7,181.8,5.4,28.7,5.7,181.4,5.4,Estádio São Januário,25755
Palmeiras,2024,28,28/09/2024,18:30,Sábado,09,Atlético Mineiro,Vitória,2,1,Mandante,Bruno Arleu de Araujo,27.1,4.5,181.3,5.4,29.7,4.7,182.9,5.5,Estádio Brinco de Ouro da Princesa,16040
Palmeiras,2024,29,05/10/2024,16:30,Sábado,10,Red Bull Bragantino,Empate,0,0,Visitante,Braulio Da Silva Machado,27.3,4.4,181.9,5.4,26.2,3.1,181.2,6.8,Estádio Nabi Abi Chedid,9989
Palmeiras,2024,30,20/10/2024,20:00,Domingo,10,Juventude,Vitória,5,3,Visitante,Alex Gomes Stefano,27.4,6.0,181.5,5.2,27.8,3.3,182.3,7.1,Estádio Alfredo Jaconi,10102
Palmeiras,2024,31,26/10/2024,16:30,Sábado,10,Fortaleza,Empate,2,2,Mandante,Ramon Abatti Abel,27.6,5.7,181.5,5.3,30.5,3.9,179.1,5.5,Nubank Parque,40321
Palmeiras,2024,32,04/11/2024,20:00,Segunda,11,Corinthians,Derrota,0,2,Visitante,Wilton Pereira Sampaio,27.4,6.0,181.5,5.2,28.2,2.9,182.3,8.2,Neo Química Arena,46085
Palmeiras,2024,33,08/11/2024,21:30,Sexta,11,Grêmio,Vitória,1,0,Mandante,Marcelo de Lima Henrique,28.7,5.3,178.8,6.5,30.7,4.1,177.5,7.8,Nubank Parque,33670
Palmeiras,2024,34,20/11/2024,18:00,Quarta,11,Bahia,Vitória,2,1,Visitante,Wagner do Nascimento Magalhaes,28.9,5.1,178.1,7.4,27.5,4.0,181.5,7.4,Arena Fonte Nova,36445
Palmeiras,2024,35,23/11/2024,19:30,Sábado,11,Atlético Goianiense,Vitória,1,0,Visitante,Jonathan Benkenstein Pinheiro,28.0,5.9,179.6,6.3,26.6,1.6,182.3,8.1,Estádio Antônio Accioly,11216
Palmeiras,2024,36,26/11/2024,21:30,Terça,11,Botafogo,Derrota,1,3,Mandante,Wilton Pereira Sampaio,28.0,5.9,179.6,6.3,28.1,3.3,181.5,8.0,Nubank Parque,31753
Palmeiras,2024,37,04/12/2024,21:30,Quarta,12,Cruzeiro,Vitória,2,1,Visitante,Anderson Daronco,25.4,5.5,182.1,5.2,28.1,4.5,180.1,7.2,Governador Magalhães Pinto,N.A
Palmeiras,2024,38,08/12/2024,16:00,Domingo,12,Fluminense,Derrota,0,1,Mandante,Ramon Abatti Abel,25.8,5.1,181.9,5.3,32.0,6.3,177.6,5.8,Nubank Parque,34571
Palmeiras,2025,1,30/03/2025,16:00,Domingo,03,Botafogo,Empate,0,0,Mandante,Ramon Abatti Abel,26.9,5.2,181.5,5.5,27.6,3.4,182.4,9.7,Nubank Parque,30347
Palmeiras,2025,2,06/04/2025,18:30,Domingo,04,Sport Recife,Vitória,2,1,Visitante,Bruno Arleu de Araujo,27.0,4.4,184.1,5.1,29.1,3.5,181.6,4.8,Ilha do Retiro,26324
Palmeiras,2025,3,12/04/2025,18:30,Sábado,04,Corinthians,Vitória,2,0,Mandante,Rafael Rodrigo Klein,26.6,5.2,182.5,5.8,27.3,4.2,179.6,5.0,Nubank Parque,19297
Palmeiras,2025,4,16/04/2025,19:30,Quarta,04,Internacional,Vitória,1,0,Visitante,Felipe Fernandes de Lima,26.2,5.4,181.0,5.4,29.3,5.1,180.2,6.4,Estádio Beira-Rio,30665
Palmeiras,2025,5,20/04/2025,18:30,Domingo,04,Fortaleza,Vitória,2,1,Visitante,Paulo Cesar Zanovelli da Silva,26.5,5.1,182.9,5.0,30.1,5.3,180.5,7.0,Estádio Governador Plácido Castelo,23877
Palmeiras,2025,6,27/04/2025,18:30,Domingo,04,Bahia,Derrota,0,1,Mandante,Wilton Pereira Sampaio,26.6,5.0,182.7,6.7,28.9,3.8,180.2,7.4,Nubank Parque,29033
Palmeiras,2025,7,04/05/2025,16:00,Domingo,05,Vasco da Gama,Vitória,1,0,Visitante,Davi de Oliveira Lacerda,26.3,5.4,181.6,5.3,26.1,3.5,180.3,5.1,Arena BRB Mané Garrincha,30318
Palmeiras,2025,8,11/05/2025,17:30,Domingo,05,São Paulo,Vitória,1,0,Mandante,Rafael Rodrigo Klein,25.7,5.1,182.1,5.5,28.6,4.2,179.5,7.3,Arena Barueri,29709
Palmeiras,2025,9,18/05/2025,18:30,Domingo,05,Red Bull Bragantino,Vitória,2,1,Visitante,Marcelo de Lima Henrique,25.9,5.1,182.7,4.8,26.6,3.8,179.8,7.5,Estádio Cícero de Souza Marques,6601
Palmeiras,2025,10,25/05/2025,16:00,Domingo,05,Flamengo,Derrota,0,2,Mandante,Ramon Abatti Abel,27.1,5.5,181.4,4.7,29.9,3.2,181.5,7.2,Nubank Parque,41075
Palmeiras,2025,11,01/06/2025,19:30,Domingo,06,Cruzeiro,Derrota,1,2,Visitante,Rodrigo Jose Pereira de Lima,25.8,4.7,183.2,5.7,28.3,4.8,180.1,8.1,Governador Magalhães Pinto,57747
Palmeiras,2025,14,16/07/2025,19:00,Quarta,07,Mirassol,Empate,1,1,Mandante,Savio Pereira Sampaio,28.6,4.6,180.8,5.5,30.6,3.9,178.7,6.5,Nubank Parque,38896
Palmeiras,2025,15,20/07/2025,17:30,Domingo,07,Atlético Mineiro,Vitória,3,2,Mandante,Alex Gomes Stefano,27.5,4.9,180.5,5.5,29.7,4.4,179.0,7.0,Nubank Parque,34970
Palmeiras,2025,16,23/07/2025,19:00,Quarta,07,Fluminense,Vitória,2,1,Visitante,Ramon Abatti Abel,27.1,5.1,180.5,5.5,30.2,6.1,177.5,8.6,Estádio do Maracanã,21081
Palmeiras,2025,17,26/07/2025,21:00,Sábado,07,Grêmio,Vitória,1,0,Mandante,Paulo Cesar Zanovelli da Silva,26.3,5.2,181.7,5.1,27.0,5.0,179.5,7.3,Nubank Parque,37132
Palmeiras,2025,18,03/08/2025,19:30,Domingo,08,Vitória,Empate,2,2,Visitante,Davi de Oliveira Lacerda,25.8,6.4,183.7,6.4,28.3,4.5,179.9,6.5,Estádio Manoel Barradas,17951
Palmeiras,2025,19,10/08/2025,16:00,Domingo,08,Ceará,Vitória,2,1,Mandante,Lucas Paulo Torezin,26.9,4.7,180.7,5.3,29.5,3.1,180.3,8.6,Nubank Parque,23079
Palmeiras,2025,20,17/08/2025,20:30,Domingo,08,Botafogo,Vitória,1,0,Visitante,Davi de Oliveira Lacerda,28.1,4.5,181.2,5.4,28.7,5.1,182.6,7.3,Estádio Nilton Santos,16469
Palmeiras,2025,21,25/08/2025,19:00,Segunda,08,Sport Recife,Vitória,3,0,Mandante,Paulo Cesar Zanovelli da Silva,28.0,4.6,181.5,5.6,28.3,5.2,180.5,8.6,Nubank Parque,36576
Palmeiras,2025,22,31/08/2025,18:30,Domingo,08,Corinthians,Empate,1,1,Visitante,Ramon Abatti Abel,28.0,4.6,180.9,5.7,28.0,4.5,183.2,7.7,Neo Química Arena,45273
Palmeiras,2025,23,13/09/2025,18:30,Sábado,09,Internacional,Vitória,4,1,Mandante,Lucas Paulo Torezin,28.2,4.5,181.2,5.4,26.9,4.3,181.0,7.3,Nubank Parque,39640
Palmeiras,2025,24,20/09/2025,21:00,Sábado,09,Fortaleza,Vitória,4,1,Mandante,Alex Gomes Stefano,26.0,4.5,181.5,5.8,31.2,3.6,178.5,6.6,Nubank Parque,35324
Palmeiras,2025,25,28/09/2025,16:00,Domingo,09,Bahia,Derrota,0,1,Visitante,Anderson Daronco,28.3,4.8,182.2,5.0,27.4,4.7,180.7,7.0,Arena Fonte Nova,45615
Palmeiras,2025,26,01/10/2025,19:00,Quarta,10,Vasco da Gama,Vitória,3,0,Mandante,Murilo Ugolini Klein,28.3,4.8,181.1,5.4,28.8,4.8,180.7,6.0,Nubank Parque,34355
Palmeiras,2025,27,05/10/2025,16:00,Domingo,10,São Paulo,Vitória,3,2,Visitante,Ramon Abatti Abel,28.4,4.8,181.1,5.4,29.2,4.4,179.8,6.9,MorumBIS,33928
Palmeiras,2025,12,11/10/2025,19:00,Sábado,10,Juventude,Vitória,4,1,Mandante,Davi de Oliveira Lacerda,28.4,4.1,181.7,6.2,29.2,4.3,178.2,6.1,Nubank Parque,40407
Palmeiras,2025,28,15/10/2025,19:00,Quarta,10,Red Bull Bragantino,Vitória,5,1,Mandante,Raphael Claus,27.7,4.7,181.5,6.4,26.2,3.2,181.4,7.2,Nubank Parque,29169
Palmeiras,2025,29,19/10/2025,16:00,Domingo,10,Flamengo,Derrota,2,3,Visitante,Wilton Pereira Sampaio,26.9,3.4,182.1,8.8,30.2,2.6,182.8,6.1,Estádio do Maracanã,71651
Palmeiras,2025,30,26/10/2025,20:30,Domingo,10,Cruzeiro,Empate,0,0,Mandante,Rafael Rodrigo Klein,26.7,3.7,183.1,8.8,29.6,4.3,179.2,7.9,Nubank Parque,40209
Palmeiras,2025,31,02/11/2025,18:30,Domingo,11,Juventude,Vitória,2,0,Visitante,Savio Pereira Sampaio,27.1,2.7,182.5,8.4,30.5,5.7,180.5,5.1,Estádio Alfredo Jaconi,6142
Palmeiras,2025,32,06/11/2025,21:30,Quinta,11,Santos,Vitória,2,0,Mandante,Raphael Claus,26.4,2.9,183.0,8.5,26.4,5.1,180.1,5.9,Nubank Parque,41167
Palmeiras,2025,33,09/11/2025,20:30,Domingo,11,Mirassol,Derrota,1,2,Visitante,Flavio Rodrigues De Souza,26.9,3.7,182.0,8.6,30.2,4.4,179.5,7.2,Estádio José Maria de Campos Maia,11457
Palmeiras,2025,13,15/11/2025,21:00,Sábado,11,Santos,Derrota,0,1,Visitante,Raphael Claus,27.0,2.9,182.7,8.9,28.9,4.2,180.1,6.1,Estádio Urbano Caldeira,14651
Palmeiras,2025,37,19/11/2025,19:30,Quarta,11,Vitória,Empate,0,0,Mandante,Lucas Paulo Torezin,26.3,2.9,183.8,8.8,28.9,3.2,182.4,5.8,Nubank Parque,39080
Palmeiras,2025,35,22/11/2025,21:30,Sábado,11,Fluminense,Empate,0,0,Mandante,Jonathan Benkenstein Pinheiro,26.1,3.1,182.9,8.3,31.1,5.8,179.7,6.7,Nubank Parque,40245
Palmeiras,2025,36,25/11/2025,21:30,Terça,11,Grêmio,Derrota,2,3,Visitante,Savio Pereira Sampaio,26.3,5.1,182.0,6.8,31.2,3.6,177.9,7.6,Arena do Grêmio,25898
Palmeiras,2025,34,03/12/2025,21:30,Quarta,12,Atlético Mineiro,Vitória,3,0,Visitante,Rafael Rodrigo Klein,26.8,3.5,182.7,8.4,31.0,3.1,179.4,7.9,Arena MRV,13878
Palmeiras,2025,38,07/12/2025,16:00,Domingo,12,Ceará,Vitória,3,1,Visitante,Bruno Arleu de Araujo,25.2,5.0,183.1,6.6,28.5,2.9,181.4,8.1,Estádio Governador Plácido Castelo,58013
Santos,2015,1,10/05/2015,18:30,Domingo,05,Avaí,Empate,1,1,Visitante,Dewson Fernando Freitas da Silva,28.5,3.9,179.4,6.1,27.0,4.4,182.2,6.5,Estádio da Ressacada,7677
Santos,2015,2,17/05/2015,16:00,Domingo,05,Cruzeiro,Vitória,1,0,Mandante,Pericles Bassols Pegado Cortez,N.A,N.A,N.A,N.A,N.A,N.A,N.A,N.A,Estádio Urbano Caldeira,7246
Santos,2015,3,24/05/2015,16:00,Domingo,05,Chapecoense,Derrota,0,1,Visitante,Jailson Macedo Freitas,N.A,N.A,N.A,N.A,N.A,N.A,N.A,N.A,Arena Condá,6374
Santos,2015,4,31/05/2015,11:00,Domingo,05,Sport Recife,Empate,2,2,Mandante,Marcos Andre Gomes da Penha,27.3,4.9,178.7,7.1,25.9,5.1,178.3,8.3,Estádio Urbano Caldeira,13553
Santos,2015,5,03/06/2015,21:00,Quarta,06,São Paulo,Derrota,2,3,Visitante,Thiago Duarte Peixoto,26.7,4.7,178.9,7.0,28.0,5.4,182.8,5.1,MorumBIS,13847
Santos,2015,6,06/06/2015,18:30,Sábado,06,Ponte Preta,Empate,2,2,Mandante,Vinicius Goncalves Dias Araujo,26.0,4.9,178.8,7.1,27.0,3.2,178.7,6.7,Estádio Urbano Caldeira,6447
Santos,2015,7,10/06/2015,19:30,Quarta,06,Atlético Mineiro,Empate,2,2,Visitante,Wilton Pereira Sampaio,25.5,5.0,179.5,8.2,27.0,4.6,181.4,7.0,Arena Independência,10536
Santos,2015,8,20/06/2015,16:30,Sábado,06,Corinthians,Vitória,1,0,Mandante,Luiz Flávio de Oliveira,25.2,4.2,178.8,7.0,28.5,3.0,180.2,8.9,Estádio Urbano Caldeira,7674
Santos,2015,9,28/06/2015,18:30,Domingo,06,Internacional,Derrota,0,1,Visitante,Dewson Fernando Freitas da Silva,24.6,4.7,179.5,6.8,27.2,4.7,180.1,7.8,Estádio Beira-Rio,22495
Santos,2015,10,02/07/2015,21:00,Quinta,07,Fluminense,Derrota,1,2,Visitante,Ricardo Marques Ribeiro,N.A,N.A,N.A,N.A,N.A,N.A,N.A,N.A,Estádio do Maracanã,11437
Santos,2015,11,05/07/2015,16:00,Domingo,07,Grêmio,Derrota,1,3,Mandante,Felipe Gomes Da Silva,24.5,5.2,180.3,7.6,26.7,4.3,182.9,6.2,Estádio Urbano Caldeira,4942
Santos,2015,12,08/07/2015,19:30,Quarta,07,Goiás,Derrota,1,4,Visitante,Anderson Daronco,25.3,5.0,179.7,7.5,25.2,4.2,179.4,5.8,Serra Dourada,1829
Santos,2015,13,11/07/2015,18:30,Sábado,07,Figueirense,Vitória,3,0,Mandante,Andre Luiz de Freitas Castro,N.A,N.A,N.A,N.A,N.A,N.A,N.A,N.A,Estádio Urbano Caldeira,8393
Santos,2015,14,19/07/2015,16:00,Domingo,07,Palmeiras,Derrota,0,1,Visitante,Wagner do Nascimento Magalhaes,26.6,5.7,180.1,6.5,27.9,3.9,180.0,9.4,Nubank Parque,38220
Santos,2015,15,26/07/2015,11:00,Domingo,07,Joinville,Vitória,2,0,Mandante,Ricardo Marques Ribeiro,25.8,4.8,180.6,6.9,26.4,3.7,179.8,5.0,Estádio Urbano Caldeira,12974
Santos,2015,16,02/08/2015,16:00,Domingo,08,Flamengo,Empate,2,2,Visitante,Anderson Daronco,26.3,5.6,181.5,7.7,27.7,4.5,179.4,6.4,Estádio do Maracanã,51749
Santos,2015,17,08/08/2015,21:00,Sábado,08,Coritiba,Vitória,3,0,Mandante,Igor Junio Benevenuto,N.A,N.A,N.A,N.A,N.A,N.A,N.A,N.A,Estádio Urbano Caldeira,12657
Santos,2015,18,12/08/2015,21:00,Quarta,08,Vasco da Gama,Vitória,1,0,Mandante,Emerson Luiz Sobral,26.2,5.9,181.1,7.7,29.1,5.1,181.4,5.0,Estádio Urbano Caldeira,12038
Santos,2015,19,15/08/2015,18:30,Sábado,08,Athletico,Empate,0,0,Visitante,Bruno Arleu de Araujo,24.8,5.1,181.9,7.7,25.4,3.9,178.8,6.9,Arena da Baixada,19849
Santos,2015,20,22/08/2015,18:30,Sábado,08,Avaí,Vitória,5,2,Mandante,Leandro Pedro Vuaden,26.2,5.9,181.1,7.7,27.4,4.4,178.5,7.3,Estádio Urbano Caldeira,12036
Santos,2015,21,30/08/2015,18:30,Domingo,08,Cruzeiro,Vitória,1,0,Visitante,Rodolpho Toski Marques,N.A,N.A,N.A,N.A,N.A,N.A,N.A,N.A,Governador Magalhães Pinto,8271
Santos,2015,22,03/09/2015,19:30,Quinta,09,Chapecoense,Vitória,3,1,Mandante,Bruno Arleu de Araujo,27.1,5.4,180.3,8.4,27.0,4.0,180.5,7.1,Estádio Urbano Caldeira,8047
Santos,2015,23,06/09/2015,18:30,Domingo,09,Sport Recife,Empate,1,1,Visitante,Emerson De Almeida Ferreira,26.4,5.8,180.8,8.0,27.9,3.8,181.4,6.6,Ilha do Retiro,7308
Santos,2015,24,09/09/2015,22:00,Quarta,09,São Paulo,Vitória,3,0,Mandante,Luiz Flávio de Oliveira,26.4,5.8,180.8,8.0,25.6,2.9,182.3,6.0,Estádio Urbano Caldeira,5552
Santos,2015,25,13/09/2015,11:00,Domingo,09,Ponte Preta,Derrota,1,3,Visitante,Flavio Rodrigues De Souza,26.1,5.7,179.9,9.2,27.7,3.5,177.9,6.8,Moisés Lucarelli,8273
Santos,2015,26,16/09/2015,22:00,Quarta,09,Atlético Mineiro,Vitória,4,0,Mandante,Heber Roberto Lopes,26.5,5.8,181.0,7.8,26.9,4.6,180.2,7.7,Estádio Urbano Caldeira,6179
Santos,2015,27,20/09/2015,11:00,Domingo,09,Corinthians,Derrota,0,2,Visitante,Flavio Rodrigues Guerra,26.5,5.8,181.0,7.8,27.6,3.8,180.3,9.6,Neo Química Arena,41748
Santos,2015,28,27/09/2015,11:00,Domingo,09,Internacional,Vitória,3,1,Mandante,Heber Roberto Lopes,24.9,5.1,181.0,7.8,25.9,4.5,179.9,6.5,Estádio Urbano Caldeira,11043
Santos,2015,29,04/10/2015,16:00,Domingo,10,Fluminense,Vitória,3,1,Mandante,Sandro Meira Ricci,26.4,5.8,181.3,7.7,26.5,5.4,179.5,8.2,Estádio Urbano Caldeira,7491
Santos,2015,30,15/10/2015,21:00,Quinta,10,Grêmio,Derrota,0,1,Visitante,Marielson Alves Silva,25.6,5.1,178.6,7.1,27.0,4.0,183.5,5.9,Arena do Grêmio,10496
Santos,2015,31,18/10/2015,16:00,Domingo,10,Goiás,Vitória,3,1,Mandante,Anderson Daronco,26.0,5.7,179.9,6.6,26.0,4.0,180.4,4.8,Estádio Urbano Caldeira,6198
Santos,2015,32,24/10/2015,17:30,Sábado,10,Figueirense,Empate,0,0,Visitante,Leandro Pedro Vuaden,26.6,4.8,180.9,7.7,27.0,2.8,179.6,5.1,Orlando Scarpelli,7336
Santos,2015,33,01/11/2015,16:00,Domingo,11,Palmeiras,Vitória,2,1,Mandante,Pericles Bassols Pegado Cortez,26.0,6.0,181.3,7.7,27.7,6.4,179.5,7.6,Estádio Urbano Caldeira,11767
Santos,2015,34,08/11/2015,17:00,Domingo,11,Joinville,Empate,0,0,Visitante,Reway Wagner,26.9,5.7,180.3,6.5,26.6,5.5,181.5,5.5,Arena Joinville,9679
Santos,2015,35,19/11/2015,21:00,Quinta,11,Flamengo,Empate,0,0,Mandante,Heber Roberto Lopes,25.9,6.0,181.2,7.8,27.3,4.5,179.8,6.0,Estádio Urbano Caldeira,8071
Santos,2015,36,22/11/2015,18:30,Domingo,11,Coritiba,Derrota,0,1,Visitante,Marielson Alves Silva,25.8,3.8,180.5,6.4,27.6,4.6,177.8,6.7,Estádio Major Antônio Couto Pereira,100
Santos,2015,37,29/11/2015,17:00,Domingo,11,Vasco da Gama,Derrota,0,1,Visitante,Leandro Pedro Vuaden,26.2,3.8,180.2,7.1,31.3,3.3,178.9,5.7,Estádio São Januário,11618
Santos,2015,38,06/12/2015,16:00,Domingo,12,Athletico,Vitória,5,1,Mandante,Marcelo de Lima Henrique,23.6,2.7,180.5,6.9,25.4,3.5,179.0,6.2,Estádio Urbano Caldeira,3836
Santos,2016,1,14/05/2016,18:30,Sábado,05,Atlético Mineiro,Derrota,0,1,Visitante,Jailson Macedo Freitas,25.8,5.3,180.8,8.1,24.6,3.5,180.5,6.9,Arena Independência,5403
Santos,2016,2,22/05/2016,11:00,Domingo,05,Coritiba,Vitória,2,1,Mandante,Ricardo Marques Ribeiro,25.5,5.3,181.4,7.6,27.9,5.2,176.9,6.8,Estádio Urbano Caldeira,7472
Santos,2016,3,25/05/2016,19:30,Quarta,05,Figueirense,Empate,2,2,Visitante,Wagner do Nascimento Magalhaes,26.3,5.0,181.1,7.8,27.7,2.9,180.7,6.0,Orlando Scarpelli,5849
Santos,2016,4,29/05/2016,18:30,Domingo,05,Internacional,Derrota,0,1,Mandante,Andre Luiz de Freitas Castro,26.3,5.1,180.4,6.7,25.1,3.6,179.2,5.4,Estádio Urbano Caldeira,4468
Santos,2016,5,01/06/2016,21:00,Quarta,06,Corinthians,Derrota,0,1,Visitante,Leandro Pedro Vuaden,26.5,5.9,181.2,7.9,27.4,2.2,180.3,6.6,Neo Química Arena,30187
Santos,2016,6,05/06/2016,11:00,Domingo,06,Botafogo,Vitória,3,0,Mandante,Sandro Meira Ricci,26.0,5.2,181.5,7.5,25.5,5.2,180.6,7.1,Estádio Urbano Caldeira,16530
Santos,2016,7,12/06/2016,19:00,Domingo,06,Santa Cruz,Vitória,2,0,Visitante,Elmo Alves Resende Cunha,25.4,5.2,181.5,7.5,28.8,3.9,178.9,6.9,Estádio do Arruda,16464
Santos,2016,8,15/06/2016,21:00,Quarta,06,Sport Recife,Vitória,2,0,Mandante,Leandro Pedro Vuaden,24.6,5.4,182.7,6.5,27.8,6.0,178.5,8.0,Estádio Urbano Caldeira,4937
Santos,2016,9,18/06/2016,18:00,Sábado,06,Athletico,Derrota,0,1,Visitante,Anderson Daronco,24.6,5.4,180.5,6.2,25.8,4.2,179.2,6.3,Arena da Baixada,15359
Santos,2016,10,22/06/2016,21:45,Quarta,06,Fluminense,Vitória,4,2,Visitante,Rodolpho Toski Marques,24.7,5.3,182.3,7.5,29.5,5.7,177.7,7.0,Estádio Giulite Coutinho,5310
Santos,2016,11,26/06/2016,16:00,Domingo,06,São Paulo,Vitória,3,0,Mandante,Raphael Claus,25.1,5.3,182.1,7.6,25.8,5.1,182.9,4.3,Estádio Urbano Caldeira,24647
Santos,2016,12,29/06/2016,19:30,Quarta,06,Grêmio,Derrota,2,3,Visitante,Eduardo Tomaz de Aquino Valadao,25.1,5.3,182.1,7.6,26.2,4.5,182.1,6.3,Arena do Grêmio,13088
Santos,2016,13,03/07/2016,16:00,Domingo,07,Chapecoense,Vitória,3,0,Mandante,Bruno Arleu de Araujo,25.1,5.3,182.1,7.6,29.3,3.5,180.5,7.0,Estádio Urbano Caldeira,10322
Santos,2016,14,12/07/2016,20:30,Terça,07,Palmeiras,Empate,1,1,Visitante,Wilton Pereira Sampaio,25.1,5.3,182.1,7.6,28.0,6.6,180.4,8.9,Nubank Parque,40035
Santos,2016,15,16/07/2016,18:30,Sábado,07,Ponte Preta,Vitória,3,1,Mandante,Marielson Alves Silva,26.3,6.1,181.8,7.5,26.1,4.8,179.6,8.1,Estádio Urbano Caldeira,11979
Santos,2016,16,24/07/2016,18:30,Domingo,07,Vitória,Vitória,3,2,Visitante,Rodolpho Toski Marques,27.3,5.5,183.4,6.4,26.0,4.5,180.5,8.0,Estádio Manoel Barradas,9244
Santos,2016,17,31/07/2016,16:00,Domingo,07,Cruzeiro,Vitória,2,0,Mandante,Reway Wagner,27.4,5.6,183.9,6.1,28.6,3.7,179.5,6.9,Estádio Urbano Caldeira,13830
Santos,2016,18,03/08/2016,21:45,Quarta,08,Flamengo,Empate,0,0,Mandante,Dewson Fernando Freitas da Silva,25.8,5.0,183.3,6.9,28.2,2.9,180.1,7.0,Arena Pantanal,21814
Santos,2016,19,07/08/2016,11:00,Domingo,08,América Mineiro,Derrota,0,1,Visitante,Pablo Dos Santos Alves,26.7,4.8,183.6,6.4,27.8,4.9,179.7,6.6,Arena Independência,2893
Santos,2016,20,14/08/2016,16:00,Domingo,08,Atlético Mineiro,Vitória,3,0,Mandante,Wagner do Nascimento Magalhaes,26.6,5.4,182.6,6.3,31.3,2.9,182.7,7.5,Estádio Urbano Caldeira,10250
Santos,2016,21,21/08/2016,18:00,Domingo,08,Coritiba,Derrota,1,2,Visitante,Claudio Francisco Lima E. Silva,27.4,5.5,183.4,6.4,27.8,5.5,176.5,6.5,Estádio Major Antônio Couto Pereira,7972
Santos,2016,22,28/08/2016,11:00,Domingo,08,Figueirense,Derrota,0,1,Mandante,Bruno Arleu de Araujo,27.8,5.6,181.5,6.5,28.9,3.6,181.3,8.0,Estádio Urbano Caldeira,11456
Santos,2016,23,08/09/2016,21:00,Quinta,09,Internacional,Derrota,1,2,Visitante,Rodrigo Batista Raposo,27.6,5.4,182.2,7.5,26.2,3.4,180.5,4.6,Estádio Beira-Rio,29996
Santos,2016,24,11/09/2016,16:00,Domingo,09,Corinthians,Vitória,2,1,Mandante,Raphael Claus,25.2,5.1,182.5,7.8,26.7,1.9,181.7,7.2,Estádio Urbano Caldeira,8610
Santos,2016,25,14/09/2016,19:30,Quarta,09,Botafogo,Vitória,1,0,Visitante,Paulo Schleich Vollkopf,27.3,5.8,181.3,8.0,28.5,4.8,182.0,6.9,Estádio Luso Brasileiro,11883
Santos,2016,26,18/09/2016,18:30,Domingo,09,Santa Cruz,Vitória,3,2,Mandante,Francisco Carlos Do Nascimento,27.3,5.7,182.3,7.4,28.2,4.2,179.7,7.9,Estádio Urbano Caldeira,28700
Santos,2016,27,24/09/2016,18:30,Sábado,09,Sport Recife,Derrota,0,1,Visitante,Elmo Alves Resende Cunha,26.1,5.1,182.5,7.5,27.1,5.4,177.7,7.9,Ilha do Retiro,7934
Santos,2016,28,01/10/2016,16:00,Sábado,10,Athletico,Vitória,2,0,Mandante,Pericles Bassols Pegado Cortez,28.4,5.3,181.0,6.6,25.6,5.0,182.7,5.3,Estádio Urbano Caldeira,5764
Santos,2016,29,05/10/2016,21:00,Quarta,10,Fluminense,Vitória,2,1,Mandante,Igor Junio Benevenuto,28.1,5.5,180.6,6.9,27.5,4.4,178.9,7.8,Estádio Urbano Caldeira,5253
Santos,2016,30,13/10/2016,21:00,Quinta,10,São Paulo,Vitória,1,0,Visitante,Anderson Daronco,28.0,5.6,180.5,7.0,27.3,2.1,179.7,6.1,MorumBIS,29084
Santos,2016,31,16/10/2016,18:30,Domingo,10,Grêmio,Empate,1,1,Mandante,Pablo Dos Santos Alves,28.0,5.5,181.0,7.5,23.1,3.6,180.1,7.4,Estádio Urbano Caldeira,7969
Santos,2016,32,23/10/2016,18:30,Domingo,10,Chapecoense,Vitória,1,0,Visitante,Nielson Nogueira Dias,28.0,5.6,180.5,7.0,28.1,4.7,179.4,8.0,Arena Condá,7459
Santos,2016,33,29/10/2016,18:30,Sábado,10,Palmeiras,Vitória,1,0,Mandante,Dewson Fernando Freitas da Silva,28.0,5.6,180.5,7.0,26.1,5.9,180.2,9.6,Estádio Urbano Caldeira,13574
Santos,2016,34,06/11/2016,10:00,Domingo,11,Ponte Preta,Vitória,2,1,Visitante,Braulio Da Silva Machado,27.7,5.8,181.6,7.4,27.1,5.0,179.4,8.7,Moisés Lucarelli,10208
Santos,2016,35,17/11/2016,18:30,Quinta,11,Vitória,Vitória,3,2,Mandante,Wilton Pereira Sampaio,27.4,5.8,181.6,6.8,25.8,3.8,179.5,9.2,Estádio Urbano Caldeira,9258
Santos,2016,36,20/11/2016,16:00,Domingo,11,Cruzeiro,Empate,2,2,Visitante,Heber Roberto Lopes,28.0,5.6,182.0,7.0,26.9,3.0,177.8,7.5,Governador Magalhães Pinto,13902
Santos,2016,37,27/11/2016,16:00,Domingo,11,Flamengo,Derrota,0,2,Visitante,Eduardo Tomaz de Aquino Valadao,27.9,5.7,181.2,6.2,28.7,3.6,180.6,6.7,Estádio do Maracanã,37615
Santos,2016,38,11/12/2016,16:00,Domingo,12,América Mineiro,Vitória,1,0,Mandante,Leandro Pedro Vuaden,28.0,5.7,181.2,6.2,23.3,3.0,181.0,7.2,Estádio Urbano Caldeira,7531
Santos,2017,1,14/05/2017,11:00,Domingo,05,Fluminense,Derrota,2,3,Visitante,Reway Wagner,27.4,5.9,181.5,6.1,25.6,4.4,180.5,6.9,Estádio Giulite Coutinho,11835
Santos,2017,2,20/05/2017,16:00,Sábado,05,Coritiba,Vitória,1,0,Mandante,Wagner do Nascimento Magalhaes,27.8,5.3,179.5,9.1,27.1,4.0,178.4,6.6,Estádio Urbano Caldeira,5921
Santos,2017,3,28/05/2017,16:00,Domingo,05,Cruzeiro,Derrota,0,1,Mandante,Eduardo Tomaz de Aquino Valadao,28.2,5.8,180.3,9.0,28.6,4.3,181.3,7.4,Estádio Urbano Caldeira,7025
Santos,2017,4,03/06/2017,19:00,Sábado,06,Corinthians,Derrota,0,2,Visitante,Anderson Daronco,28.8,5.6,181.5,8.4,26.2,4.3,179.3,8.8,Neo Química Arena,40169
Santos,2017,5,07/06/2017,21:00,Quarta,06,Botafogo,Vitória,1,0,Mandante,Dewson Fernando Freitas da Silva,27.0,5.6,181.6,5.9,26.6,4.1,181.6,8.1,Estádio Urbano Caldeira,14486
Santos,2017,6,11/06/2017,19:00,Domingo,06,Athletico,Vitória,2,0,Visitante,Marcelo de Lima Henrique,27.1,5.2,182.7,5.8,27.2,4.6,180.7,6.2,Arena da Baixada,18112
Santos,2017,7,14/06/2017,21:45,Quarta,06,Palmeiras,Vitória,1,0,Mandante,Wilton Pereira Sampaio,28.1,4.9,181.8,6.2,29.5,6.9,180.9,6.8,Estádio Urbano Caldeira,10143
Santos,2017,8,17/06/2017,21:00,Sábado,06,Ponte Preta,Empate,0,0,Mandante,Igor Junio Benevenuto,28.1,4.9,181.8,6.2,29.2,6.0,178.6,6.9,Mercado Livre Arena Pacaembu,19984
Santos,2017,9,21/06/2017,19:30,Quarta,06,Vitória,Vitória,2,0,Visitante,Heber Roberto Lopes,28.1,4.7,182.7,5.9,28.4,3.8,179.9,7.3,Estádio Manoel Barradas,7855
Santos,2017,10,24/06/2017,19:00,Sábado,06,Sport Recife,Derrota,0,1,Mandante,Rafael Traci,27.6,4.9,182.3,6.8,27.7,5.0,180.5,5.0,Estádio Urbano Caldeira,7272
Santos,2017,11,01/07/2017,19:00,Sábado,07,Atlético Goianiense,Empate,1,1,Visitante,Claudio Francisco Lima E. Silva,25.4,4.1,182.0,8.7,25.8,3.1,181.3,5.8,Estádio Olímpico Pedro Ludovico,5898
Santos,2017,12,09/07/2017,19:00,Domingo,07,São Paulo,Vitória,3,2,Mandante,Sandro Meira Ricci,28.6,4.9,181.7,6.2,25.9,3.0,181.7,7.1,Estádio Urbano Caldeira,10322
Santos,2017,13,12/07/2017,19:30,Quarta,07,Atlético Mineiro,Vitória,1,0,Visitante,Marcelo de Lima Henrique,27.6,4.6,182.0,6.2,27.6,4.7,180.3,6.4,Arena Independência,12949
Santos,2017,14,16/07/2017,16:00,Domingo,07,Vasco da Gama,Empate,0,0,Visitante,Dewson Fernando Freitas da Silva,26.5,4.0,181.6,5.1,29.0,4.6,180.1,5.9,Estádio Nilton Santos,N.A
Santos,2017,15,19/07/2017,19:30,Quarta,07,Chapecoense,Vitória,1,0,Mandante,Elmo Alves Resende Cunha,27.5,3.6,182.2,6.1,25.8,3.2,180.9,6.7,Estádio Urbano Caldeira,5533
Santos,2017,16,23/07/2017,11:00,Domingo,07,Bahia,Vitória,3,0,Mandante,Wagner do Nascimento Magalhaes,27.2,3.2,182.8,6.5,26.1,3.9,180.0,6.7,Mercado Livre Arena Pacaembu,32869
Santos,2017,17,30/07/2017,19:00,Domingo,07,Grêmio,Empate,1,1,Visitante,Braulio Da Silva Machado,27.9,4.5,182.7,6.0,27.9,3.9,179.2,6.6,Arena do Grêmio,30034
Santos,2017,18,02/08/2017,21:45,Quarta,08,Flamengo,Vitória,3,2,Mandante,Eduardo Tomaz de Aquino Valadao,28.6,5.4,182.5,6.0,30.5,4.1,179.0,6.5,Estádio Urbano Caldeira,27030
Santos,2017,19,06/08/2017,19:00,Domingo,08,Avaí,Empate,0,0,Visitante,Pablo Dos Santos Alves,28.4,5.4,182.1,7.4,28.2,3.8,179.0,7.7,Estádio da Ressacada,5803
Santos,2017,20,14/08/2017,20:00,Segunda,08,Fluminense,Empate,0,0,Mandante,Andre Luiz de Freitas Castro,27.7,4.6,180.6,9.8,25.7,3.6,181.7,5.7,Estádio Urbano Caldeira,22018
Santos,2017,21,20/08/2017,19:00,Domingo,08,Coritiba,Empate,0,0,Visitante,Sandro Meira Ricci,27.2,3.4,182.0,6.4,28.3,3.9,181.0,5.3,Estádio Major Antônio Couto Pereira,8426
Santos,2017,22,27/08/2017,19:00,Domingo,08,Cruzeiro,Empate,1,1,Visitante,Anderson Daronco,29.3,5.1,182.0,6.5,28.4,4.9,180.1,6.2,Governador Magalhães Pinto,12055
Santos,2017,23,10/09/2017,16:00,Domingo,09,Corinthians,Vitória,2,0,Mandante,Raphael Claus,28.8,5.3,182.7,7.4,27.1,3.7,180.2,9.0,Estádio Urbano Caldeira,12567
Santos,2017,24,16/09/2017,19:00,Sábado,09,Botafogo,Derrota,0,2,Visitante,Igor Junio Benevenuto,27.3,4.4,180.4,9.2,28.3,4.2,180.2,6.1,Estádio Nilton Santos,5780
Santos,2017,25,23/09/2017,21:00,Sábado,09,Athletico,Vitória,1,0,Mandante,Ricardo Marques Ribeiro,27.7,4.6,181.9,6.8,29.0,3.8,180.5,6.3,Estádio Urbano Caldeira,4257
Santos,2017,26,30/09/2017,19:00,Sábado,09,Palmeiras,Vitória,1,0,Visitante,Marcelo Aparecido Ribeiro de Souza,26.9,5.0,182.7,6.7,29.4,6.2,179.0,7.5,Nubank Parque,37527
Santos,2017,27,12/10/2017,17:00,Quinta,10,Ponte Preta,Empate,1,1,Visitante,Raphael Claus,27.2,4.9,183.1,6.2,28.6,5.2,179.3,8.0,Moisés Lucarelli,13892
Santos,2017,28,16/10/2017,19:00,Segunda,10,Vitória,Empate,2,2,Mandante,Braulio Da Silva Machado,27.0,5.0,182.0,7.0,25.1,2.9,179.5,8.7,Estádio Urbano Caldeira,19007
Santos,2017,29,19/10/2017,20:00,Quinta,10,Sport Recife,Empate,1,1,Visitante,Dewson Fernando Freitas da Silva,26.2,5.1,181.8,7.0,30.5,4.5,179.9,5.6,Ilha do Retiro,14802
Santos,2017,30,22/10/2017,16:00,Domingo,10,Atlético Goianiense,Vitória,1,0,Mandante,Pericles Bassols Pegado Cortez,26.9,5.1,182.0,7.0,26.1,2.6,179.8,5.5,Estádio Urbano Caldeira,4245
Santos,2017,31,28/10/2017,16:00,Sábado,10,São Paulo,Derrota,1,2,Visitante,Anderson Daronco,28.7,5.7,182.5,6.3,27.7,4.3,181.9,6.1,Mercado Livre Arena Pacaembu,40004
Santos,2017,32,04/11/2017,16:00,Sábado,11,Atlético Mineiro,Vitória,3,1,Mandante,Wilton Pereira Sampaio,28.4,6.0,182.5,5.8,30.8,4.6,179.0,8.4,Estádio Urbano Caldeira,11418
Santos,2017,33,08/11/2017,20:45,Quarta,11,Vasco da Gama,Derrota,1,2,Mandante,Rafael Traci,28.5,6.0,182.5,5.8,26.2,4.8,180.3,6.8,Estádio Urbano Caldeira,7841
Santos,2017,34,13/11/2017,19:00,Segunda,11,Chapecoense,Derrota,0,2,Visitante,Jailson Macedo Freitas,27.4,6.3,182.4,5.9,27.8,3.3,181.8,5.6,Arena Condá,11301
Santos,2017,35,16/11/2017,20:00,Quinta,11,Bahia,Derrota,1,3,Visitante,Sandro Meira Ricci,28.6,5.8,181.5,6.5,25.7,3.5,177.9,6.6,Arena Fonte Nova,22896
Santos,2017,36,19/11/2017,18:00,Domingo,11,Grêmio,Vitória,1,0,Mandante,Pericles Bassols Pegado Cortez,29.2,5.2,182.3,6.1,24.5,4.7,179.8,6.2,Estádio Urbano Caldeira,4206
Santos,2017,37,26/11/2017,18:00,Domingo,11,Flamengo,Vitória,2,1,Visitante,Braulio Da Silva Machado,29.4,5.0,182.6,6.5,26.8,3.9,180.3,6.4,Estádio Luso Brasileiro,15456
Santos,2017,38,03/12/2017,16:00,Domingo,12,Avaí,Empate,1,1,Mandante,Wagner do Nascimento Magalhaes,28.1,5.0,182.5,6.2,29.4,4.6,180.4,7.1,Estádio Urbano Caldeira,7639
Santos,2018,1,14/04/2018,21:00,Sábado,04,Ceará,Vitória,2,0,Mandante,Rodrigo D'Alonso Ferreira,25.2,4.3,180.4,6.8,28.4,3.5,179.4,7.0,Mercado Livre Arena Pacaembu,15513
Santos,2018,2,21/04/2018,16:00,Sábado,04,Bahia,Derrota,0,1,Visitante,Claudio Francisco Lima E. Silva,25.2,4.3,180.4,6.8,26.9,3.6,180.4,7.8,Arena Fonte Nova,15588
Santos,2018,4,06/05/2018,19:00,Domingo,05,Grêmio,Derrota,1,5,Visitante,Pericles Bassols Pegado Cortez,25.2,4.3,180.4,6.8,28.7,5.1,179.7,6.7,Arena do Grêmio,25779
Santos,2018,5,13/05/2018,19:00,Domingo,05,Paraná Clube,Vitória,3,1,Mandante,Reway Wagner,25.2,4.2,181.3,7.9,25.6,3.0,179.2,5.9,Mercado Livre Arena Pacaembu,3971
Santos,2018,6,20/05/2018,16:00,Domingo,05,São Paulo,Derrota,0,1,Visitante,Braulio Da Silva Machado,27.1,5.9,181.0,6.4,29.5,4.7,181.6,5.1,MorumBIS,40565
Santos,2018,7,27/05/2018,16:00,Domingo,05,Cruzeiro,Derrota,0,1,Mandante,Paulo Roberto Alves Junior,26.9,5.7,180.3,7.9,31.0,3.5,180.1,6.1,Mercado Livre Arena Pacaembu,10670
Santos,2018,8,31/05/2018,21:00,Quinta,05,Athletico,Derrota,0,2,Visitante,Savio Pereira Sampaio,27.3,5.8,179.4,7.0,27.7,4.1,181.8,4.7,Arena da Baixada,8204
Santos,2018,9,03/06/2018,16:00,Domingo,06,Vitória,Vitória,5,2,Mandante,Rodrigo D'alonso Ferreira,27.3,5.8,179.4,7.0,27.4,3.6,179.7,8.0,Estádio Urbano Caldeira,3887
Santos,2018,10,06/06/2018,21:00,Quarta,06,Corinthians,Empate,1,1,Visitante,Ricardo Marques Ribeiro,27.3,5.8,179.4,7.0,26.5,4.4,179.2,5.8,Neo Química Arena,27586
Santos,2018,11,10/06/2018,19:00,Domingo,06,Internacional,Derrota,1,2,Mandante,Wagner do Nascimento Magalhaes,27.3,5.8,179.4,7.0,27.1,2.8,183.3,5.0,Estádio Urbano Caldeira,8124
Santos,2018,12,13/06/2018,19:00,Quarta,06,Fluminense,Vitória,1,0,Visitante,Rafael Traci,27.0,3.4,181.8,7.4,23.8,3.4,181.7,7.6,Estádio do Maracanã,7438
Santos,2018,13,19/07/2018,20:00,Quinta,07,Palmeiras,Empate,1,1,Mandante,Dewson Fernando Freitas da Silva,26.5,4.4,181.3,7.8,29.3,3.9,180.4,6.2,Mercado Livre Arena Pacaembu,26417
Santos,2018,14,22/07/2018,19:00,Domingo,07,Chapecoense,Empate,0,0,Visitante,Reway Wagner,28.5,4.7,180.9,7.8,28.4,4.7,180.7,7.5,Arena Condá,7100
Santos,2018,15,25/07/2018,21:45,Quarta,07,Flamengo,Empate,1,1,Mandante,Jailson Macedo Freitas,25.9,4.2,181.6,7.6,27.8,5.0,179.1,6.4,Estádio Urbano Caldeira,11843
Santos,2018,16,29/07/2018,19:00,Domingo,07,América Mineiro,Derrota,0,1,Mandante,Rafael Traci,26.6,4.3,181.5,7.5,30.4,3.1,179.5,7.6,Estádio Urbano Caldeira,8691
Santos,2018,17,04/08/2018,16:00,Sábado,08,Botafogo,Empate,0,0,Visitante,Paulo Roberto Alves Junior,27.9,5.9,181.5,7.8,25.8,4.2,180.8,7.5,Estádio Nilton Santos,6940
Santos,2018,20,08/08/2018,19:30,Quarta,08,Ceará,Empate,1,1,Visitante,Marcelo de Lima Henrique,26.2,5.2,181.3,8.2,29.4,4.2,181.2,7.1,Estádio Governador Plácido Castelo,18047
Santos,2018,18,12/08/2018,11:00,Domingo,08,Atlético Mineiro,Derrota,1,3,Visitante,Rodrigo D'alonso Ferreira,25.7,4.2,180.8,6.7,27.5,7.3,181.0,8.5,Arena Independência,22062
Santos,2018,19,18/08/2018,16:00,Sábado,08,Sport Recife,Vitória,3,0,Mandante,Dewson Fernando Freitas da Silva,27.7,4.2,181.4,8.5,29.4,4.4,181.5,5.0,Estádio Urbano Caldeira,17047
Santos,2018,21,25/08/2018,16:00,Sábado,08,Bahia,Vitória,2,0,Mandante,Heber Roberto Lopes,26.0,4.6,180.7,8.3,27.8,3.3,179.8,7.5,Estádio Urbano Caldeira,11564
Santos,2018,22,01/09/2018,19:00,Sábado,09,Vasco da Gama,Vitória,3,0,Visitante,Braulio Da Silva Machado,26.3,4.9,180.0,8.0,27.8,4.9,178.3,5.4,Estádio do Maracanã,33646
Santos,2018,23,06/09/2018,19:00,Quinta,09,Grêmio,Empate,0,0,Mandante,Wilton Pereira Sampaio,25.5,4.3,180.2,7.8,27.3,4.4,180.6,6.4,Estádio Urbano Caldeira,16083
Santos,2018,24,09/09/2018,19:00,Domingo,09,Paraná Clube,Vitória,2,0,Visitante,Dewson Fernando Freitas da Silva,26.9,4.1,182.5,7.4,25.5,3.5,179.7,5.2,Durival Britto e Silva,4504
Santos,2018,25,16/09/2018,16:00,Domingo,09,São Paulo,Empate,0,0,Mandante,Ricardo Marques Ribeiro,26.2,5.0,179.9,8.1,31.0,3.1,181.7,5.2,Estádio Urbano Caldeira,13488
Santos,2018,26,23/09/2018,19:00,Domingo,09,Cruzeiro,Derrota,1,2,Visitante,Braulio Da Silva Machado,26.4,5.0,180.3,6.7,28.5,5.8,181.5,4.4,Governador Magalhães Pinto,9029
Santos,2018,3,27/09/2018,20:00,Quinta,09,Vasco da Gama,Empate,1,1,Mandante,Reway Wagner,26.5,5.0,181.0,7.7,26.9,4.5,179.8,5.3,Mercado Livre Arena Pacaembu,12985
Santos,2018,27,30/09/2018,16:00,Domingo,09,Athletico,Vitória,1,0,Mandante,Caio Max Augusto Vieira,26.9,4.8,180.5,8.0,26.7,5.1,180.0,6.4,Estádio Urbano Caldeira,7802
Santos,2018,28,05/10/2018,21:30,Sexta,10,Vitória,Vitória,1,0,Visitante,Daniel Nobre Bins,27.5,3.8,181.1,8.1,24.0,3.2,178.7,7.3,Estádio Manoel Barradas,7478
Santos,2018,29,13/10/2018,19:00,Sábado,10,Corinthians,Vitória,1,0,Mandante,Pericles Bassols Pegado Cortez,26.4,5.1,181.5,7.8,25.4,6.0,180.2,7.4,Mercado Livre Arena Pacaembu,26428
Santos,2018,30,22/10/2018,20:00,Segunda,10,Internacional,Empate,2,2,Visitante,Ricardo Marques Ribeiro,26.9,4.7,181.3,7.9,28.4,4.1,182.5,5.4,Estádio Beira-Rio,38492
Santos,2018,31,27/10/2018,16:30,Sábado,10,Fluminense,Vitória,3,0,Mandante,Heber Roberto Lopes,26.4,5.0,180.4,6.8,25.1,2.8,179.2,7.3,Estádio Urbano Caldeira,8680
Santos,2018,32,03/11/2018,19:00,Sábado,11,Palmeiras,Derrota,2,3,Visitante,Braulio Da Silva Machado,26.7,4.7,180.2,8.3,28.7,3.6,180.1,7.1,Nubank Parque,38938
Santos,2018,33,12/11/2018,19:00,Segunda,11,Chapecoense,Derrota,0,1,Mandante,Rafael Traci,28.3,3.9,181.6,8.1,29.0,4.0,181.5,7.0,Mercado Livre Arena Pacaembu,12659
Santos,2018,34,15/11/2018,16:00,Quinta,11,Flamengo,Derrota,0,1,Visitante,Paulo Roberto Alves Junior,25.7,4.5,181.4,7.2,28.7,3.6,180.5,7.2,Estádio do Maracanã,46067
Santos,2018,35,18/11/2018,16:00,Domingo,11,América Mineiro,Derrota,1,2,Visitante,Dewson Fernando Freitas da Silva,26.3,4.7,181.8,6.9,28.4,4.6,179.3,9.5,Arena Independência,4652
Santos,2018,36,21/11/2018,20:00,Quarta,11,Botafogo,Empate,1,1,Mandante,Heber Roberto Lopes,24.6,3.8,181.6,6.9,24.7,3.0,180.7,6.5,Estádio Urbano Caldeira,3620
Santos,2018,37,24/11/2018,19:00,Sábado,11,Atlético Mineiro,Vitória,3,2,Mandante,Leandro Pedro Vuaden,26.9,4.3,181.4,8.2,30.3,6.0,179.2,8.2,Estádio Urbano Caldeira,4591
Santos,2018,38,02/12/2018,16:00,Domingo,12,Sport Recife,Derrota,1,2,Visitante,Anderson Daronco,25.3,5.1,181.8,7.9,25.8,3.6,181.2,7.7,Ilha do Retiro,23451
Santos,2019,1,28/04/2019,11:00,Domingo,04,Grêmio,Vitória,2,1,Visitante,Bruno Arleu de Araujo,26.0,4.1,180.2,10.3,27.5,4.7,181.0,5.1,Arena do Grêmio,32318
Santos,2019,2,02/05/2019,19:15,Quinta,05,Fluminense,Vitória,2,1,Mandante,Wilton Pereira Sampaio,26.2,4.7,179.6,10.9,26.6,4.0,181.1,5.8,Estádio Urbano Caldeira,10564
Santos,2019,3,05/05/2019,16:00,Domingo,05,CSA,Empate,0,0,Visitante,Rodolpho Toski Marques,26.0,4.4,181.9,8.7,28.8,3.3,179.2,9.0,Estádio Rei Pelé,10313
Santos,2019,4,12/05/2019,16:00,Domingo,05,Vasco da Gama,Vitória,3,0,Mandante,Paulo Roberto Alves Junior,26.3,5.2,179.3,10.2,27.0,5.0,181.9,6.7,Estádio Urbano Caldeira,12952
Santos,2019,5,18/05/2019,19:00,Sábado,05,Palmeiras,Derrota,0,4,Visitante,Rafael Traci,26.2,4.6,180.4,10.5,28.3,3.2,180.2,6.0,Nubank Parque,32501
Santos,2019,6,26/05/2019,16:00,Domingo,05,Internacional,Empate,0,0,Mandante,Rodolpho Toski Marques,26.2,5.2,179.2,10.3,28.0,4.7,181.7,5.2,Estádio Urbano Caldeira,12756
Santos,2019,7,02/06/2019,16:00,Domingo,06,Ceará,Vitória,1,0,Visitante,Ricardo Marques Ribeiro,27.7,4.0,181.2,7.2,29.0,2.9,180.7,6.8,Estádio Governador Plácido Castelo,50809
Santos,2019,8,09/06/2019,19:00,Domingo,06,Atlético Mineiro,Vitória,3,1,Mandante,Dewson Fernando Freitas da Silva,26.0,3.1,178.4,9.5,31.0,4.7,179.1,8.9,Estádio Urbano Caldeira,5794
Santos,2019,9,12/06/2019,21:30,Quarta,06,Corinthians,Vitória,1,0,Mandante,Wagner do Nascimento Magalhaes,26.2,3.0,179.9,10.1,30.0,4.7,178.4,7.9,Estádio Urbano Caldeira,11831
Santos,2019,10,13/07/2019,19:00,Sábado,07,Bahia,Vitória,1,0,Visitante,Jean Pierre Goncalves Lima,27.5,3.7,180.6,10.3,26.4,4.5,181.6,7.9,Arena Fonte Nova,18465
Santos,2019,11,21/07/2019,11:00,Domingo,07,Botafogo,Vitória,1,0,Visitante,Heber Roberto Lopes,27.0,3.5,180.2,10.5,28.6,4.6,180.8,6.6,Estadio Nilton Santos,16248
Santos,2019,12,28/07/2019,16:00,Domingo,07,Avaí,Vitória,3,1,Mandante,Reway Wagner,27.2,3.4,179.2,10.2,28.2,4.4,180.8,8.8,Estádio Urbano Caldeira,12787
Santos,2019,13,04/08/2019,11:00,Domingo,08,Goiás,Vitória,6,1,Mandante,Rafael Traci,26.6,3.8,178.5,10.0,26.6,3.2,178.6,5.7,Estádio Urbano Caldeira,13462
Santos,2019,14,10/08/2019,17:00,Sábado,08,São Paulo,Derrota,2,3,Visitante,Raphael Claus,26.1,3.5,179.6,10.6,26.2,3.8,179.2,5.3,MorumBIS,47277
Santos,2019,15,18/08/2019,16:00,Domingo,08,Cruzeiro,Derrota,0,2,Visitante,Anderson Daronco,26.7,4.0,178.6,10.0,29.5,5.0,181.7,5.9,Governador Magalhães Pinto,43604
Santos,2019,16,25/08/2019,16:00,Domingo,08,Fortaleza,Empate,3,3,Mandante,Rodrigo D'alonso Ferreira,27.3,3.2,179.1,9.3,28.6,4.0,177.5,9.0,Estádio Urbano Caldeira,12515
Santos,2019,17,31/08/2019,19:00,Sábado,08,Chapecoense,Vitória,1,0,Visitante,Bruno Arleu de Araujo,26.8,3.4,179.8,10.1,30.0,4.9,178.8,5.4,Arena Condá,9052
Santos,2019,18,08/09/2019,16:00,Domingo,09,Athletico,Empate,1,1,Mandante,Rodrigo Carvalhaes de Miranda,27.7,3.4,180.3,9.2,26.7,5.5,182.4,6.2,Estádio Urbano Caldeira,12589
Santos,2019,19,14/09/2019,17:00,Sábado,09,Flamengo,Derrota,0,1,Visitante,Braulio Da Silva Machado,27.3,3.5,180.1,10.7,28.3,4.1,180.8,5.8,Estádio do Maracanã,68243
Santos,2019,20,21/09/2019,21:00,Sábado,09,Grêmio,Derrota,0,3,Mandante,Paulo Roberto Alves Junior,27.5,3.5,178.0,9.4,28.7,3.9,179.6,4.6,Estádio Urbano Caldeira,10898
Santos,2019,21,26/09/2019,20:00,Quinta,09,Fluminense,Empate,1,1,Visitante,Wilton Pereira Sampaio,26.3,2.8,180.5,10.1,26.7,5.5,182.5,4.7,Estádio do Maracanã,11032
Santos,2019,22,29/09/2019,16:00,Domingo,09,CSA,Vitória,2,0,Mandante,Wagner do Nascimento Magalhaes,27.8,3.8,178.7,10.0,29.2,3.1,179.7,8.6,Estádio Urbano Caldeira,6615
Santos,2019,23,05/10/2019,17:00,Sábado,10,Vasco da Gama,Vitória,1,0,Visitante,Savio Pereira Sampaio,26.7,3.6,181.2,9.9,26.3,5.0,182.5,7.2,Estádio São Januário,17083
Santos,2019,24,09/10/2019,21:30,Quarta,10,Palmeiras,Vitória,2,0,Mandante,Flavio Rodrigues De Souza,27.5,4.0,179.0,8.9,30.6,3.9,179.6,6.1,Estádio Urbano Caldeira,11408
Santos,2019,25,13/10/2019,16:00,Domingo,10,Internacional,Empate,0,0,Visitante,Bruno Arleu de Araujo,27.1,3.5,181.8,8.3,27.8,5.2,178.6,5.7,Estádio Beira-Rio,12035
Santos,2019,26,17/10/2019,19:15,Quinta,10,Ceará,Vitória,2,1,Mandante,Rafael Traci,26.8,4.1,180.5,10.3,30.3,3.1,181.2,7.2,Estádio Urbano Caldeira,7804
Santos,2019,27,20/10/2019,16:00,Domingo,10,Atlético Mineiro,Derrota,0,2,Visitante,Caio Max Augusto Vieira,26.8,3.3,178.9,11.0,29.2,5.9,181.4,9.7,Arena Independência,21771
Santos,2019,28,26/10/2019,17:00,Sábado,10,Corinthians,Empate,0,0,Visitante,Luiz Flávio de Oliveira,26.9,3.9,178.9,9.7,30.3,4.6,181.3,7.0,Neo Química Arena,32142
Santos,2019,29,31/10/2019,19:15,Quinta,10,Bahia,Vitória,1,0,Mandante,Wagner do Nascimento Magalhaes,28.3,4.0,178.7,10.4,27.3,4.2,179.5,8.1,Estádio Urbano Caldeira,5634
Santos,2019,30,03/11/2019,19:00,Domingo,11,Botafogo,Vitória,4,1,Mandante,Rodrigo D'alonso Ferreira,28.4,4.0,178.1,10.4,25.6,4.1,180.3,6.8,Estádio Urbano Caldeira,7524
Santos,2019,31,06/11/2019,21:00,Quarta,11,Avaí,Vitória,2,1,Visitante,Marcelo de Lima Henrique,27.4,4.1,177.8,10.4,27.6,4.6,182.9,6.3,Estádio da Ressacada,4820
Santos,2019,32,09/11/2019,17:00,Sábado,11,Goiás,Vitória,3,0,Visitante,Bruno Arleu de Araujo,27.4,3.6,178.0,9.8,25.6,3.7,178.5,6.1,Serra Dourada,13226
Santos,2019,33,16/11/2019,17:00,Sábado,11,São Paulo,Empate,1,1,Mandante,Flavio Rodrigues De Souza,28.2,3.9,180.5,8.4,29.0,4.2,181.8,4.9,Estádio Urbano Caldeira,14062
Santos,2019,34,23/11/2019,21:00,Sábado,11,Cruzeiro,Vitória,4,1,Mandante,Leandro Pedro Vuaden,28.2,4.3,178.0,10.2,28.4,6.2,180.9,5.9,Estádio Urbano Caldeira,7905
Santos,2019,35,28/11/2019,20:00,Quinta,11,Fortaleza,Derrota,1,2,Visitante,Diego Pombo Lopez,27.6,3.6,178.5,9.8,29.3,4.2,178.3,8.9,Estádio Governador Plácido Castelo,33925
Santos,2019,36,01/12/2019,19:00,Domingo,12,Chapecoense,Vitória,2,0,Mandante,Marielson Alves Silva,27.9,4.3,179.9,8.3,30.3,4.5,179.3,6.8,Estádio Urbano Caldeira,6961
Santos,2019,37,04/12/2019,19:00,Quarta,12,Athletico,Derrota,0,1,Visitante,Anderson Daronco,28.0,3.2,179.8,10.7,30.5,4.1,179.1,7.2,Arena da Baixada,29746
Santos,2019,38,08/12/2019,16:00,Domingo,12,Flamengo,Vitória,4,0,Mandante,Paulo Roberto Alves Junior,27.7,3.5,178.7,10.3,28.0,3.7,181.1,5.4,Estádio Urbano Caldeira,13310
Santos,2020,1,09/08/2020,16:00,Domingo,08,Red Bull Bragantino,Empate,1,1,Mandante,Ricardo Marques Ribeiro,27.5,4.9,177.8,9.3,25.2,4.0,181.1,7.2,Estádio Urbano Caldeira,0
Santos,2020,2,13/08/2020,19:30,Quinta,08,Internacional,Derrota,0,2,Visitante,Marcelo de Lima Henrique,28.2,4.1,178.3,9.6,29.2,4.2,181.7,5.3,Estádio Beira-Rio,0
Santos,2020,3,16/08/2020,19:45,Domingo,08,Athletico,Vitória,3,1,Mandante,Anderson Daronco,27.5,4.9,177.8,9.3,26.7,5.0,179.6,5.9,Estádio Urbano Caldeira,0
Santos,2020,4,20/08/2020,19:15,Quinta,08,Sport Recife,Vitória,1,0,Visitante,Jose Mendonca da Silva Junior,26.9,4.8,177.3,8.7,26.9,4.9,179.7,8.7,Ilha do Retiro,0
Santos,2020,5,23/08/2020,16:00,Domingo,08,Palmeiras,Derrota,1,2,Visitante,Vinicius Goncalves Dias Araujo,27.0,4.8,177.5,8.9,28.0,4.3,179.8,5.8,MorumBIS,0
Santos,2020,6,30/08/2020,16:00,Domingo,08,Flamengo,Derrota,0,1,Mandante,Wilton Pereira Sampaio,27.3,4.2,177.7,9.1,27.6,4.0,180.5,7.4,Estádio Urbano Caldeira,0
Santos,2020,7,02/09/2020,21:30,Quarta,09,Vasco da Gama,Empate,2,2,Mandante,Rodrigo Dalonso Ferreira,27.4,4.2,177.0,8.4,26.4,4.8,179.3,7.3,Estádio Urbano Caldeira,0
Santos,2020,8,05/09/2020,21:00,Sábado,09,Ceará,Vitória,1,0,Visitante,Reway Wagner,25.8,4.1,180.2,6.7,29.6,5.0,181.9,9.0,Estádio Governador Plácido Castelo,0
Santos,2020,9,09/09/2020,21:30,Quarta,09,Atlético Mineiro,Vitória,3,1,Mandante,Wagner do Nascimento Magalhaes,26.0,4.1,177.5,8.6,26.1,3.8,179.5,7.6,Estádio Urbano Caldeira,0
Santos,2020,10,12/09/2020,19:00,Sábado,09,São Paulo,Empate,2,2,Mandante,Luiz Flávio de Oliveira,25.7,4.4,179.2,8.5,26.3,4.3,180.5,4.3,Estádio Urbano Caldeira,0
Santos,2020,11,20/09/2020,18:15,Domingo,09,Botafogo,Empate,0,0,Visitante,Jose Mendonca da Silva Junior,27.4,4.3,177.9,7.3,25.2,4.5,181.2,6.3,Estadio Nilton Santos,0
Santos,2020,12,27/09/2020,20:30,Domingo,09,Fortaleza,Empate,1,1,Mandante,Heber Roberto Lopes,24.9,3.4,178.0,8.8,31.0,4.1,179.0,7.4,Estádio Urbano Caldeira,0
Santos,2020,13,04/10/2020,18:15,Domingo,10,Goiás,Vitória,3,2,Visitante,Marielson Alves Silva,25.9,4.1,179.9,6.4,28.0,5.0,179.9,8.9,Serra Dourada,0
Santos,2020,14,07/10/2020,19:00,Quarta,10,Corinthians,Empate,1,1,Visitante,Marcelo de Lima Henrique,26.1,3.8,181.3,6.0,27.5,5.3,180.2,8.2,Neo Química Arena,0
Santos,2020,15,11/10/2020,16:00,Domingo,10,Grêmio,Vitória,2,1,Mandante,Braulio Da Silva Machado,26.0,4.0,179.4,7.1,30.0,4.6,181.7,6.3,Estádio Urbano Caldeira,0
Santos,2020,16,14/10/2020,20:30,Quarta,10,Atlético Goianiense,Derrota,0,1,Mandante,Igor Junio Benevenuto,25.9,4.0,180.6,6.5,24.8,2.1,179.4,7.3,Estádio Urbano Caldeira,0
Santos,2020,17,17/10/2020,19:00,Sábado,10,Coritiba,Vitória,2,1,Visitante,Bruno Arleu de Araujo,25.2,2.8,180.4,8.6,25.7,5.3,179.8,4.7,Estádio Major Antônio Couto Pereira,0
Santos,2020,18,25/10/2020,16:00,Domingo,10,Fluminense,Derrota,1,3,Visitante,Anderson Daronco,26.1,2.3,180.6,9.2,29.2,5.5,181.5,5.8,Estádio do Maracanã,0
Santos,2020,19,01/11/2020,18:15,Domingo,11,Bahia,Vitória,3,1,Mandante,Heber Roberto Lopes,25.6,3.1,178.8,8.9,27.8,4.2,178.2,7.0,Estádio Urbano Caldeira,0
Santos,2020,20,08/11/2020,18:15,Domingo,11,Red Bull Bragantino,Empate,1,1,Visitante,Vinicius Furlan,24.9,2.8,179.4,8.5,25.3,4.4,181.2,5.5,Estádio Nabi Abi Chedid,0
Santos,2020,21,14/11/2020,16:30,Sábado,11,Internacional,Vitória,2,0,Mandante,Savio Pereira Sampaio,24.6,4.7,181.7,7.7,28.4,4.4,180.5,5.4,Estádio Urbano Caldeira,0
Santos,2020,22,21/11/2020,19:00,Sábado,11,Athletico,Derrota,0,1,Visitante,Marcelo de Lima Henrique,24.1,4.6,182.6,7.0,25.5,4.3,179.6,5.0,Arena da Baixada,0
Santos,2020,23,28/11/2020,17:00,Sábado,11,Sport Recife,Vitória,4,2,Mandante,Wilton Pereira Sampaio,25.6,4.4,180.0,9.1,27.5,4.3,180.2,7.5,Estádio Urbano Caldeira,0
Santos,2020,24,05/12/2020,17:00,Sábado,12,Palmeiras,Empate,2,2,Mandante,Flavio Rodrigues De Souza,26.1,4.0,179.6,9.9,27.3,4.2,179.7,5.4,Estádio Urbano Caldeira,0
Santos,2020,25,13/12/2020,16:00,Domingo,12,Flamengo,Derrota,1,4,Visitante,Paulo Roberto Alves Junior,23.8,3.7,181.5,5.7,27.9,5.4,180.5,5.0,Estádio do Maracanã,0
Santos,2020,26,20/12/2020,16:00,Domingo,12,Vasco da Gama,Derrota,0,1,Visitante,Ricardo Marques Ribeiro,24.0,3.6,181.5,7.5,28.0,5.6,179.3,6.0,Estádio São Januário,0
Santos,2020,27,27/12/2020,18:15,Domingo,12,Ceará,Empate,1,1,Mandante,Rodolpho Toski Marques,24.9,3.7,179.8,10.1,29.3,5.1,182.5,8.2,Estádio Urbano Caldeira,0
Santos,2020,29,10/01/2021,16:00,Domingo,01,São Paulo,Vitória,1,0,Visitante,Braulio Da Silva Machado,24.1,3.1,182.6,7.1,27.6,5.7,180.3,5.3,MorumBIS,0
Santos,2020,30,17/01/2021,16:00,Domingo,01,Botafogo,Vitória,2,1,Mandante,Leandro Pedro Vuaden,25.7,5.1,178.4,9.3,24.7,1.8,181.4,6.4,Estádio Urbano Caldeira,0
Santos,2020,31,21/01/2021,19:00,Quinta,01,Fortaleza,Derrota,0,2,Visitante,Ricardo Marques Ribeiro,24.1,3.6,180.4,6.0,30.4,3.6,178.1,7.4,Estádio Governador Plácido Castelo,0
Santos,2020,32,24/01/2021,18:15,Domingo,01,Goiás,Derrota,3,4,Mandante,Wagner do Nascimento Magalhaes,25.4,4.6,178.8,10.1,25.3,5.6,184.8,6.2,Estádio Urbano Caldeira,0
Santos,2020,28,26/01/2021,20:00,Terça,01,Atlético Mineiro,Derrota,0,2,Visitante,Paulo Roberto Alves Junior,24.0,3.3,181.8,7.1,27.7,3.8,178.5,7.6,Governador Magalhães Pinto,0
Santos,2020,34,03/02/2021,16:00,Quarta,02,Grêmio,Empate,3,3,Visitante,Wilton Pereira Sampaio,25.2,4.4,181.3,8.0,28.4,4.8,181.6,6.1,Arena do Grêmio,0
Santos,2020,35,06/02/2021,21:00,Sábado,02,Atlético Goianiense,Empate,1,1,Visitante,Marcelo de Lima Henrique,25.2,4.0,179.7,8.5,25.0,1.9,179.5,7.4,Serra Dourada,0
Santos,2020,36,13/02/2021,19:00,Sábado,02,Coritiba,Vitória,2,0,Mandante,Bruno Arleu de Araujo,25.7,4.6,178.8,9.1,26.1,5.5,180.6,6.5,Estádio Urbano Caldeira,0
Santos,2020,33,17/02/2021,19:00,Quarta,02,Corinthians,Vitória,1,0,Mandante,Vinicius Goncalves Dias Araujo,25.1,5.1,179.7,6.6,28.4,4.3,179.5,7.7,Estádio Urbano Caldeira,0
Santos,2020,37,21/02/2021,18:15,Domingo,02,Fluminense,Empate,1,1,Mandante,Savio Pereira Sampaio,25.3,4.9,179.6,6.6,27.8,6.9,180.3,5.4,Estádio Urbano Caldeira,0
Santos,2020,38,25/02/2021,21:30,Quinta,02,Bahia,Derrota,0,2,Visitante,Paulo Roberto Alves Junior,22.4,3.3,181.2,7.8,29.3,5.0,179.9,7.2,Arena Fonte Nova,0
Santos,2021,1,29/05/2021,20:00,Sábado,05,Bahia,Derrota,0,3,Visitante,Bruno Arleu de Araujo,25.3,5.1,179.2,7.1,26.5,3.5,181.1,7.0,Arena Fonte Nova,0
Santos,2021,2,05/06/2021,21:00,Sábado,06,Ceará,Vitória,3,1,Mandante,Jean Pierre Goncalves Lima,26.3,4.5,179.1,8.8,27.0,2.8,181.4,6.2,Estádio Urbano Caldeira,0
Santos,2021,3,12/06/2021,19:00,Sábado,06,Juventude,Empate,0,0,Mandante,Alexandre Vargas Tavares de Jesus,26.4,4.5,179.1,8.8,27.1,4.2,178.6,5.3,Estádio Urbano Caldeira,0
Santos,2021,4,17/06/2021,19:00,Quinta,06,Fluminense,Derrota,0,1,Visitante,Paulo Roberto Alves Junior,26.0,4.6,178.5,8.3,27.9,7.0,179.1,5.9,Estádio do Maracanã,0
Santos,2021,5,20/06/2021,18:15,Domingo,06,São Paulo,Vitória,2,0,Mandante,Savio Pereira Sampaio,26.7,4.7,178.9,8.8,26.8,4.5,179.2,5.1,Estádio Urbano Caldeira,0
Santos,2021,6,24/06/2021,21:30,Quinta,06,Grêmio,Empate,2,2,Visitante,Caio Max Augusto Vieira,26.5,4.5,178.3,7.4,28.1,5.9,181.0,6.5,Arena do Grêmio,0
Santos,2021,7,27/06/2021,20:30,Domingo,06,Atlético Mineiro,Vitória,2,0,Mandante,Bruno Arleu de Araujo,25.6,4.9,177.9,7.3,28.7,4.2,178.9,6.9,Estádio Urbano Caldeira,0
Santos,2021,8,30/06/2021,20:30,Quarta,06,Sport Recife,Empate,0,0,Mandante,Douglas Schwengber da Silva,26.2,4.5,179.5,6.9,27.9,3.3,181.4,8.3,Estádio Urbano Caldeira,0
Santos,2021,9,03/07/2021,19:00,Sábado,07,América Mineiro,Derrota,0,2,Visitante,Denis da Silva Ribeiro Serafim,26.4,5.0,177.8,6.8,31.0,4.7,180.7,6.6,Arena Independência,0
Santos,2021,10,06/07/2021,19:30,Terça,07,Athletico,Vitória,2,1,Mandante,Vinicius Gomes do Amara,25.9,4.2,178.1,7.2,25.8,3.8,183.6,5.4,Estádio Urbano Caldeira,0
Santos,2021,11,10/07/2021,16:30,Sábado,07,Palmeiras,Derrota,2,3,Visitante,Braulio Da Silva Machado,26.0,5.0,177.0,6.9,29.1,5.6,179.8,4.0,Nubank Parque,0
Santos,2021,12,18/07/2021,20:30,Domingo,07,Red Bull Bragantino,Empate,2,2,Visitante,Luiz Flávio de Oliveira,26.8,6.2,176.9,7.2,23.3,3.2,182.4,4.6,Estádio Nabi Abi Chedid,0
Santos,2021,13,25/07/2021,18:15,Domingo,07,Atlético Goianiense,Derrota,0,1,Mandante,Leandro Pedro Vuaden,27.0,5.2,178.5,6.6,26.2,4.6,179.0,8.7,Estádio Urbano Caldeira,0
Santos,2021,14,01/08/2021,18:15,Domingo,08,Chapecoense,Vitória,1,0,Visitante,Rodolpho Toski Marques,26.3,5.2,179.4,6.1,26.8,4.6,180.8,5.3,Arena Condá,0
Santos,2021,15,08/08/2021,16:00,Domingo,08,Corinthians,Empate,0,0,Mandante,Flavio Rodrigues De Souza,26.3,5.2,179.4,6.1,29.2,5.4,178.7,9.5,Estádio Urbano Caldeira,0
Santos,2021,16,15/08/2021,18:15,Domingo,08,Fortaleza,Empate,1,1,Visitante,Andre Luiz de Freitas Castro,26.4,5.1,178.7,6.6,29.2,4.8,181.3,5.1,Estádio Governador Plácido Castelo,0
Santos,2021,17,22/08/2021,18:15,Domingo,08,Internacional,Empate,2,2,Mandante,Wagner do Nascimento Magalhaes,26.2,5.1,179.3,6.4,28.8,4.5,181.5,5.0,Estádio Urbano Caldeira,0
Santos,2021,18,28/08/2021,19:00,Sábado,08,Flamengo,Derrota,0,4,Mandante,Braulio Da Silva Machado,25.6,5.3,180.1,7.8,30.6,4.2,179.3,7.8,Estádio Urbano Caldeira,0
Santos,2021,19,04/09/2021,21:00,Sábado,09,Cuiabá,Derrota,1,2,Visitante,Bruno Arleu de Araujo,27.2,5.4,178.5,8.1,29.6,3.9,178.5,6.9,Estádio Eurico Gaspar Dutra,0
Santos,2021,20,11/09/2021,21:00,Sábado,09,Bahia,Empate,0,0,Mandante,Paulo Cesar Zanovelli da Silva,27.0,5.4,179.6,8.0,29.2,4.1,181.2,8.8,Estádio Urbano Caldeira,0
Santos,2021,21,18/09/2021,21:00,Sábado,09,Ceará,Empate,0,0,Visitante,Anderson Daronco,27.7,3.9,178.6,6.2,27.7,3.9,180.1,7.4,Estádio Governador Plácido Castelo,0
Santos,2021,22,26/09/2021,16:00,Domingo,09,Juventude,Derrota,0,3,Visitante,Jefferson Ferreira de Moraes,28.7,4.6,178.5,6.4,27.7,4.4,180.6,6.6,Estádio Alfredo Jaconi,0
Santos,2021,24,07/10/2021,18:30,Quinta,10,São Paulo,Empate,1,1,Visitante,Raphael Claus,27.1,4.7,178.8,6.2,25.8,5.2,179.5,5.5,MorumBIS,5529
Santos,2021,25,10/10/2021,16:00,Domingo,10,Grêmio,Vitória,1,0,Mandante,Bruno Arleu de Araujo,27.2,4.6,179.5,6.3,28.4,5.3,180.5,6.3,Estádio Urbano Caldeira,4165
Santos,2021,26,13/10/2021,19:00,Quarta,10,Atlético Mineiro,Derrota,1,3,Visitante,Paulo Roberto Alves Junior,26.4,3.5,179.7,6.1,28.9,5.1,180.2,7.2,Governador Magalhães Pinto,16514
Santos,2021,27,17/10/2021,20:30,Domingo,10,Sport Recife,Empate,0,0,Visitante,Anderson Daronco,27.2,4.5,180.0,6.2,25.4,3.7,181.2,7.7,Arena de Pernambuco,5272
Santos,2021,28,23/10/2021,17:00,Sábado,10,América Mineiro,Derrota,0,2,Mandante,Marcelo de Lima Henrique,29.0,5.5,179.3,6.1,30.2,3.4,181.2,7.4,Estádio Urbano Caldeira,6921
Santos,2021,23,27/10/2021,19:00,Quarta,10,Fluminense,Vitória,2,0,Mandante,Braulio Da Silva Machado,26.5,4.4,181.7,7.1,25.5,4.6,178.3,6.9,Estádio Urbano Caldeira,0
Santos,2021,29,30/10/2021,17:00,Sábado,10,Athletico,Vitória,1,0,Visitante,Leandro Pedro Vuaden,25.4,4.8,182.3,6.1,25.9,3.6,180.3,3.8,Arena da Baixada,7196
Santos,2021,30,07/11/2021,16:00,Domingo,11,Palmeiras,Derrota,0,2,Mandante,Raphael Claus,25.6,3.1,181.8,7.1,27.9,3.6,178.0,6.9,Estádio Urbano Caldeira,13465
Santos,2021,31,10/11/2021,19:00,Quarta,11,Red Bull Bragantino,Vitória,2,0,Mandante,Leandro Pedro Vuaden,25.4,5.1,179.9,6.7,25.5,5.2,179.8,7.2,Estádio Urbano Caldeira,9443
Santos,2021,32,13/11/2021,17:00,Sábado,11,Atlético Goianiense,Empate,0,0,Visitante,Felipe Fernandes de Lima,23.4,4.0,180.0,6.5,27.9,4.1,181.6,6.3,Serra Dourada,5015
Santos,2021,33,17/11/2021,19:00,Quarta,11,Chapecoense,Vitória,2,0,Mandante,Paulo Cesar Zanovelli da Silva,28.6,4.8,179.5,6.0,26.4,3.5,181.8,4.7,Estádio Urbano Caldeira,11574
Santos,2021,34,21/11/2021,16:00,Domingo,11,Corinthians,Derrota,0,2,Visitante,Leandro Pedro Vuaden,25.9,5.3,180.7,5.6,29.6,5.6,181.3,8.5,Neo Química Arena,43381
Santos,2021,35,25/11/2021,19:00,Quinta,11,Fortaleza,Vitória,2,0,Mandante,Wagner do Nascimento Magalhaes,25.2,5.4,181.0,5.9,28.4,4.0,180.3,5.8,Estádio Urbano Caldeira,9000
Santos,2021,36,28/11/2021,19:00,Domingo,11,Internacional,Empate,1,1,Visitante,Braulio Da Silva Machado,22.8,4.2,181.7,5.1,27.5,5.4,181.1,5.0,Estádio Beira-Rio,11432
Santos,2021,37,06/12/2021,20:00,Segunda,12,Flamengo,Vitória,1,0,Visitante,Anderson Daronco,25.5,4.6,181.1,5.8,26.8,4.3,181.6,8.8,Estádio do Maracanã,41930
Santos,2021,38,09/12/2021,21:30,Quinta,12,Cuiabá,Empate,1,1,Mandante,Wagner do Nascimento Magalhaes,25.2,4.7,181.5,7.5,29.3,5.4,180.9,6.3,Estádio Urbano Caldeira,12444
Santos,2022,1,09/04/2022,16:30,Sábado,04,Fluminense,Empate,0,0,Visitante,Anderson Daronco,26.0,4.3,181.2,6.5,28.6,6.2,178.8,6.2,Estádio do Maracanã,22855
Santos,2022,2,17/04/2022,11:00,Domingo,04,Coritiba,Vitória,2,1,Mandante,Wagner do Nascimento Magalhaes,25.0,4.8,181.2,6.4,30.4,4.9,181.7,6.5,Estádio Urbano Caldeira,13051
Santos,2022,3,24/04/2022,16:00,Domingo,04,América Mineiro,Vitória,3,0,Mandante,Wilton Pereira Sampaio,25.1,4.8,181.2,6.4,31.3,4.9,178.1,6.8,Estádio Urbano Caldeira,10374
Santos,2022,4,02/05/2022,20:00,Segunda,05,São Paulo,Derrota,1,2,Visitante,Leandro Pedro Vuaden,25.9,4.2,180.5,6.4,27.5,5.2,180.4,6.7,MorumBIS,36746
Santos,2022,5,08/05/2022,18:00,Domingo,05,Cuiabá,Vitória,4,1,Mandante,Braulio Da Silva Machado,25.8,3.8,180.7,5.8,29.5,4.3,179.4,6.0,Estádio Urbano Caldeira,7256
Santos,2022,6,15/05/2022,19:00,Domingo,05,Goiás,Derrota,0,1,Visitante,Marcelo de Lima Henrique,26.1,4.2,181.0,6.3,27.2,4.1,180.3,8.7,Estádio da Serrinha,11070
Santos,2022,7,21/05/2022,18:30,Sábado,05,Ceará,Empate,0,0,Mandante,Savio Pereira Sampaio,26.0,4.2,181.2,6.4,28.8,3.3,182.0,7.3,Estádio Urbano Caldeira,25797
Santos,2022,8,29/05/2022,16:00,Domingo,05,Palmeiras,Derrota,0,1,Mandante,Luiz Flávio de Oliveira,25.4,4.5,180.4,6.8,28.4,3.6,178.0,6.9,Estádio Urbano Caldeira,14220
Santos,2022,9,04/06/2022,19:00,Sábado,06,Athletico,Empate,2,2,Visitante,Braulio Da Silva Machado,25.6,4.7,179.8,7.3,24.6,2.8,180.5,4.8,Arena da Baixada,19323
Santos,2022,10,08/06/2022,21:30,Quarta,06,Internacional,Empate,1,1,Mandante,Ramon Abatti Abel,27.2,3.7,183.3,4.6,29.4,3.4,177.5,5.6,Estádio Urbano Caldeira,8845
Santos,2022,11,11/06/2022,19:00,Sábado,06,Atlético Mineiro,Empate,1,1,Visitante,Marcelo de Lima Henrique,25.4,4.1,182.8,5.6,29.1,5.5,180.1,6.9,Governador Magalhães Pinto,26501
Santos,2022,12,14/06/2022,21:30,Terça,06,Juventude,Vitória,2,1,Visitante,Rodolpho Toski Marques,26.1,3.5,180.7,7.9,28.7,3.5,180.5,6.5,Estádio Alfredo Jaconi,3025
Santos,2022,13,18/06/2022,21:00,Sábado,06,Red Bull Bragantino,Empate,2,2,Mandante,Douglas Marques das Flores,24.0,3.4,180.2,6.1,24.6,3.4,181.5,7.0,Estádio Urbano Caldeira,10924
Santos,2022,14,25/06/2022,19:00,Sábado,06,Corinthians,Empate,0,0,Visitante,Flavio Rodrigues De Souza,25.7,4.1,180.6,7.3,25.1,5.9,180.0,7.8,Neo Química Arena,40842
Santos,2022,15,02/07/2022,19:00,Sábado,07,Flamengo,Derrota,1,2,Mandante,Anderson Daronco,25.3,4.2,180.9,5.3,27.4,4.6,181.1,7.6,Estádio Urbano Caldeira,12464
Santos,2022,16,10/07/2022,18:00,Domingo,07,Atlético Goianiense,Vitória,1,0,Mandante,Braulio Da Silva Machado,27.5,5.0,181.0,6.3,27.7,3.2,182.5,4.8,Estádio Urbano Caldeira,8588
Santos,2022,17,16/07/2022,19:00,Sábado,07,Avaí,Derrota,0,1,Visitante,Paulo Roberto Alves Junior,27.6,4.9,181.4,5.1,29.9,4.2,180.6,5.3,Estádio da Ressacada,8674
Santos,2022,18,20/07/2022,21:30,Quarta,07,Botafogo,Vitória,2,0,Mandante,Ramon Abatti Abel,25.1,4.0,180.9,5.0,26.7,4.5,180.3,6.5,Estádio Urbano Caldeira,8453
Santos,2022,19,24/07/2022,19:00,Domingo,07,Fortaleza,Empate,0,0,Visitante,Wilton Pereira Sampaio,26.4,3.5,180.9,5.3,29.3,4.1,178.5,6.3,Estádio Governador Plácido Castelo,19902
Santos,2022,20,01/08/2022,20:00,Segunda,08,Fluminense,Empate,2,2,Mandante,Braulio Da Silva Machado,27.5,5.5,182.9,6.5,28.3,6.4,178.8,6.8,Estádio Urbano Caldeira,11943
Santos,2022,21,08/08/2022,20:00,Segunda,08,Coritiba,Vitória,2,1,Visitante,Paulo Cesar Zanovelli da Silva,26.8,5.2,182.1,7.2,29.8,5.2,183.7,5.5,Estádio Major Antônio Couto Pereira,22691
Santos,2022,22,14/08/2022,18:00,Domingo,08,América Mineiro,Derrota,0,1,Visitante,Paulo Roberto Alves Junior,26.8,5.2,182.1,7.2,29.2,3.7,180.6,7.8,Arena Independência,2978
Santos,2022,23,21/08/2022,19:00,Domingo,08,São Paulo,Vitória,1,0,Mandante,Wilton Pereira Sampaio,26.5,4.0,179.8,8.3,28.6,5.0,178.0,6.5,Estádio Urbano Caldeira,12598
Santos,2022,24,28/08/2022,18:00,Domingo,08,Cuiabá,Empate,0,0,Visitante,Jean Pierre Goncalves Lima,27.8,3.6,181.0,7.8,28.7,4.4,183.2,4.1,Arena Pantanal,19136
Santos,2022,25,05/09/2022,20:00,Segunda,09,Goiás,Derrota,1,2,Mandante,Anderson Daronco,26.6,4.0,179.8,8.3,28.0,2.7,177.9,7.6,Estádio Urbano Caldeira,11497
Santos,2022,26,10/09/2022,16:30,Sábado,09,Ceará,Derrota,1,2,Visitante,Braulio Da Silva Machado,27.1,4.3,180.5,7.9,29.1,4.0,181.1,8.2,Estádio Governador Plácido Castelo,38339
Santos,2022,27,18/09/2022,18:30,Domingo,09,Palmeiras,Derrota,0,1,Visitante,Wilton Pereira Sampaio,26.3,4.4,181.9,8.6,28.2,3.8,178.1,7.1,Nubank Parque,40337
Santos,2022,28,27/09/2022,21:00,Terça,09,Athletico,Vitória,2,0,Mandante,Braulio Da Silva Machado,26.6,6.1,181.5,5.6,27.2,4.7,181.6,4.4,Estádio Urbano Caldeira,7464
Santos,2022,29,01/10/2022,15:00,Sábado,10,Internacional,Derrota,0,1,Visitante,Ramon Abatti Abel,26.2,5.7,179.5,7.8,27.3,4.4,179.6,7.6,Estádio Beira-Rio,30858
Santos,2022,30,05/10/2022,21:30,Quarta,10,Atlético Mineiro,Derrota,1,2,Mandante,Bruno Arleu de Araujo,25.9,5.2,178.3,8.1,28.7,3.4,177.2,7.1,Estádio Urbano Caldeira,9278
Santos,2022,31,10/10/2022,20:00,Segunda,10,Juventude,Vitória,4,1,Mandante,Jose Mendonca da Silva Junior,25.8,5.1,180.3,7.8,27.9,4.3,178.0,7.0,Estádio Urbano Caldeira,9171
Santos,2022,32,17/10/2022,20:00,Segunda,10,Red Bull Bragantino,Vitória,2,0,Visitante,Paulo Cesar Zanovelli da Silva,24.8,4.2,182.0,5.0,24.2,3.2,181.5,7.1,Estádio Nabi Abi Chedid,6705
Santos,2022,33,22/10/2022,19:00,Sábado,10,Corinthians,Derrota,0,1,Mandante,Flavio Rodrigues De Souza,25.4,4.4,182.2,5.3,26.2,4.8,179.8,7.7,Estádio Urbano Caldeira,N.A
Santos,2022,34,25/10/2022,21:45,Terça,10,Flamengo,Derrota,2,3,Visitante,Andre Luiz de Freitas Castro,25.1,4.3,180.6,6.5,28.8,5.6,180.7,7.1,Estádio do Maracanã,44679
Santos,2022,35,02/11/2022,19:00,Quarta,11,Atlético Goianiense,Vitória,3,2,Visitante,Anderson Daronco,26.2,5.7,181.2,5.4,27.8,3.5,181.1,5.5,Estádio Antônio Accioly,N.A
Santos,2022,36,05/11/2022,16:30,Sábado,11,Avaí,Empate,1,1,Mandante,Caio Max Augusto Vieira,26.0,4.2,180.8,5.0,27.9,4.5,180.5,7.3,Estádio Urbano Caldeira,N.A
Santos,2022,37,10/11/2022,20:00,Quinta,11,Botafogo,Derrota,0,3,Visitante,Braulio Da Silva Machado,26.2,5.2,181.7,5.1,27.4,3.8,182.3,6.9,Estádio Nilton Santos,N.A
Santos,2022,38,13/11/2022,16:00,Domingo,11,Fortaleza,Derrota,0,2,Mandante,Wagner do Nascimento Magalhaes,25.6,5.5,181.2,5.7,29.2,4.5,178.9,5.9,Estádio Urbano Caldeira,N.A
Santos,2023,1,16/04/2023,18:30,Domingo,04,Grêmio,Derrota,0,1,Visitante,Wilton Pereira Sampaio,26.1,4.2,181.0,7.7,28.0,4.8,180.8,5.2,Estádio Alfredo Jaconi,13997
Santos,2023,2,23/04/2023,16:00,Domingo,04,Atlético Mineiro,Empate,0,0,Mandante,Braulio Da Silva Machado,24.9,4.2,179.8,7.1,28.4,4.5,179.4,6.9,Estádio Urbano Caldeira,11233
Santos,2023,3,29/04/2023,18:30,Sábado,04,América Mineiro,Vitória,3,2,Mandante,Anderson Daronco,26.5,3.7,177.8,9.0,29.8,4.7,178.5,9.2,Estádio Urbano Caldeira,11844
Santos,2023,4,06/05/2023,16:00,Sábado,05,Cruzeiro,Derrota,1,2,Visitante,Bruno Arleu de Araujo,26.8,4.2,181.1,6.3,28.8,3.3,179.6,6.9,Governador Magalhães Pinto,21191
Santos,2023,5,10/05/2023,19:00,Quarta,05,Bahia,Vitória,3,0,Mandante,Wagner do Nascimento Magalhaes,26.5,5.0,180.7,7.0,26.6,4.1,180.4,8.0,Estádio Urbano Caldeira,7262
Santos,2023,6,14/05/2023,16:00,Domingo,05,Vasco da Gama,Vitória,1,0,Visitante,Rodrigo Jose Pereira de Lima,25.6,4.4,181.3,6.9,24.5,3.1,181.5,4.9,Estádio São Januário,18476
Santos,2023,7,20/05/2023,21:00,Sábado,05,Palmeiras,Empate,0,0,Mandante,Raphael Claus,25.6,4.3,181.2,6.9,28.7,3.4,177.3,7.5,Estádio Urbano Caldeira,12641
Santos,2023,8,28/05/2023,18:30,Domingo,05,Red Bull Bragantino,Derrota,0,2,Visitante,Anderson Daronco,25.6,4.3,179.0,9.1,24.6,2.9,180.5,6.1,Estádio Nabi Abi Chedid,5988
Santos,2023,9,03/06/2023,21:00,Sábado,06,Internacional,Empate,1,1,Mandante,Paulo Cesar Zanovelli da Silva,27.0,4.1,179.0,9.2,27.8,4.2,179.9,6.7,Estádio Urbano Caldeira,9600
Santos,2023,10,10/06/2023,16:00,Sábado,06,Coritiba,Empate,0,0,Visitante,Bruno Mota Correia,27.2,3.7,178.2,9.0,26.4,5.1,182.0,7.5,Estádio Major Antônio Couto Pereira,25987
Santos,2023,11,21/06/2023,20:00,Quarta,06,Corinthians,Derrota,0,2,Mandante,Leandro Pedro Vuaden,27.3,3.2,177.1,8.9,26.9,5.5,179.2,7.9,Estádio Urbano Caldeira,12499
Santos,2023,12,25/06/2023,18:30,Domingo,06,Flamengo,Derrota,2,3,Mandante,Wilton Pereira Sampaio,27.0,3.5,177.2,9.0,26.0,4.1,183.0,6.4,Estádio Urbano Caldeira,N.A
Santos,2023,13,02/07/2023,18:30,Domingo,07,Cuiabá,Derrota,0,3,Visitante,Bruno Mota Correia,27.3,3.2,179.0,7.2,28.7,4.7,183.5,3.5,Arena Pantanal,13477
Santos,2023,14,09/07/2023,11:00,Domingo,07,Goiás,Vitória,4,3,Mandante,Bruno Arleu de Araujo,25.9,4.2,179.5,6.9,28.6,3.4,178.3,5.2,Estádio Urbano Caldeira,N.A
Santos,2023,15,16/07/2023,16:00,Domingo,07,São Paulo,Derrota,1,4,Visitante,Braulio Da Silva Machado,27.0,3.9,179.5,7.1,28.6,4.8,179.1,6.4,MorumBIS,58127
Santos,2023,16,23/07/2023,16:00,Domingo,07,Botafogo,Empate,2,2,Mandante,Ramon Abatti Abel,27.5,3.5,179.2,7.1,28.5,3.4,183.6,6.5,Estádio Urbano Caldeira,N.A
Santos,2023,17,29/07/2023,16:00,Sábado,07,Fluminense,Derrota,0,1,Visitante,Rodrigo Jose Pereira de Lima,27.1,3.6,178.9,6.6,29.1,6.0,177.3,7.3,Estádio do Maracanã,34211
Santos,2023,18,05/08/2023,16:00,Sábado,08,Athletico,Empate,1,1,Mandante,Andre Luiz Skettino Policarpo Bento,27.6,3.5,178.5,6.9,27.9,5.6,182.1,3.8,Estádio Urbano Caldeira,N.A
Santos,2023,19,13/08/2023,18:30,Domingo,08,Fortaleza,Derrota,0,4,Visitante,Bruno Mota Correia,28.4,3.2,181.4,7.1,30.4,3.9,177.7,6.0,Estádio Governador Plácido Castelo,32301
Santos,2023,20,20/08/2023,16:00,Domingo,08,Grêmio,Vitória,2,1,Mandante,Paulo Cesar Zanovelli da Silva,27.2,3.5,181.0,6.5,28.4,3.7,180.7,5.7,Estádio Urbano Caldeira,N.A
Santos,2023,21,27/08/2023,16:00,Domingo,08,Atlético Mineiro,Derrota,0,2,Visitante,Rafael Rodrigo Klein,28.1,4.2,179.6,6.3,30.0,4.4,179.3,7.1,Arena MRV,29782
Santos,2023,22,03/09/2023,18:30,Domingo,09,América Mineiro,Derrota,0,2,Visitante,Leandro Pedro Vuaden,28.1,4.3,180.2,6.6,28.5,6.7,181.5,8.0,Arena Independência,3654
Santos,2023,23,14/09/2023,19:00,Quinta,09,Cruzeiro,Derrota,0,3,Mandante,Braulio Da Silva Machado,27.9,3.6,179.8,7.1,29.2,3.5,180.5,5.2,Estádio Urbano Caldeira,12244
Santos,2023,24,18/09/2023,20:00,Segunda,09,Bahia,Vitória,2,1,Visitante,Ramon Abatti Abel,27.1,4.7,178.9,7.9,28.6,2.2,180.1,5.7,Arena Fonte Nova,41431
Santos,2023,25,01/10/2023,16:00,Domingo,10,Vasco da Gama,Vitória,4,1,Mandante,Anderson Daronco,27.2,4.7,178.9,7.9,26.6,4.9,181.1,5.6,Estádio Urbano Caldeira,N.A
Santos,2023,26,08/10/2023,16:00,Domingo,10,Palmeiras,Vitória,2,1,Visitante,Flavio Rodrigues De Souza,26.3,4.1,181.6,6.3,27.0,5.0,178.7,6.4,Nubank Parque,17049
Santos,2023,27,19/10/2023,20:00,Quinta,10,Red Bull Bragantino,Derrota,1,3,Mandante,Raphael Claus,26.4,3.9,179.8,6.2,26.1,4.1,182.3,5.2,Estádio Urbano Caldeira,12850
Santos,2023,28,22/10/2023,16:00,Domingo,10,Internacional,Derrota,1,7,Visitante,Paulo Cesar Zanovelli da Silva,28.7,5.4,180.7,7.1,29.4,4.8,177.8,6.6,Estádio Beira-Rio,36584
Santos,2023,29,26/10/2023,21:30,Quinta,10,Coritiba,Vitória,2,1,Mandante,Wagner do Nascimento Magalhaes,27.2,4.7,178.9,7.9,29.4,5.2,181.6,7.2,Estádio Urbano Caldeira,12205
Santos,2023,30,29/10/2023,18:30,Domingo,10,Corinthians,Empate,1,1,Visitante,Anderson Daronco,28.0,4.1,178.7,8.1,31.5,5.2,181.3,7.8,Neo Química Arena,42248
Santos,2023,31,01/11/2023,20:00,Quarta,11,Flamengo,Vitória,2,1,Visitante,Rafael Rodrigo Klein,27.6,4.2,179.6,9.1,27.2,2.9,183.3,6.7,Estádio do Maracanã,64708
Santos,2023,32,06/11/2023,21:00,Segunda,11,Cuiabá,Empate,0,0,Mandante,Savio Pereira Sampaio,27.3,4.7,178.4,8.5,29.1,4.6,181.6,6.3,Estádio Urbano Caldeira,12923
Santos,2023,33,09/11/2023,19:00,Quinta,11,Goiás,Vitória,1,0,Visitante,Paulo Cesar Zanovelli da Silva,26.4,4.1,180.0,6.5,28.4,2.9,180.8,6.0,Estádio da Serrinha,11836
Santos,2023,34,12/11/2023,18:30,Domingo,11,São Paulo,Empate,0,0,Mandante,Raphael Claus,26.3,4.1,178.9,8.4,28.5,5.5,180.0,6.3,Estádio Urbano Caldeira,13442
Santos,2023,35,26/11/2023,16:00,Domingo,11,Botafogo,Empate,1,1,Visitante,Wilton Pereira Sampaio,26.3,3.7,179.0,8.6,30.0,2.9,184.7,5.2,Estádio Nilton Santos,26548
Santos,2023,36,29/11/2023,19:00,Quarta,11,Fluminense,Derrota,0,3,Mandante,Anderson Daronco,27.3,3.0,178.0,9.1,30.5,6.2,178.7,5.7,Estádio Urbano Caldeira,12855
Santos,2023,37,03/12/2023,18:30,Domingo,12,Athletico,Derrota,0,3,Visitante,Rafael Rodrigo Klein,28.8,3.5,179.9,9.0,27.1,5.7,182.1,6.1,Arena da Baixada,21056
Santos,2023,38,06/12/2023,21:30,Quarta,12,Fortaleza,Derrota,1,2,Mandante,Leandro Pedro Vuaden,28.7,4.1,180.6,8.8,30.5,3.5,178.4,5.3,Estádio Urbano Caldeira,14130
Santos,2025,1,30/03/2025,18:30,Domingo,03,Vasco da Gama,Derrota,1,2,Visitante,Rafael Rodrigo Klein,27.6,5.4,181.4,6.6,28.6,3.4,178.6,6.5,Estádio São Januário,19550
Santos,2025,2,06/04/2025,20:30,Domingo,04,Bahia,Empate,2,2,Mandante,Alex Gomes Stefano,27.6,5.4,181.4,6.6,28.1,3.0,181.2,7.2,Estádio Urbano Caldeira,8796
Santos,2025,3,13/04/2025,19:30,Domingo,04,Fluminense,Derrota,0,1,Visitante,Felipe Fernandes de Lima,30.2,3.7,181.1,6.7,31.5,6.7,177.0,5.8,Estádio do Maracanã,46172
Santos,2025,4,16/04/2025,21:30,Quarta,04,Atlético Mineiro,Vitória,2,0,Mandante,Braulio Da Silva Machado,29.4,4.8,180.7,6.9,29.8,4.3,180.5,6.5,Estádio Urbano Caldeira,10360
Santos,2025,5,20/04/2025,16:00,Domingo,04,São Paulo,Derrota,1,2,Visitante,Wilton Pereira Sampaio,28.6,4.7,180.7,6.9,27.6,4.9,179.5,7.4,MorumBIS,52436
Santos,2025,6,27/04/2025,20:30,Domingo,04,Red Bull Bragantino,Derrota,1,2,Mandante,Raphael Claus,28.8,4.9,182.2,7.2,26.6,3.8,179.8,7.5,Estádio Urbano Caldeira,7679
Santos,2025,7,04/05/2025,16:00,Domingo,05,Grêmio,Derrota,0,1,Visitante,Bruno Arleu de Araujo,27.8,4.7,180.9,9.3,29.4,4.7,178.3,6.0,Arena do Grêmio,27085
Santos,2025,8,12/05/2025,20:00,Segunda,05,Ceará,Empate,0,0,Mandante,Felipe Fernandes de Lima,29.2,4.7,179.7,8.7,30.4,4.5,181.1,6.5,Nubank Parque,35240
Santos,2025,9,18/05/2025,16:00,Domingo,05,Corinthians,Derrota,0,1,Visitante,Raphael Claus,29.4,3.9,177.7,9.0,28.6,4.1,182.0,7.2,Neo Química Arena,46535
Santos,2025,10,25/05/2025,18:30,Domingo,05,Vitória,Vitória,1,0,Visitante,Anderson Daronco,27.5,5.2,180.4,6.9,28.6,3.4,177.2,7.9,Estádio Manoel Barradas,27086
Santos,2025,11,01/06/2025,16:00,Domingo,06,Botafogo,Derrota,0,1,Mandante,Davi de Oliveira Lacerda,28.3,4.7,178.6,6.4,27.8,4.2,182.2,9.6,Estádio Urbano Caldeira,13787
Santos,2025,12,12/06/2025,19:30,Quinta,06,Fortaleza,Vitória,3,2,Visitante,Paulo Cesar Zanovelli da Silva,28.2,4.3,180.2,7.2,32.0,4.5,180.3,6.4,Estádio Governador Plácido Castelo,20381
Santos,2025,14,16/07/2025,20:00,Quarta,07,Flamengo,Vitória,1,0,Mandante,Felipe Fernandes de Lima,28.2,5.3,180.1,7.2,29.9,3.7,179.5,6.8,Estádio Urbano Caldeira,13541
Santos,2025,15,19/07/2025,18:30,Sábado,07,Mirassol,Derrota,0,3,Visitante,Matheus Delgado Candançan,28.2,4.2,178.9,6.4,30.6,4.0,179.8,6.3,Estádio José Maria de Campos Maia,11632
Santos,2025,16,23/07/2025,21:30,Quarta,07,Internacional,Derrota,1,2,Mandante,Lucas Paulo Torezin,27.8,4.6,181.1,6.7,28.1,4.3,178.2,6.5,Estádio Urbano Caldeira,11686
Santos,2025,17,26/07/2025,18:30,Sábado,07,Sport Recife,Empate,2,2,Visitante,Rafael Rodrigo Klein,27.8,5.3,180.7,6.9,28.5,4.8,182.4,8.2,Ilha do Retiro,24184
Santos,2025,18,04/08/2025,20:00,Segunda,08,Juventude,Vitória,3,1,Mandante,Paulo Cesar Zanovelli da Silva,28.4,5.7,181.5,7.0,29.3,4.8,178.9,7.5,Estádio Urbano Caldeira,37485
Santos,2025,19,10/08/2025,18:30,Domingo,08,Cruzeiro,Vitória,2,1,Visitante,Wilton Pereira Sampaio,28.1,6.4,180.6,6.9,29.4,4.3,179.2,7.9,Governador Magalhães Pinto,59345
Santos,2025,20,17/08/2025,16:00,Domingo,08,Vasco da Gama,Derrota,0,6,Mandante,Ramon Abatti Abel,27.8,5.4,181.6,6.8,28.1,4.0,178.4,4.9,Estádio Urbano Caldeira,54428
Santos,2025,21,24/08/2025,16:00,Domingo,08,Bahia,Derrota,0,2,Visitante,Rafael Rodrigo Klein,28.6,5.2,181.4,7.4,29.0,4.2,180.6,7.5,Arena Fonte Nova,45233
Santos,2025,22,31/08/2025,16:00,Domingo,08,Fluminense,Empate,0,0,Mandante,Wilton Pereira Sampaio,29.9,4.0,179.9,6.5,31.1,6.8,176.4,6.9,Estádio Urbano Caldeira,12515
Santos,2025,23,14/09/2025,16:00,Domingo,09,Atlético Mineiro,Empate,1,1,Visitante,Bruno Arleu de Araujo,29.0,3.4,180.5,6.4,29.9,4.5,179.1,7.2,Arena MRV,38262
Santos,2025,24,21/09/2025,20:30,Domingo,09,São Paulo,Vitória,1,0,Mandante,Rodrigo Jose Pereira de Lima,28.6,3.5,181.4,6.4,27.9,4.3,180.9,8.4,Estádio Urbano Caldeira,24873
Santos,2025,25,28/09/2025,18:30,Domingo,09,Red Bull Bragantino,Empate,2,2,Visitante,Flavio Rodrigues De Souza,27.9,4.1,180.6,5.8,26.9,3.7,181.1,7.2,Estádio Cícero de Souza Marques,5824
Santos,2025,26,01/10/2025,21:30,Quarta,10,Grêmio,Empate,1,1,Mandante,Paulo Cesar Zanovelli da Silva,28.8,3.0,179.9,6.5,26.8,4.2,180.9,8.3,Estádio Urbano Caldeira,9306
Santos,2025,27,05/10/2025,20:30,Domingo,10,Ceará,Derrota,0,3,Visitante,Anderson Daronco,29.2,3.6,179.6,6.4,28.2,2.8,180.4,8.5,Estádio Governador Plácido Castelo,25636
Santos,2025,28,15/10/2025,21:30,Quarta,10,Corinthians,Vitória,3,1,Mandante,Flavio Rodrigues De Souza,28.6,2.6,179.8,7.1,25.5,4.5,182.8,6.9,Estádio Urbano Caldeira,13123
Santos,2025,29,20/10/2025,21:30,Segunda,10,Vitória,Derrota,0,1,Mandante,Rafael Rodrigo Klein,28.7,2.8,179.6,7.1,28.1,2.7,181.0,8.0,Estádio Urbano Caldeira,11775
Santos,2025,30,26/10/2025,16:00,Domingo,10,Botafogo,Empate,2,2,Visitante,Rodrigo Jose Pereira de Lima,26.3,3.6,182.0,6.4,27.0,2.7,183.7,7.6,Estádio Nilton Santos,20533
Santos,2025,31,01/11/2025,16:00,Sábado,11,Fortaleza,Empate,1,1,Mandante,Anderson Daronco,27.8,3.2,180.4,7.2,28.7,4.2,178.5,4.9,Estádio Urbano Caldeira,13356
Santos,2025,32,06/11/2025,21:30,Quinta,11,Palmeiras,Derrota,0,2,Visitante,Raphael Claus,26.4,5.1,180.1,5.9,26.4,2.9,183.0,8.5,Nubank Parque,41167
Santos,2025,33,09/11/2025,18:30,Domingo,11,Flamengo,Derrota,2,3,Visitante,Savio Pereira Sampaio,29.2,4.2,180.2,6.2,30.5,2.7,180.5,7.8,Estádio do Maracanã,69612
Santos,2025,13,15/11/2025,21:00,Sábado,11,Palmeiras,Vitória,1,0,Mandante,Raphael Claus,28.9,4.2,180.1,6.1,27.0,2.9,182.7,8.9,Estádio Urbano Caldeira,14651
Santos,2025,34,19/11/2025,21:30,Quarta,11,Mirassol,Empate,1,1,Mandante,Matheus Delgado Candançan,28.6,4.2,180.4,6.0,30.2,4.4,179.5,7.2,Estádio Urbano Caldeira,14317
Santos,2025,35,24/11/2025,21:00,Segunda,11,Internacional,Empate,1,1,Visitante,Davi de Oliveira Lacerda,28.0,4.8,180.5,7.1,28.9,4.4,177.6,6.0,Estádio Beira-Rio,37429
Santos,2025,36,28/11/2025,21:30,Sexta,11,Sport Recife,Vitória,3,0,Mandante,Felipe Fernandes de Lima,29.1,4.4,181.2,6.1,29.9,3.3,182.8,8.2,Estádio Urbano Caldeira,14156
Santos,2025,37,03/12/2025,19:30,Quarta,12,Juventude,Vitória,3,0,Visitante,Wilton Pereira Sampaio,28.5,4.1,180.6,5.9,29.7,5.6,179.7,4.5,Estádio Alfredo Jaconi,15343
Santos,2025,38,07/12/2025,16:00,Domingo,12,Cruzeiro,Vitória,3,0,Mandante,Rodrigo Jose Pereira de Lima,28.8,4.1,180.7,5.9,26.3,6.2,182.0,7.1,Estádio Urbano Caldeira,15068
São Paulo,2015,1,10/05/2015,16:00,Domingo,05,Flamengo,Vitória,2,1,Mandante,Marcelo de Lima Henrique,26.5,6.6,182.8,4.7,26.5,2.9,178.5,5.5,MorumBIS,13656
São Paulo,2015,2,17/05/2015,18:30,Domingo,05,Ponte Preta,Derrota,0,1,Visitante,Raphael Claus,26.7,5.6,182.5,4.8,26.4,2.9,178.6,6.6,Moisés Lucarelli,100
São Paulo,2015,3,23/05/2015,18:30,Sábado,05,Joinville,Vitória,3,0,Mandante,Reway Wagner,N.A,N.A,N.A,N.A,N.A,N.A,N.A,N.A,MorumBIS,17713
São Paulo,2015,4,31/05/2015,16:00,Domingo,05,Internacional,Empate,0,0,Visitante,Leandro Pedro Vuaden,N.A,N.A,N.A,N.A,N.A,N.A,N.A,N.A,Estádio Beira-Rio,25213
São Paulo,2015,5,03/06/2015,21:00,Quarta,06,Santos,Vitória,3,2,Mandante,Thiago Duarte Peixoto,28.0,5.4,182.8,5.1,26.7,4.7,178.9,7.0,MorumBIS,13847
São Paulo,2015,6,06/06/2015,22:00,Sábado,06,Grêmio,Vitória,2,0,Mandante,Pericles Bassols Pegado Cortez,28.8,5.7,183.4,4.8,24.7,3.7,183.2,6.0,MorumBIS,16917
São Paulo,2015,7,13/06/2015,16:30,Sábado,06,Chapecoense,Vitória,1,0,Visitante,Wilton Pereira Sampaio,28.6,5.7,182.8,5.2,28.3,2.5,179.9,7.7,Arena Condá,8712
São Paulo,2015,8,21/06/2015,16:00,Domingo,06,Avaí,Empate,1,1,Mandante,Bruno Arleu de Araujo,26.3,2.9,183.4,5.7,27.0,3.6,180.5,7.6,MorumBIS,21288
São Paulo,2015,9,28/06/2015,16:00,Domingo,06,Palmeiras,Derrota,0,4,Visitante,Anderson Daronco,28.9,5.6,183.7,4.6,27.5,4.0,179.9,9.4,Nubank Parque,28333
São Paulo,2015,10,01/07/2015,22:00,Quarta,07,Athletico,Derrota,1,2,Visitante,Elmo Alves Resende Cunha,28.0,5.7,181.6,5.2,25.6,3.9,179.0,7.7,Arena da Baixada,22016
São Paulo,2015,11,05/07/2015,16:00,Domingo,07,Fluminense,Empate,0,0,Mandante,Leandro Pedro Vuaden,28.2,6.0,182.4,3.9,27.8,4.6,180.4,7.3,MorumBIS,16469
São Paulo,2015,12,08/07/2015,22:00,Quarta,07,Vasco da Gama,Vitória,4,0,Visitante,Leandro Pedro Vuaden,26.5,6.0,181.0,4.1,29.1,4.5,179.3,3.9,Estádio São Januário,15812
São Paulo,2015,13,12/07/2015,11:00,Domingo,07,Coritiba,Vitória,3,1,Mandante,Alisson Sidnei Furtado,N.A,N.A,N.A,N.A,N.A,N.A,N.A,N.A,MorumBIS,58482
São Paulo,2015,14,19/07/2015,16:00,Domingo,07,Sport Recife,Derrota,0,2,Visitante,Andre Luiz de Freitas Castro,26.8,6.0,181.8,4.3,27.3,4.1,180.0,7.8,Ilha do Retiro,41994
São Paulo,2015,15,26/07/2015,16:00,Domingo,07,Cruzeiro,Vitória,1,0,Mandante,Marcelo de Lima Henrique,25.7,6.4,180.1,4.9,28.5,4.5,178.6,6.4,MorumBIS,33905
São Paulo,2015,16,29/07/2015,22:00,Quarta,07,Atlético Mineiro,Derrota,1,3,Visitante,Dewson Fernando Freitas da Silva,27.6,6.2,182.0,3.6,27.9,4.3,180.9,7.7,Arena Independência,47606
São Paulo,2015,17,09/08/2015,16:00,Domingo,08,Corinthians,Empate,1,1,Mandante,Leandro Pedro Vuaden,28.8,6.0,183.2,5.5,26.5,3.5,180.2,9.1,MorumBIS,31248
São Paulo,2015,18,12/08/2015,22:00,Quarta,08,Figueirense,Vitória,2,0,Visitante,Anderson Daronco,27.7,5.9,182.3,6.6,27.2,3.6,182.4,7.1,Orlando Scarpelli,10301
São Paulo,2015,19,15/08/2015,21:00,Sábado,08,Goiás,Derrota,0,3,Mandante,,26.8,3.4,182.9,6.3,25.0,4.3,179.5,4.9,MorumBIS,25452
São Paulo,2015,20,23/08/2015,16:00,Domingo,08,Flamengo,Derrota,1,2,Visitante,Anderson Daronco,26.0,3.6,182.3,6.4,28.0,4.3,179.5,7.1,Estádio do Maracanã,42954
São Paulo,2015,21,29/08/2015,21:00,Sábado,08,Ponte Preta,Vitória,3,0,Mandante,Marcelo Aparecido Ribeiro de Souza,N.A,N.A,N.A,N.A,N.A,N.A,N.A,N.A,MorumBIS,12745
São Paulo,2015,22,02/09/2015,19:30,Quarta,09,Joinville,Empate,0,0,Visitante,Rodolpho Toski Marques,26.3,3.5,182.7,5.5,26.7,5.8,179.5,5.6,Arena Joinville,13604
São Paulo,2015,23,05/09/2015,19:30,Sábado,09,Internacional,Vitória,2,0,Mandante,Wilton Pereira Sampaio,26.0,3.6,182.0,6.2,26.2,4.7,180.4,6.0,MorumBIS,20935
São Paulo,2015,24,09/09/2015,22:00,Quarta,09,Santos,Derrota,0,3,Visitante,Luiz Flávio de Oliveira,25.6,2.9,182.3,6.0,26.4,5.8,180.8,8.0,Estádio Urbano Caldeira,5552
São Paulo,2015,25,13/09/2015,16:00,Domingo,09,Grêmio,Vitória,2,1,Visitante,Sandro Meira Ricci,25.4,3.7,183.5,5.7,26.8,4.1,182.6,7.4,Arena do Grêmio,44227
São Paulo,2015,26,17/09/2015,19:30,Quinta,09,Chapecoense,Empate,0,0,Mandante,Elmo Alves Resende Cunha,28.0,6.5,182.1,4.5,27.8,2.3,177.5,6.2,MorumBIS,16532
São Paulo,2015,27,20/09/2015,16:00,Domingo,09,Avaí,Derrota,1,2,Visitante,Jailson Macedo Freitas,23.2,3.5,182.9,5.7,27.9,3.4,182.3,7.5,Estádio da Ressacada,9432
São Paulo,2015,28,27/09/2015,16:00,Domingo,09,Palmeiras,Empate,1,1,Mandante,Anderson Daronco,26.9,6.2,181.5,5.0,27.5,4.7,182.4,7.0,MorumBIS,25047
São Paulo,2015,29,03/10/2015,21:00,Sábado,10,Athletico,Vitória,1,0,Mandante,Igor Junio Benevenuto,26.0,6.0,181.5,5.1,24.4,4.2,181.6,7.4,MorumBIS,11066
São Paulo,2015,30,14/10/2015,22:00,Quarta,10,Fluminense,Derrota,0,2,Visitante,Braulio Da Silva Machado,27.1,6.4,182.5,4.6,26.0,5.0,180.2,6.8,Estádio do Maracanã,8357
São Paulo,2015,31,18/10/2015,15:00,Domingo,10,Vasco da Gama,Empate,2,2,Mandante,Dewson Fernando Freitas da Silva,27.2,6.5,183.5,5.1,30.9,4.1,181.4,5.8,MorumBIS,18349
São Paulo,2015,32,25/10/2015,16:00,Domingo,10,Coritiba,Vitória,2,1,Visitante,Marielson Alves Silva,27.7,5.8,183.5,4.7,29.0,4.5,176.5,6.5,Estádio Major Antônio Couto Pereira,15002
São Paulo,2015,33,31/10/2015,16:00,Sábado,10,Sport Recife,Vitória,3,0,Mandante,Reway Wagner,27.1,4.2,182.5,4.2,26.5,3.1,178.9,8.6,MorumBIS,14002
São Paulo,2015,34,08/11/2015,16:00,Domingo,11,Cruzeiro,Derrota,1,2,Visitante,Marcelo de Lima Henrique,27.1,4.2,182.5,4.2,28.8,4.2,179.1,6.7,Governador Magalhães Pinto,33417
São Paulo,2015,35,19/11/2015,21:00,Quinta,11,Atlético Mineiro,Vitória,4,2,Mandante,Leandro Pedro Vuaden,27.3,4.2,182.2,4.6,27.8,3.2,180.2,7.5,MorumBIS,18217
São Paulo,2015,36,22/11/2015,16:00,Domingo,11,Corinthians,Derrota,1,6,Visitante,Pericles Bassols Pegado Cortez,26.7,3.5,181.2,5.1,28.5,3.8,182.0,7.2,Neo Química Arena,44976
São Paulo,2015,37,28/11/2015,16:00,Sábado,11,Figueirense,Vitória,3,2,Mandante,Reway Wagner,27.4,4.2,182.2,4.6,26.7,3.6,180.0,7.3,MorumBIS,19987
São Paulo,2015,38,06/12/2015,16:00,Domingo,12,Goiás,Vitória,1,0,Visitante,Ricardo Marques Ribeiro,27.3,3.3,182.4,4.9,26.2,4.4,179.6,5.1,Serra Dourada,34284
São Paulo,2016,1,15/05/2016,11:00,Domingo,05,Botafogo,Vitória,1,0,Visitante,Braulio Da Silva Machado,23.4,4.7,181.5,6.9,24.5,4.1,181.0,7.9,Estádio Raulino de Oliveira,5465
São Paulo,2016,2,22/05/2016,16:00,Domingo,05,Internacional,Derrota,1,2,Mandante,Pericles Bassols Pegado Cortez,27.0,4.0,182.9,5.6,25.7,3.3,179.6,5.4,MorumBIS,19509
São Paulo,2016,3,25/05/2016,21:45,Quarta,05,Coritiba,Empate,1,1,Visitante,Marielson Alves Silva,24.0,3.6,180.0,6.6,30.1,4.7,177.8,6.5,Estádio Major Antônio Couto Pereira,9979
São Paulo,2016,4,29/05/2016,16:00,Domingo,05,Palmeiras,Vitória,1,0,Mandante,Ricardo Marques Ribeiro,27.1,3.9,183.0,5.9,27.7,7.3,179.3,7.0,MorumBIS,21016
São Paulo,2016,5,01/06/2016,21:45,Quarta,06,Figueirense,Derrota,0,1,Visitante,Jean Pierre Goncalves Lima,26.2,4.6,181.8,6.5,27.9,3.9,180.5,9.0,Orlando Scarpelli,5271
São Paulo,2016,6,05/06/2016,18:30,Domingo,06,Cruzeiro,Vitória,1,0,Visitante,Andre Luiz de Freitas Castro,26.7,4.0,183.1,5.8,27.1,4.4,176.5,7.2,Governador Magalhães Pinto,18880
São Paulo,2016,7,11/06/2016,21:00,Sábado,06,Athletico,Derrota,1,2,Mandante,Anderson Daronco,26.7,4.0,183.1,5.8,25.0,3.2,179.3,6.4,MorumBIS,12389
São Paulo,2016,8,15/06/2016,19:30,Quarta,06,Vitória,Vitória,2,0,Mandante,Reway Wagner,26.1,4.4,182.1,6.9,27.6,3.0,178.3,7.4,MorumBIS,9213
São Paulo,2016,9,19/06/2016,16:00,Domingo,06,Flamengo,Empate,2,2,Visitante,Elmo Alves Resende Cunha,25.5,4.0,183.5,4.5,25.7,3.8,181.5,6.1,Estádio do Maracanã,27233
São Paulo,2016,10,23/06/2016,21:00,Quinta,06,Sport Recife,Empate,0,0,Mandante,Rafael Traci,26.4,3.6,183.0,5.0,29.3,5.6,178.7,7.9,MorumBIS,11145
São Paulo,2016,11,26/06/2016,16:00,Domingo,06,Santos,Derrota,0,3,Visitante,Raphael Claus,25.8,5.1,182.9,4.3,25.1,5.3,182.1,7.6,Estádio Urbano Caldeira,24647
São Paulo,2016,12,29/06/2016,21:45,Quarta,06,Fluminense,Vitória,2,1,Mandante,Anderson Daronco,26.9,3.3,181.2,6.8,28.6,5.4,180.0,6.1,MorumBIS,10323
São Paulo,2016,13,03/07/2016,16:00,Domingo,07,Ponte Preta,Derrota,0,1,Visitante,Vinicius Furlan,24.8,4.8,181.0,5.9,25.9,4.4,180.5,7.3,Moisés Lucarelli,5551
São Paulo,2016,14,10/07/2016,16:00,Domingo,07,América Mineiro,Vitória,3,0,Mandante,Dewson Fernando Freitas da Silva,25.4,3.8,179.1,7.4,29.3,4.4,178.9,4.5,MorumBIS,8198
São Paulo,2016,15,17/07/2016,16:00,Domingo,07,Corinthians,Empate,1,1,Visitante,Pericles Bassols Pegado Cortez,27.4,3.0,180.4,6.8,27.4,3.4,180.5,7.1,Neo Química Arena,42099
São Paulo,2016,16,24/07/2016,16:00,Domingo,07,Grêmio,Derrota,0,1,Visitante,Heber Roberto Lopes,28.5,3.5,180.5,7.1,27.0,4.5,179.4,7.0,Arena do Grêmio,37069
São Paulo,2016,17,31/07/2016,11:00,Domingo,07,Chapecoense,Empate,2,2,Mandante,Wagner do Nascimento Magalhaes,28.2,3.9,180.4,7.2,29.0,4.2,179.2,6.0,MorumBIS,54996
São Paulo,2016,18,04/08/2016,19:30,Quinta,08,Atlético Mineiro,Derrota,1,2,Mandante,Leandro Pedro Vuaden,28.4,3.4,180.2,6.5,30.7,2.9,183.4,7.1,MorumBIS,15717
São Paulo,2016,19,07/08/2016,16:15,Domingo,08,Santa Cruz,Vitória,2,1,Visitante,Bruno Arleu de Araujo,25.7,2.9,179.5,7.2,29.2,4.9,180.5,7.1,Estádio do Arruda,12705
São Paulo,2016,20,14/08/2016,16:15,Domingo,08,Botafogo,Derrota,0,1,Mandante,Caio Max Augusto Vieira,25.7,2.9,179.5,7.2,28.1,4.3,181.4,6.7,MorumBIS,14399
São Paulo,2016,21,21/08/2016,16:00,Domingo,08,Internacional,Empate,1,1,Visitante,Gilberto Rodrigues Castro Junior,26.5,3.5,179.8,7.2,26.9,4.5,179.8,5.5,Estádio Beira-Rio,23079
São Paulo,2016,22,28/08/2016,16:00,Domingo,08,Coritiba,Empate,0,0,Mandante,Francisco Carlos Do Nascimento,26.6,3.4,179.2,7.2,26.9,5.4,177.2,6.5,MorumBIS,7836
São Paulo,2016,23,07/09/2016,21:45,Quarta,09,Palmeiras,Derrota,1,2,Visitante,Sandro Meira Ricci,25.9,3.1,180.7,5.3,28.3,6.1,179.2,9.1,Nubank Parque,39944
São Paulo,2016,24,11/09/2016,11:00,Domingo,09,Figueirense,Vitória,3,1,Mandante,Dewson Fernando Freitas da Silva,25.7,3.1,180.0,7.0,27.2,3.3,179.3,5.8,MorumBIS,27365
São Paulo,2016,25,15/09/2016,21:00,Quinta,09,Cruzeiro,Vitória,1,0,Mandante,Diego Almeida Real,26.6,2.3,178.8,6.8,29.2,2.8,176.7,7.7,MorumBIS,15566
São Paulo,2016,26,18/09/2016,16:00,Domingo,09,Athletico,Derrota,0,1,Visitante,Anderson Daronco,26.6,2.3,178.8,6.8,25.2,4.3,181.7,6.3,Arena da Baixada,15216
São Paulo,2016,27,25/09/2016,16:00,Domingo,09,Vitória,Derrota,0,2,Visitante,Francisco Carlos Do Nascimento,25.6,3.4,178.1,6.3,27.1,3.4,178.5,7.5,Estádio Manoel Barradas,10980
São Paulo,2016,28,01/10/2016,16:00,Sábado,10,Flamengo,Empate,0,0,Mandante,Sandro Meira Ricci,27.6,3.7,180.5,6.4,28.0,3.7,180.8,6.5,MorumBIS,29813
São Paulo,2016,29,05/10/2016,21:45,Quarta,10,Sport Recife,Empate,1,1,Visitante,Rafael Traci,27.1,3.5,182.1,5.6,27.6,5.1,177.2,8.0,Ilha do Retiro,10301
São Paulo,2016,30,13/10/2016,21:00,Quinta,10,Santos,Derrota,0,1,Mandante,Anderson Daronco,27.3,2.1,179.7,6.1,28.0,5.6,180.5,7.0,MorumBIS,29084
São Paulo,2016,31,17/10/2016,19:00,Segunda,10,Fluminense,Vitória,2,1,Visitante,Nielson Nogueira Dias,26.4,2.2,179.5,6.8,27.6,4.4,179.5,7.4,Estádio Giulite Coutinho,6664
São Paulo,2016,32,22/10/2016,16:00,Sábado,10,Ponte Preta,Vitória,2,0,Mandante,Marcelo de Lima Henrique,24.2,3.4,179.5,5.9,28.3,5.1,179.5,8.6,MorumBIS,49673
São Paulo,2016,33,31/10/2016,19:00,Segunda,10,América Mineiro,Derrota,0,1,Visitante,Joao Batista de Arruda,25.5,2.9,179.7,6.3,26.9,5.2,179.8,8.0,Arena Independência,5014
São Paulo,2016,34,05/11/2016,18:30,Sábado,11,Corinthians,Vitória,4,0,Mandante,Claudio Francisco Lima E. Silva,25.4,2.8,178.8,7.1,27.6,1.8,179.3,7.5,MorumBIS,53781
São Paulo,2016,35,17/11/2016,18:30,Quinta,11,Grêmio,Empate,1,1,Mandante,Jailson Macedo Freitas,25.1,3.1,178.8,7.1,27.9,4.2,181.4,6.5,MorumBIS,21933
São Paulo,2016,36,20/11/2016,18:30,Domingo,11,Chapecoense,Derrota,0,2,Visitante,Jean Pierre Goncalves Lima,25.1,3.1,179.4,7.1,28.3,4.8,181.9,5.9,Arena Condá,8163
São Paulo,2016,37,27/11/2016,16:00,Domingo,11,Atlético Mineiro,Vitória,2,1,Visitante,Dewson Fernando Freitas da Silva,25.1,2.8,178.4,7.9,26.5,4.0,180.5,6.5,Arena Independência,8901
São Paulo,2016,38,11/12/2016,16:00,Domingo,12,Santa Cruz,Vitória,5,0,Mandante,Paulo Schleich Vollkopf,26.1,3.1,180.5,7.4,26.6,5.4,180.0,9.7,MorumBIS,16553
São Paulo,2017,1,14/05/2017,16:00,Domingo,05,Cruzeiro,Derrota,0,1,Visitante,Marcelo de Lima Henrique,24.9,3.2,182.5,6.9,28.4,4.3,178.3,7.5,Governador Magalhães Pinto,11416
São Paulo,2017,2,22/05/2017,20:00,Segunda,05,Avaí,Vitória,2,0,Mandante,Caio Max Augusto Vieira,27.3,4.4,180.5,7.4,27.0,4.2,180.2,6.5,MorumBIS,12427
São Paulo,2017,3,27/05/2017,19:00,Sábado,05,Palmeiras,Vitória,2,0,Mandante,Anderson Daronco,25.5,3.9,182.1,6.9,29.1,5.2,178.8,8.6,MorumBIS,33288
São Paulo,2017,4,04/06/2017,16:00,Domingo,06,Ponte Preta,Derrota,0,1,Visitante,Rodolpho Toski Marques,26.1,4.2,182.8,5.9,28.9,5.2,179.3,7.0,Moisés Lucarelli,6246
São Paulo,2017,5,08/06/2017,19:30,Quinta,06,Vitória,Vitória,2,0,Mandante,Rafael Traci,26.6,4.6,184.7,5.3,27.2,3.3,179.5,8.7,MorumBIS,12536
São Paulo,2017,6,11/06/2017,16:00,Domingo,06,Corinthians,Derrota,2,3,Visitante,Ricardo Marques Ribeiro,26.0,4.1,184.5,5.5,26.6,4.1,179.7,8.3,Neo Química Arena,42443
São Paulo,2017,7,14/06/2017,19:30,Quarta,06,Sport Recife,Empate,0,0,Visitante,Heber Roberto Lopes,26.1,4.4,182.3,7.4,28.4,5.3,178.4,6.6,Ilha do Retiro,10810
São Paulo,2017,8,18/06/2017,16:00,Domingo,06,Atlético Mineiro,Derrota,1,2,Mandante,Braulio Da Silva Machado,25.6,4.1,181.5,8.3,30.3,4.9,182.1,8.5,MorumBIS,22704
São Paulo,2017,9,21/06/2017,21:45,Quarta,06,Athletico,Derrota,0,1,Visitante,Wagner do Nascimento Magalhaes,26.5,4.9,182.0,6.6,27.9,5.3,180.9,6.4,Arena da Baixada,19150
São Paulo,2017,10,25/06/2017,16:00,Domingo,06,Fluminense,Empate,1,1,Mandante,Anderson Daronco,25.7,4.5,181.7,6.9,24.9,4.0,182.5,6.2,MorumBIS,17742
São Paulo,2017,11,02/07/2017,16:00,Domingo,07,Flamengo,Derrota,0,2,Visitante,Leandro Pedro Vuaden,26.7,4.5,181.5,6.5,29.2,3.9,179.5,7.9,Estádio do Maracanã,17302
São Paulo,2017,12,09/07/2017,19:00,Domingo,07,Santos,Derrota,2,3,Visitante,Sandro Meira Ricci,25.9,3.0,181.7,7.1,28.6,4.9,181.7,6.2,Estádio Urbano Caldeira,10322
São Paulo,2017,13,13/07/2017,19:30,Quinta,07,Atlético Goianiense,Empate,2,2,Mandante,Marielson Alves Silva,26.5,2.4,179.2,8.7,26.5,2.3,181.5,6.4,MorumBIS,31333
São Paulo,2017,14,16/07/2017,16:00,Domingo,07,Chapecoense,Derrota,0,2,Visitante,Wagner do Nascimento Magalhaes,26.8,2.8,181.1,8.6,25.7,3.4,181.7,6.3,Arena Condá,10742
São Paulo,2017,15,19/07/2017,21:45,Quarta,07,Vasco da Gama,Vitória,1,0,Mandante,Reway Wagner,27.8,2.4,181.3,8.5,28.1,4.5,181.1,6.2,MorumBIS,22574
São Paulo,2017,16,24/07/2017,20:00,Segunda,07,Grêmio,Empate,1,1,Mandante,Ricardo Marques Ribeiro,27.5,2.8,182.2,7.3,27.4,3.8,179.4,6.4,MorumBIS,51511
São Paulo,2017,17,29/07/2017,16:00,Sábado,07,Botafogo,Vitória,4,3,Visitante,Andre Luiz de Freitas Castro,27.9,3.1,183.0,6.5,27.1,4.4,182.5,6.6,Estádio Nilton Santos,17139
São Paulo,2017,18,03/08/2017,19:30,Quinta,08,Coritiba,Derrota,1,2,Mandante,Pericles Bassols Pegado Cortez,27.9,3.1,183.0,6.5,26.7,4.8,180.2,4.9,MorumBIS,53635
São Paulo,2017,19,06/08/2017,16:00,Domingo,08,Bahia,Derrota,1,2,Visitante,Joao Batista de Arruda,26.6,3.9,182.0,6.4,26.7,3.1,180.0,7.4,Arena Fonte Nova,24072
São Paulo,2017,20,13/08/2017,11:00,Domingo,08,Cruzeiro,Vitória,3,2,Mandante,Rafael Traci,26.4,3.9,181.5,6.8,26.8,3.6,179.1,6.1,MorumBIS,56052
São Paulo,2017,21,20/08/2017,16:00,Domingo,08,Avaí,Empate,1,1,Visitante,Leandro Pedro Vuaden,28.2,3.5,179.5,6.6,27.4,3.2,180.5,8.1,Estádio da Ressacada,9006
São Paulo,2017,22,27/08/2017,16:00,Domingo,08,Palmeiras,Derrota,2,4,Visitante,Sandro Meira Ricci,28.3,3.5,180.4,7.0,30.6,4.5,180.0,6.9,Nubank Parque,33537
São Paulo,2017,23,09/09/2017,19:00,Sábado,09,Ponte Preta,Empate,2,2,Mandante,Marcelo de Lima Henrique,27.0,4.8,182.3,4.8,28.5,5.4,180.2,7.5,MorumBIS,42724
São Paulo,2017,24,17/09/2017,16:00,Domingo,09,Vitória,Vitória,2,1,Visitante,Rodolpho Toski Marques,25.9,4.8,181.1,6.0,27.7,3.7,180.2,7.8,Estádio Manoel Barradas,12805
São Paulo,2017,25,24/09/2017,11:00,Domingo,09,Corinthians,Empate,1,1,Mandante,Wagner do Nascimento Magalhaes,25.8,4.8,180.9,6.3,26.9,4.0,179.3,8.8,MorumBIS,61142
São Paulo,2017,26,01/10/2017,16:00,Domingo,10,Sport Recife,Vitória,1,0,Mandante,Anderson Daronco,26.7,4.8,181.1,6.3,29.4,3.7,179.7,4.9,MorumBIS,43071
São Paulo,2017,27,11/10/2017,21:45,Quarta,10,Atlético Mineiro,Derrota,0,1,Visitante,Heber Roberto Lopes,26.0,4.8,180.8,5.8,29.9,4.1,180.9,7.6,Arena Independência,17606
São Paulo,2017,28,14/10/2017,21:00,Sábado,10,Athletico,Vitória,2,1,Mandante,Marcelo de Lima Henrique,25.8,4.8,180.9,6.3,26.3,3.4,180.7,5.4,MorumBIS,26833
São Paulo,2017,29,18/10/2017,20:45,Quarta,10,Fluminense,Derrota,1,3,Visitante,Leandro Pedro Vuaden,25.8,4.8,180.9,6.3,26.1,4.3,180.1,9.2,Estádio Giulite Coutinho,22999
São Paulo,2017,30,22/10/2017,16:00,Domingo,10,Flamengo,Vitória,2,0,Mandante,Rafael Traci,27.6,4.3,181.9,6.1,28.5,2.9,180.1,7.2,Mercado Livre Arena Pacaembu,32915
São Paulo,2017,31,28/10/2017,16:00,Sábado,10,Santos,Vitória,2,1,Mandante,Anderson Daronco,27.7,4.3,181.9,6.1,28.7,5.7,182.5,6.3,Mercado Livre Arena Pacaembu,40004
São Paulo,2017,32,04/11/2017,18:00,Sábado,11,Atlético Goianiense,Vitória,1,0,Visitante,Braulio Da Silva Machado,27.8,4.0,181.0,6.2,26.2,2.6,180.5,5.1,Serra Dourada,17697
São Paulo,2017,33,09/11/2017,19:00,Quinta,11,Chapecoense,Empate,2,2,Mandante,Marcelo de Lima Henrique,27.4,4.5,182.0,4.9,27.6,3.4,182.2,6.2,MorumBIS,35037
São Paulo,2017,34,12/11/2017,16:00,Domingo,11,Vasco da Gama,Empate,1,1,Visitante,Leandro Pedro Vuaden,28.2,4.4,182.9,4.7,26.6,5.3,180.5,5.7,Estádio São Januário,17447
São Paulo,2017,35,15/11/2017,18:30,Quarta,11,Grêmio,Derrota,0,1,Visitante,Rodolpho Toski Marques,28.4,4.1,182.0,4.9,28.1,4.1,180.3,7.5,Arena do Grêmio,20542
São Paulo,2017,36,19/11/2017,16:00,Domingo,11,Botafogo,Empate,0,0,Mandante,Wilton Pereira Sampaio,26.2,4.9,182.3,4.8,27.2,3.0,179.9,8.0,Mercado Livre Arena Pacaembu,25711
São Paulo,2017,37,26/11/2017,16:00,Domingo,11,Coritiba,Vitória,2,1,Visitante,Anderson Daronco,25.0,5.0,180.3,6.2,26.8,3.9,178.3,5.6,Estádio Major Antônio Couto Pereira,32739
São Paulo,2017,38,03/12/2017,16:00,Domingo,12,Bahia,Empate,1,1,Mandante,Elmo Alves Resende Cunha,26.6,6.0,180.9,6.1,24.6,2.4,179.2,7.0,MorumBIS,60485
São Paulo,2018,1,16/04/2018,20:00,Segunda,04,Paraná Clube,Vitória,1,0,Mandante,Braulio Da Silva Machado,25.8,4.9,179.8,5.9,25.6,2.9,179.5,4.7,MorumBIS,11327
São Paulo,2018,2,22/04/2018,16:00,Domingo,04,Ceará,Empate,0,0,Visitante,Paulo Roberto Alves Junior,27.5,4.4,180.8,5.9,28.1,3.7,180.4,7.0,Estádio Governador Plácido Castelo,30186
São Paulo,2018,3,29/04/2018,16:00,Domingo,04,Fluminense,Empate,1,1,Visitante,Rodolpho Toski Marques,28.8,5.0,182.5,4.7,25.5,3.7,180.4,9.3,Estádio do Maracanã,19237
São Paulo,2018,4,05/05/2018,19:00,Sábado,05,Atlético Mineiro,Empate,2,2,Mandante,Rafael Traci,30.6,3.1,182.4,4.3,29.7,5.7,179.5,8.2,MorumBIS,31976
São Paulo,2018,5,13/05/2018,16:00,Domingo,05,Bahia,Empate,2,2,Visitante,Dewson Fernando Freitas da Silva,28.5,4.8,182.2,4.6,25.8,3.4,180.8,6.7,Arena Fonte Nova,20847
São Paulo,2018,6,20/05/2018,16:00,Domingo,05,Santos,Vitória,1,0,Mandante,Braulio Da Silva Machado,29.5,4.7,181.6,5.1,27.1,5.9,181.0,6.4,MorumBIS,40565
São Paulo,2018,7,27/05/2018,19:00,Domingo,05,América Mineiro,Vitória,3,1,Visitante,Bruno Arleu de Araujo,29.1,4.8,182.3,4.7,28.9,4.5,182.9,6.5,Arena Independência,4360
São Paulo,2018,8,30/05/2018,21:00,Quarta,05,Botafogo,Vitória,3,2,Mandante,Savio Pereira Sampaio,30.5,3.7,181.7,5.0,26.0,5.0,182.2,6.5,MorumBIS,25427
São Paulo,2018,9,02/06/2018,21:00,Sábado,06,Palmeiras,Derrota,1,3,Visitante,Rodolpho Toski Marques,29.5,4.7,181.6,5.1,30.1,4.3,180.1,6.9,Nubank Parque,32841
São Paulo,2018,10,05/06/2018,21:30,Terça,06,Internacional,Empate,0,0,Mandante,Paulo Roberto Alves Junior,27.5,4.9,182.0,5.1,26.7,3.2,181.7,6.1,MorumBIS,14730
São Paulo,2018,11,09/06/2018,16:00,Sábado,06,Athletico,Vitória,1,0,Visitante,Anderson Daronco,29.5,4.7,182.0,4.5,27.3,4.2,182.0,4.0,Arena da Baixada,8257
São Paulo,2018,12,12/06/2018,21:30,Terça,06,Vitória,Vitória,3,0,Mandante,Igor Junio Benevenuto,29.2,4.7,181.4,4.9,24.7,3.7,177.6,6.9,MorumBIS,20456
São Paulo,2018,13,18/07/2018,21:45,Quarta,07,Flamengo,Vitória,1,0,Visitante,Paulo Roberto Alves Junior,30.2,4.2,181.9,5.3,28.1,4.9,180.2,6.5,Estádio Luso Brasileiro,55986
São Paulo,2018,14,21/07/2018,21:00,Sábado,07,Corinthians,Vitória,3,1,Mandante,Marcelo de Lima Henrique,28.4,5.1,181.4,4.9,28.4,2.5,180.8,8.0,MorumBIS,58624
São Paulo,2018,15,26/07/2018,19:30,Quinta,07,Grêmio,Derrota,1,2,Visitante,Grazianni Maciel Rocha,29.3,5.0,181.0,5.5,28.6,4.1,181.3,6.3,Arena do Grêmio,19865
São Paulo,2018,16,29/07/2018,16:00,Domingo,07,Cruzeiro,Vitória,2,0,Visitante,Wagner do Nascimento Magalhaes,28.5,5.6,179.3,5.5,31.8,3.4,181.1,7.3,Governador Magalhães Pinto,26671
São Paulo,2018,17,05/08/2018,16:00,Domingo,08,Vasco da Gama,Vitória,2,1,Mandante,Braulio Da Silva Machado,29.0,5.0,181.0,5.5,27.5,4.0,178.5,4.8,MorumBIS,53437
São Paulo,2018,18,12/08/2018,16:00,Domingo,08,Sport Recife,Vitória,3,1,Visitante,Anderson Daronco,31.0,3.0,181.2,5.2,29.4,4.8,182.5,5.1,Ilha do Retiro,16050
São Paulo,2018,19,19/08/2018,19:00,Domingo,08,Chapecoense,Vitória,2,0,Mandante,Rafael Traci,27.9,4.9,180.8,5.6,28.8,4.5,179.2,7.0,MorumBIS,41075
São Paulo,2018,20,22/08/2018,19:30,Quarta,08,Paraná Clube,Empate,1,1,Visitante,Pericles Bassols Pegado Cortez,31.0,3.0,181.2,5.2,25.8,2.6,180.3,3.8,Durival Britto e Silva,7635
São Paulo,2018,21,26/08/2018,11:00,Domingo,08,Ceará,Vitória,1,0,Mandante,Reway Wagner,30.0,4.5,180.4,5.5,28.7,4.5,181.4,6.8,MorumBIS,57323
São Paulo,2018,22,02/09/2018,16:00,Domingo,09,Fluminense,Empate,1,1,Mandante,Dewson Fernando Freitas da Silva,29.0,4.4,180.5,4.7,25.6,3.8,178.6,8.8,MorumBIS,49348
São Paulo,2018,23,05/09/2018,21:45,Quarta,09,Atlético Mineiro,Derrota,0,1,Visitante,Anderson Daronco,31.0,2.9,181.5,4.4,29.3,6.4,181.5,8.4,Arena Independência,20852
São Paulo,2018,24,08/09/2018,19:00,Sábado,09,Bahia,Vitória,1,0,Mandante,Andre Luiz de Freitas Castro,30.7,4.1,180.9,5.3,27.0,3.9,180.8,6.8,MorumBIS,43555
São Paulo,2018,25,16/09/2018,16:00,Domingo,09,Santos,Empate,0,0,Visitante,Ricardo Marques Ribeiro,31.0,3.1,181.7,5.2,26.2,5.0,179.9,8.1,Estádio Urbano Caldeira,13488
São Paulo,2018,26,22/09/2018,16:00,Sábado,09,América Mineiro,Empate,1,1,Mandante,Wilton Pereira Sampaio,29.2,5.1,181.6,5.2,30.6,4.3,179.0,7.7,MorumBIS,47846
São Paulo,2018,27,30/09/2018,16:00,Domingo,09,Botafogo,Empate,2,2,Visitante,Rafael Traci,31.4,2.9,181.5,4.5,25.3,3.7,182.1,6.5,Estadio Nilton Santos,19976
São Paulo,2018,28,06/10/2018,18:00,Sábado,10,Palmeiras,Derrota,0,2,Mandante,Wilton Pereira Sampaio,30.7,3.4,181.7,4.5,28.2,3.0,180.5,6.2,MorumBIS,56694
São Paulo,2018,29,14/10/2018,16:00,Domingo,10,Internacional,Derrota,1,3,Visitante,Braulio Da Silva Machado,29.2,4.3,180.8,4.6,27.3,4.3,181.6,4.9,Estádio Beira-Rio,41640
São Paulo,2018,30,20/10/2018,19:00,Sábado,10,Athletico,Empate,0,0,Mandante,Pericles Bassols Pegado Cortez,27.0,4.3,181.5,6.4,26.4,4.4,180.1,6.8,MorumBIS,13053
São Paulo,2018,31,26/10/2018,19:30,Sexta,10,Vitória,Vitória,1,0,Visitante,Leandro Pedro Vuaden,27.6,4.1,181.6,6.3,24.3,3.2,179.5,7.7,Estádio Manoel Barradas,11283
São Paulo,2018,32,04/11/2018,16:00,Domingo,11,Flamengo,Empate,2,2,Mandante,Wilton Pereira Sampaio,27.9,4.9,183.0,6.0,27.4,3.8,180.5,6.7,MorumBIS,32612
São Paulo,2018,33,10/11/2018,16:00,Sábado,11,Corinthians,Empate,1,1,Visitante,Rodolpho Toski Marques,27.8,3.8,183.4,5.2,28.2,6.6,179.9,8.3,Neo Química Arena,42845
São Paulo,2018,34,15/11/2018,18:00,Quinta,11,Grêmio,Empate,1,1,Mandante,Pericles Bassols Pegado Cortez,28.3,4.5,181.2,4.5,28.6,4.0,181.1,6.4,MorumBIS,24757
São Paulo,2018,35,18/11/2018,18:00,Domingo,11,Cruzeiro,Vitória,1,0,Mandante,Heber Roberto Lopes,29.0,4.2,181.7,4.1,31.8,3.6,181.4,5.4,MorumBIS,14058
São Paulo,2018,36,22/11/2018,19:00,Quinta,11,Vasco da Gama,Derrota,0,2,Visitante,Anderson Daronco,28.1,4.6,181.1,4.4,28.2,4.1,179.7,6.4,Estádio São Januário,1123
São Paulo,2018,37,26/11/2018,19:00,Segunda,11,Sport Recife,Empate,0,0,Mandante,Andre Luiz de Freitas Castro,27.3,5.4,180.7,5.0,26.6,4.3,182.6,6.7,MorumBIS,15235
São Paulo,2018,38,02/12/2018,16:00,Domingo,12,Chapecoense,Derrota,0,1,Visitante,Wilton Pereira Sampaio,27.7,5.6,180.4,4.8,29.4,3.7,181.1,7.3,Arena Condá,19992
São Paulo,2019,1,27/04/2019,16:00,Sábado,04,Botafogo,Vitória,2,0,Mandante,Caio Max Augusto Vieira,26.6,4.0,179.4,5.4,26.8,4.7,178.4,7.2,MorumBIS,26533
São Paulo,2019,2,01/05/2019,21:30,Quarta,05,Goiás,Vitória,2,1,Visitante,Rafael Traci,26.6,4.0,178.9,5.4,26.0,3.2,178.8,6.5,Serra Dourada,29644
São Paulo,2019,3,05/05/2019,16:00,Domingo,05,Flamengo,Empate,1,1,Mandante,Ricardo Marques Ribeiro,26.0,4.6,180.1,5.3,24.7,4.4,180.0,6.0,MorumBIS,38749
São Paulo,2019,4,12/05/2019,19:00,Domingo,05,Fortaleza,Vitória,1,0,Visitante,Wilton Pereira Sampaio,25.2,4.4,178.5,5.6,28.2,3.8,176.5,8.7,Estádio Governador Plácido Castelo,42955
São Paulo,2019,5,19/05/2019,11:00,Domingo,05,Bahia,Empate,0,0,Mandante,Daniel Nobre Bins,26.2,4.9,179.7,5.1,27.3,3.7,180.0,7.4,MorumBIS,44640
São Paulo,2019,6,26/05/2019,19:00,Domingo,05,Corinthians,Derrota,0,1,Visitante,Flavio Rodrigues De Souza,27.1,3.5,179.5,5.5,29.5,4.2,177.8,9.1,Neo Química Arena,39378
São Paulo,2019,7,02/06/2019,16:00,Domingo,06,Cruzeiro,Empate,1,1,Mandante,Braulio Da Silva Machado,27.7,4.3,180.2,4.4,32.3,3.4,180.5,7.5,MorumBIS,8517
São Paulo,2019,8,08/06/2019,21:00,Sábado,06,Avaí,Empate,0,0,Visitante,Caio Max Augusto Vieira,27.4,4.0,179.6,4.7,26.0,4.2,181.5,6.6,Estádio da Ressacada,8084
São Paulo,2019,9,13/06/2019,20:00,Quinta,06,Atlético Mineiro,Empate,1,1,Visitante,Leandro Pedro Vuaden,27.2,4.7,179.0,5.0,29.9,4.8,179.2,8.8,Arena Independência,19761
São Paulo,2019,10,13/07/2019,19:00,Sábado,07,Palmeiras,Empate,1,1,Mandante,Bruno Arleu de Araujo,27.6,4.2,180.2,5.3,29.3,3.5,181.1,6.7,MorumBIS,38267
São Paulo,2019,11,22/07/2019,20:00,Segunda,07,Chapecoense,Vitória,4,0,Mandante,Savio Pereira Sampaio,26.4,4.4,179.3,5.5,28.9,4.9,179.2,6.0,MorumBIS,35558
São Paulo,2019,12,27/07/2019,19:00,Sábado,07,Fluminense,Vitória,2,1,Visitante,Anderson Daronco,26.4,4.4,179.3,5.5,24.5,3.7,182.1,5.5,Estádio do Maracanã,21741
São Paulo,2019,14,10/08/2019,17:00,Sábado,08,Santos,Vitória,3,2,Mandante,Raphael Claus,26.2,3.8,179.2,5.3,26.1,3.5,179.6,10.6,MorumBIS,47277
São Paulo,2019,15,18/08/2019,16:00,Domingo,08,Ceará,Vitória,1,0,Mandante,Gilberto Rodrigues Castro Junior,28.3,5.0,178.5,5.3,28.5,4.0,181.0,7.2,MorumBIS,47705
São Paulo,2019,13,21/08/2019,19:15,Quarta,08,Athletico,Vitória,1,0,Visitante,Daniel Nobre Bins,26.7,4.8,179.0,5.8,26.4,3.7,180.2,7.0,Arena da Baixada,20047
São Paulo,2019,16,25/08/2019,16:00,Domingo,08,Vasco da Gama,Derrota,0,2,Visitante,Anderson Daronco,27.7,5.2,179.3,5.8,25.7,5.0,182.3,6.7,Estádio São Januário,20404
São Paulo,2019,17,31/08/2019,11:00,Sábado,08,Grêmio,Empate,0,0,Mandante,Caio Max Augusto Vieira,28.5,4.9,179.0,5.7,28.2,3.9,181.2,4.9,MorumBIS,46997
São Paulo,2019,18,07/09/2019,19:00,Sábado,09,Internacional,Derrota,0,1,Visitante,Marcelo de Lima Henrique,28.4,3.8,180.5,4.7,27.2,4.8,178.6,5.8,Estádio Beira-Rio,14302
São Paulo,2019,19,15/09/2019,19:00,Domingo,09,CSA,Empate,1,1,Mandante,Heber Roberto Lopes,28.4,4.6,179.2,5.9,29.3,4.3,179.6,8.2,MorumBIS,29779
São Paulo,2019,20,21/09/2019,11:00,Sábado,09,Botafogo,Vitória,2,1,Visitante,Jean Pierre Goncalves Lima,28.7,5.0,180.0,5.4,26.9,4.6,179.2,4.9,Estadio Nilton Santos,18471
São Paulo,2019,21,25/09/2019,21:30,Quarta,09,Goiás,Derrota,0,1,Mandante,Bruno Arleu de Araujo,27.3,4.5,178.8,6.0,27.4,3.9,180.0,6.7,MorumBIS,12505
São Paulo,2019,22,28/09/2019,19:00,Sábado,09,Flamengo,Empate,0,0,Visitante,Rafael Traci,28.6,5.1,179.5,5.8,27.4,2.9,179.8,5.6,Estádio do Maracanã,67051
São Paulo,2019,23,05/10/2019,17:00,Sábado,10,Fortaleza,Vitória,2,1,Mandante,Diego Pombo Lopez,28.6,5.1,179.5,5.8,29.3,4.7,178.1,9.2,MorumBIS,34962
São Paulo,2019,24,09/10/2019,21:00,Quarta,10,Bahia,Empate,0,0,Visitante,Braulio Da Silva Machado,28.7,4.3,180.3,4.7,27.4,4.4,180.4,9.0,Arena Fonte Nova,31726
São Paulo,2019,25,13/10/2019,18:00,Domingo,10,Corinthians,Vitória,1,0,Mandante,Raphael Claus,27.0,4.0,179.7,5.3,29.2,4.4,179.2,9.1,MorumBIS,37561
São Paulo,2019,26,16/10/2019,21:00,Quarta,10,Cruzeiro,Derrota,0,1,Visitante,Wilton Pereira Sampaio,28.9,5.1,179.1,5.6,31.1,5.6,182.3,6.4,Governador Magalhães Pinto,30969
São Paulo,2019,27,20/10/2019,16:00,Domingo,10,Avaí,Vitória,1,0,Mandante,Dewson Fernando Freitas da Silva,26.3,4.7,179.4,5.9,27.4,4.3,181.4,5.6,MorumBIS,20763
São Paulo,2019,28,27/10/2019,16:00,Domingo,10,Atlético Mineiro,Vitória,2,0,Mandante,Bruno Arleu de Araujo,25.7,3.7,179.8,5.4,28.7,5.7,181.7,9.5,MorumBIS,18815
São Paulo,2019,29,30/10/2019,19:30,Quarta,10,Palmeiras,Derrota,0,3,Visitante,Raphael Claus,26.8,4.8,179.5,5.7,29.1,2.9,180.4,6.1,Nubank Parque,29481
São Paulo,2019,30,02/11/2019,21:00,Sábado,11,Chapecoense,Vitória,3,0,Visitante,Anderson Daronco,27.2,4.6,180.7,5.5,29.8,4.0,178.2,5.3,Arena Condá,14206
São Paulo,2019,31,07/11/2019,19:30,Quinta,11,Fluminense,Derrota,0,2,Mandante,Daniel Nobre Bins,27.7,4.3,180.5,5.9,25.6,4.1,182.2,5.6,MorumBIS,17650
São Paulo,2019,32,10/11/2019,16:00,Domingo,11,Athletico,Derrota,0,1,Mandante,Wagner do Nascimento Magalhaes,27.6,4.5,181.1,5.7,27.9,3.1,178.6,6.1,MorumBIS,13795
São Paulo,2019,33,16/11/2019,17:00,Sábado,11,Santos,Empate,1,1,Visitante,Flavio Rodrigues De Souza,29.0,4.2,181.8,4.9,28.2,3.9,180.5,8.4,Estádio Urbano Caldeira,14062
São Paulo,2019,34,24/11/2019,19:00,Domingo,11,Ceará,Empate,1,1,Visitante,Rafael Traci,27.4,5.1,179.7,5.6,30.9,2.5,179.1,7.8,Estádio Governador Plácido Castelo,29001
São Paulo,2019,35,28/11/2019,20:30,Quinta,11,Vasco da Gama,Vitória,1,0,Mandante,Savio Pereira Sampaio,28.0,4.8,180.6,5.5,28.2,4.4,182.1,6.6,MorumBIS,11970
São Paulo,2019,36,01/12/2019,19:00,Domingo,12,Grêmio,Derrota,0,3,Visitante,Marcelo de Lima Henrique,27.4,5.3,180.5,5.7,30.3,5.2,179.8,5.3,Arena do Grêmio,22039
São Paulo,2019,37,04/12/2019,21:30,Quarta,12,Internacional,Vitória,2,1,Mandante,Braulio Da Silva Machado,28.0,4.8,180.6,5.5,28.6,4.9,179.3,6.8,MorumBIS,30822
São Paulo,2019,38,08/12/2019,16:00,Domingo,12,CSA,Vitória,2,1,Visitante,Alisson Sidnei Furtado,21.0,1.5,179.6,6.8,27.4,4.0,180.0,8.8,Estádio Rei Pelé,7810
São Paulo,2020,2,13/08/2020,19:15,Quinta,08,Fortaleza,Vitória,1,0,Mandante,Leandro Pedro Vuaden,28.5,4.9,179.8,5.8,28.9,4.3,178.7,7.1,MorumBIS,0
São Paulo,2020,3,16/08/2020,16:00,Domingo,08,Vasco da Gama,Derrota,1,2,Visitante,Wilton Pereira Sampaio,28.5,4.9,179.8,5.8,26.4,5.7,179.1,5.8,Estádio São Januário,0
São Paulo,2020,4,20/08/2020,20:00,Quinta,08,Bahia,Empate,1,1,Mandante,Rodrigo Carvalhaes de Miranda,27.8,4.2,180.3,5.6,28.1,3.1,178.5,7.0,MorumBIS,0
São Paulo,2020,5,23/08/2020,19:00,Domingo,08,Sport Recife,Vitória,1,0,Visitante,Rodrigo D'alonso Ferreira,27.0,4.5,180.1,5.1,27.9,3.9,179.4,9.8,Ilha do Retiro,0
São Paulo,2020,11,26/08/2020,19:00,Quarta,08,Athletico,Vitória,1,0,Mandante,Marcelo de Lima Henrique,27.0,4.5,180.1,5.1,24.5,3.8,180.6,6.3,MorumBIS,0
São Paulo,2020,6,30/08/2020,11:00,Domingo,08,Corinthians,Vitória,2,1,Mandante,Flavio Rodrigues De Souza,25.8,4.2,179.5,5.3,28.4,4.2,180.7,8.6,MorumBIS,0
São Paulo,2020,7,03/09/2020,20:00,Quinta,09,Atlético Mineiro,Derrota,0,3,Visitante,Jean Pierre Goncalves Lima,25.8,4.2,179.5,5.3,27.3,3.6,178.6,6.7,Arena Independência,0
São Paulo,2020,8,06/09/2020,16:00,Domingo,09,Fluminense,Vitória,3,1,Mandante,Paulo Roberto Alves Junior,26.3,4.3,179.5,5.0,26.4,5.7,179.5,6.8,MorumBIS,0
São Paulo,2020,9,09/09/2020,19:15,Quarta,09,Red Bull Bragantino,Empate,1,1,Mandante,Savio Pereira Sampaio,26.1,4.6,180.8,3.8,26.0,4.3,180.2,6.5,MorumBIS,0
São Paulo,2020,10,12/09/2020,19:00,Sábado,09,Santos,Empate,2,2,Visitante,Luiz Flávio de Oliveira,26.3,4.3,180.5,4.3,25.7,4.4,179.2,8.5,Estádio Urbano Caldeira,0
São Paulo,2020,12,26/09/2020,19:00,Sábado,09,Internacional,Empate,1,1,Visitante,Marcelo de Lima Henrique,26.7,4.8,180.0,5.1,28.0,4.6,180.6,5.6,Estádio Beira-Rio,0
São Paulo,2020,13,04/10/2020,16:00,Domingo,10,Coritiba,Empate,1,1,Visitante,Wagner do Nascimento Magalhaes,27.8,5.3,180.6,4.6,27.2,4.3,182.3,4.0,Estádio Major Antônio Couto Pereira,0
São Paulo,2020,14,07/10/2020,20:30,Quarta,10,Atlético Goianiense,Vitória,3,0,Mandante,Dyorgines Jose Padovani de Andrade,26.9,5.9,179.9,4.9,26.0,2.8,180.5,8.0,MorumBIS,0
São Paulo,2020,15,10/10/2020,19:00,Sábado,10,Palmeiras,Vitória,2,0,Visitante,Leandro Pedro Vuaden,26.5,5.1,178.8,5.3,28.7,6.2,177.7,5.1,Nubank Parque,0
São Paulo,2020,17,17/10/2020,21:00,Sábado,10,Grêmio,Empate,0,0,Mandante,Rafael Traci,26.3,5.2,179.3,5.0,28.8,5.2,181.0,6.3,MorumBIS,0
São Paulo,2020,19,01/11/2020,16:00,Domingo,11,Flamengo,Vitória,4,1,Visitante,Caio Max Augusto Vieira,26.4,5.2,179.3,5.0,26.5,5.1,183.9,7.5,Estádio do Maracanã,0
São Paulo,2020,20,07/11/2020,19:00,Sábado,11,Goiás,Vitória,2,1,Mandante,Gilberto Rodrigues Castro Junior,26.1,4.9,180.7,4.2,27.6,4.8,182.8,6.3,MorumBIS,0
São Paulo,2020,21,14/11/2020,19:00,Sábado,11,Fortaleza,Vitória,3,2,Visitante,Marcelo de Lima Henrique,25.8,5.0,180.1,5.4,29.6,3.8,178.5,7.1,Estádio Governador Plácido Castelo,0
São Paulo,2020,22,22/11/2020,16:00,Domingo,11,Vasco da Gama,Empate,1,1,Mandante,Braulio Da Silva Machado,27.4,5.7,179.6,4.7,25.5,4.1,178.3,6.5,MorumBIS,0
São Paulo,2020,16,25/11/2020,19:15,Quarta,11,Ceará,Empate,1,1,Visitante,Wagner do Nascimento Magalhaes,27.4,5.6,180.5,4.8,28.2,3.8,181.5,8.0,Estádio Governador Plácido Castelo,0
São Paulo,2020,23,28/11/2020,19:00,Sábado,11,Bahia,Vitória,3,1,Visitante,Leandro Pedro Vuaden,27.4,5.7,179.9,5.1,27.4,4.8,179.1,6.5,Arena Fonte Nova,0
São Paulo,2020,1,03/12/2020,19:00,Quinta,12,Goiás,Vitória,3,0,Visitante,Caio Max Augusto Vieira,27.9,5.6,180.0,5.1,26.1,4.8,180.3,10.4,Serra Dourada,0
São Paulo,2020,24,06/12/2020,16:00,Domingo,12,Sport Recife,Vitória,1,0,Mandante,Felipe Fernandes de Lima,27.9,5.6,180.0,5.1,27.9,2.8,183.0,6.6,MorumBIS,0
São Paulo,2020,18,09/12/2020,21:30,Quarta,12,Botafogo,Vitória,4,0,Mandante,Ricardo Marques Ribeiro,27.0,4.7,180.3,4.7,27.1,5.0,180.3,7.0,MorumBIS,0
São Paulo,2020,25,13/12/2020,18:15,Domingo,12,Corinthians,Derrota,0,1,Visitante,Raphael Claus,27.9,5.6,180.0,5.1,29.0,4.0,177.5,9.5,Neo Química Arena,0
São Paulo,2020,26,16/12/2020,21:30,Quarta,12,Atlético Mineiro,Vitória,3,0,Mandante,Wilton Pereira Sampaio,28.0,5.6,179.5,5.3,26.0,3.5,178.3,7.5,MorumBIS,0
São Paulo,2020,27,26/12/2020,21:00,Sábado,12,Fluminense,Vitória,2,1,Visitante,Anderson Daronco,26.8,5.1,179.4,5.5,26.7,5.5,181.8,7.0,Estádio do Maracanã,0
São Paulo,2020,28,06/01/2021,21:30,Quarta,01,Red Bull Bragantino,Derrota,2,4,Visitante,Luiz Flávio de Oliveira,26.6,5.1,179.5,5.1,27.1,4.5,179.9,7.1,Estádio Nabi Abi Chedid,0
São Paulo,2020,29,10/01/2021,16:00,Domingo,01,Santos,Derrota,0,1,Mandante,Braulio Da Silva Machado,27.6,5.7,180.3,5.3,24.1,3.1,182.6,7.1,MorumBIS,0
São Paulo,2020,30,17/01/2021,16:00,Domingo,01,Athletico,Empate,1,1,Visitante,Wilton Pereira Sampaio,28.1,5.6,179.5,5.3,27.0,4.4,180.0,6.8,Arena da Baixada,0
São Paulo,2020,31,20/01/2021,21:30,Quarta,01,Internacional,Derrota,1,5,Mandante,Marcelo de Lima Henrique,28.2,5.4,179.0,4.8,26.2,5.1,182.1,5.6,MorumBIS,0
São Paulo,2020,32,23/01/2021,19:00,Sábado,01,Coritiba,Empate,1,1,Mandante,Rodrigo D'alonso Ferreira,28.6,5.2,179.7,5.3,26.7,6.0,178.5,5.5,MorumBIS,0
São Paulo,2020,33,31/01/2021,16:00,Domingo,01,Atlético Goianiense,Derrota,1,2,Visitante,Braulio Da Silva Machado,28.0,5.6,180.0,5.1,25.5,2.3,178.3,8.4,Serra Dourada,0
São Paulo,2020,35,10/02/2021,21:00,Quarta,02,Ceará,Empate,1,1,Mandante,Savio Pereira Sampaio,29.4,4.7,180.5,5.3,28.0,3.5,180.5,8.4,MorumBIS,0
São Paulo,2020,36,14/02/2021,20:30,Domingo,02,Grêmio,Vitória,2,1,Visitante,Paulo Roberto Alves Junior,28.4,4.1,180.8,7.0,29.4,5.3,182.0,6.2,Arena do Grêmio,0
São Paulo,2020,34,19/02/2021,21:30,Sexta,02,Palmeiras,Empate,1,1,Mandante,Leandro Pedro Vuaden,29.1,4.8,181.4,6.5,29.0,4.8,179.8,6.2,MorumBIS,0
São Paulo,2020,37,22/02/2021,20:00,Segunda,02,Botafogo,Derrota,0,1,Visitante,Braulio Da Silva Machado,27.3,4.6,180.4,4.7,22.1,2.2,178.1,6.6,Estadio Nilton Santos,0
São Paulo,2020,38,25/02/2021,21:30,Quinta,02,Flamengo,Vitória,2,1,Mandante,Rodolpho Toski Marques,27.2,4.9,179.4,6.5,29.0,4.5,182.0,8.2,MorumBIS,0
São Paulo,2021,1,29/05/2021,21:00,Sábado,05,Fluminense,Empate,0,0,Mandante,Rodolpho Toski Marques,27.0,4.7,180.5,5.2,27.7,5.9,179.2,7.1,MorumBIS,0
São Paulo,2021,2,05/06/2021,19:00,Sábado,06,Atlético Goianiense,Derrota,0,2,Visitante,Diego Pombo Lopez,27.8,4.7,179.8,5.2,27.4,3.8,178.1,8.8,Estádio Antônio Accioly,0
São Paulo,2021,3,13/06/2021,16:00,Domingo,06,Atlético Mineiro,Derrota,0,1,Visitante,Anderson Daronco,27.8,4.5,181.2,4.5,28.9,4.3,180.4,7.5,Governador Magalhães Pinto,0
São Paulo,2021,4,16/06/2021,19:00,Quarta,06,Chapecoense,Empate,1,1,Mandante,Dyorgines Jose Padovani de Andrade,27.8,4.3,178.5,4.8,26.5,4.7,182.4,5.7,MorumBIS,0
São Paulo,2021,5,20/06/2021,18:15,Domingo,06,Santos,Derrota,0,2,Visitante,Savio Pereira Sampaio,26.8,4.5,179.2,5.1,26.7,4.7,178.9,8.8,Estádio Urbano Caldeira,0
São Paulo,2021,6,23/06/2021,19:00,Quarta,06,Cuiabá,Empate,2,2,Mandante,Ricardo Marques Ribeiro,26.3,4.2,179.5,5.2,29.2,4.1,180.6,5.9,MorumBIS,0
São Paulo,2021,7,27/06/2021,20:30,Domingo,06,Ceará,Empate,1,1,Visitante,Felipe Fernandes de Lima,27.4,5.8,179.1,5.6,27.4,2.9,181.3,6.3,Estádio Governador Plácido Castelo,0
São Paulo,2021,8,30/06/2021,21:30,Quarta,06,Corinthians,Empate,0,0,Visitante,Leandro Pedro Vuaden,29.5,5.3,178.6,5.7,29.0,5.1,180.1,8.9,Neo Química Arena,0
São Paulo,2021,9,04/07/2021,18:15,Domingo,07,Red Bull Bragantino,Derrota,1,2,Mandante,Anderson Daronco,29.9,5.0,179.3,5.5,26.1,4.8,181.5,7.2,MorumBIS,0
São Paulo,2021,10,07/07/2021,21:30,Quarta,07,Internacional,Vitória,2,0,Visitante,Bruno Arleu de Araujo,27.5,5.6,179.4,6.1,22.6,3.2,182.3,5.3,Estádio Beira-Rio,0
São Paulo,2021,11,10/07/2021,19:00,Sábado,07,Bahia,Vitória,1,0,Mandante,Marcelo de Lima Henrique,25.8,3.9,181.0,5.0,28.4,4.7,180.5,7.0,MorumBIS,0
São Paulo,2021,12,17/07/2021,17:00,Sábado,07,Fortaleza,Derrota,0,1,Mandante,Savio Pereira Sampaio,26.9,4.3,179.6,6.4,27.9,4.0,179.8,5.8,MorumBIS,0
São Paulo,2021,13,25/07/2021,16:00,Domingo,07,Flamengo,Derrota,1,5,Visitante,Felipe Fernandes de Lima,25.8,5.3,179.5,6.2,30.0,4.7,180.0,6.9,Estádio do Maracanã,0
São Paulo,2021,14,31/07/2021,19:00,Sábado,07,Palmeiras,Empate,0,0,Mandante,Luiz Flávio de Oliveira,25.9,5.2,179.4,4.9,27.9,5.5,180.2,4.8,MorumBIS,0
São Paulo,2021,15,07/08/2021,18:00,Sábado,08,Athletico,Vitória,2,1,Visitante,Jean Pierre Goncalves Lima,26.2,5.1,178.8,6.2,27.2,3.7,180.1,6.7,Arena da Baixada,0
São Paulo,2021,16,14/08/2021,21:00,Sábado,08,Grêmio,Vitória,2,1,Mandante,Braulio Da Silva Machado,26.2,5.3,179.7,6.0,27.8,5.1,181.5,6.3,MorumBIS,0
São Paulo,2021,17,22/08/2021,20:30,Domingo,08,Sport Recife,Vitória,1,0,Visitante,Paulo Roberto Alves Junior,29.4,5.0,180.3,5.8,27.5,4.1,180.7,7.5,Ilha do Retiro,0
São Paulo,2021,18,29/08/2021,16:00,Domingo,08,Juventude,Empate,1,1,Visitante,Antonio Dib Moraes de Sousa,27.9,4.4,179.5,5.4,28.4,5.2,182.1,4.8,Estádio Alfredo Jaconi,0
São Paulo,2021,20,12/09/2021,20:30,Domingo,09,Fluminense,Derrota,1,2,Visitante,Jefferson Ferreira de Moraes,27.4,4.8,180.7,5.6,25.6,5.2,181.0,5.9,Estádio do Maracanã,0
São Paulo,2021,21,19/09/2021,16:00,Domingo,09,Atlético Goianiense,Vitória,2,1,Mandante,Caio Max Augusto Vieira,26.3,3.6,179.2,5.2,27.9,3.8,179.5,6.5,MorumBIS,0
São Paulo,2021,19,22/09/2021,20:30,Quarta,09,América Mineiro,Empate,0,0,Mandante,Braulio Da Silva Machado,27.0,5.1,180.1,6.1,30.5,3.8,180.5,7.4,MorumBIS,0
São Paulo,2021,22,25/09/2021,21:00,Sábado,09,Atlético Mineiro,Empate,0,0,Mandante,Wilton Pereira Sampaio,26.3,4.9,178.8,6.7,28.1,4.7,179.6,7.3,MorumBIS,0
São Paulo,2021,23,03/10/2021,16:00,Domingo,10,Chapecoense,Empate,1,1,Visitante,Marielson Alves Silva,27.5,5.3,179.4,6.4,27.0,4.4,181.7,6.1,Arena Condá,0
São Paulo,2021,24,07/10/2021,18:30,Quinta,10,Santos,Empate,1,1,Mandante,Raphael Claus,25.8,5.2,179.5,5.5,27.1,4.7,178.8,6.2,MorumBIS,5529
São Paulo,2021,25,11/10/2021,20:00,Segunda,10,Cuiabá,Empate,0,0,Visitante,Anderson Daronco,26.2,4.8,179.7,5.4,28.0,4.8,181.1,6.5,Estádio Eurico Gaspar Dutra,13007
São Paulo,2021,26,14/10/2021,19:00,Quinta,10,Ceará,Empate,1,1,Mandante,Paulo Cesar Zanovelli da Silva,27.6,4.2,180.5,4.4,27.9,4.0,181.8,7.8,MorumBIS,9271
São Paulo,2021,27,18/10/2021,20:00,Segunda,10,Corinthians,Vitória,1,0,Mandante,Leandro Pedro Vuaden,27.0,3.1,180.6,4.5,28.1,5.8,181.0,7.7,MorumBIS,23874
São Paulo,2021,28,24/10/2021,18:15,Domingo,10,Red Bull Bragantino,Derrota,0,1,Visitante,Felipe Fernandes de Lima,27.6,4.7,181.4,4.7,22.7,1.8,180.3,7.3,Estádio Nabi Abi Chedid,4345
São Paulo,2021,29,31/10/2021,18:15,Domingo,10,Internacional,Vitória,1,0,Mandante,Andre Luiz de Freitas Castro,28.0,4.3,181.7,4.0,26.3,5.7,179.8,5.5,MorumBIS,19867
São Paulo,2021,30,07/11/2021,18:15,Domingo,11,Bahia,Derrota,0,1,Visitante,Savio Pereira Sampaio,28.0,4.3,181.7,4.0,27.8,4.6,180.5,8.5,Arena Fonte Nova,18178
São Paulo,2021,31,10/11/2021,21:30,Quarta,11,Fortaleza,Empate,1,1,Visitante,Paulo Roberto Alves Junior,27.6,4.6,180.8,4.6,28.1,4.6,180.9,5.1,Estádio Governador Plácido Castelo,16261
São Paulo,2021,32,14/11/2021,16:00,Domingo,11,Flamengo,Derrota,0,4,Mandante,Leandro Pedro Vuaden,26.8,5.0,180.4,5.1,27.8,3.9,179.6,8.7,MorumBIS,47855
São Paulo,2021,33,17/11/2021,20:30,Quarta,11,Palmeiras,Vitória,2,0,Visitante,Marcelo de Lima Henrique,27.8,4.6,181.0,4.9,27.2,5.6,180.9,4.8,Nubank Parque,35572
São Paulo,2021,34,24/11/2021,21:30,Quarta,11,Athletico,Empate,0,0,Mandante,Leandro Pedro Vuaden,27.0,5.3,180.3,5.1,26.9,3.3,180.2,4.6,MorumBIS,43391
São Paulo,2021,36,27/11/2021,21:30,Sábado,11,Sport Recife,Vitória,2,0,Mandante,Heber Roberto Lopes,27.8,4.6,181.0,4.9,26.5,4.8,181.5,7.7,MorumBIS,35679
São Paulo,2021,35,02/12/2021,20:00,Quinta,12,Grêmio,Derrota,0,3,Visitante,Savio Pereira Sampaio,26.9,4.7,180.3,5.8,29.8,5.3,180.2,7.3,Arena do Grêmio,8517
São Paulo,2021,37,06/12/2021,19:00,Segunda,12,Juventude,Vitória,3,1,Mandante,Braulio Da Silva Machado,28.1,4.5,180.5,5.1,28.4,4.5,180.5,6.4,MorumBIS,40442
São Paulo,2021,38,09/12/2021,21:30,Quinta,12,América Mineiro,Derrota,0,2,Visitante,Caio Max Augusto Vieira,26.4,3.9,180.1,5.0,31.5,3.7,179.4,7.6,Arena Independência,9484
São Paulo,2022,1,10/04/2022,19:00,Domingo,04,Athletico,Vitória,4,0,Mandante,Wagner do Nascimento Magalhaes,27.4,5.2,178.5,5.1,24.3,3.0,181.3,5.0,MorumBIS,20606
São Paulo,2022,2,17/04/2022,16:00,Domingo,04,Flamengo,Derrota,1,3,Visitante,Anderson Daronco,26.7,5.3,178.5,5.1,28.0,5.3,180.5,7.2,Estádio do Maracanã,54686
São Paulo,2022,3,23/04/2022,16:30,Sábado,04,Red Bull Bragantino,Empate,1,1,Visitante,Bruno Arleu de Araujo,27.4,4.3,181.1,6.2,23.2,3.5,181.1,6.1,Estádio Nabi Abi Chedid,8040
São Paulo,2022,4,02/05/2022,20:00,Segunda,05,Santos,Vitória,2,1,Mandante,Leandro Pedro Vuaden,27.5,5.2,180.4,6.7,25.9,4.2,180.5,6.4,MorumBIS,36746
São Paulo,2022,5,08/05/2022,19:00,Domingo,05,Fortaleza,Empate,1,1,Visitante,Ramon Abatti Abel,26.3,4.6,180.3,6.8,28.3,3.8,179.3,5.4,Estádio Governador Plácido Castelo,25518
São Paulo,2022,6,15/05/2022,16:00,Domingo,05,Cuiabá,Vitória,2,1,Mandante,Alexandre Vargas Tavares de Jesus,27.6,4.5,179.1,5.3,29.9,4.2,180.5,6.5,MorumBIS,27511
São Paulo,2022,7,22/05/2022,16:00,Domingo,05,Corinthians,Empate,1,1,Visitante,Wilton Pereira Sampaio,27.1,3.3,180.3,4.7,29.5,6.1,182.8,7.5,Neo Química Arena,44672
São Paulo,2022,8,28/05/2022,19:00,Sábado,05,Ceará,Empate,2,2,Mandante,Bruno Arleu de Araujo,27.6,4.5,180.7,4.4,28.7,3.8,183.2,7.7,MorumBIS,32977
São Paulo,2022,9,04/06/2022,19:00,Sábado,06,Avaí,Empate,1,1,Visitante,Anderson Daronco,27.9,4.3,179.2,5.2,28.6,5.2,179.6,6.9,Estádio da Ressacada,N.A
São Paulo,2022,10,09/06/2022,20:00,Quinta,06,Coritiba,Empate,1,1,Visitante,Wagner do Nascimento Magalhaes,28.3,5.3,180.0,4.8,26.6,5.2,181.8,7.1,Estádio Major Antônio Couto Pereira,N.A
São Paulo,2022,11,12/06/2022,16:00,Domingo,06,América Mineiro,Vitória,1,0,Mandante,Savio Pereira Sampaio,27.2,4.8,178.5,5.1,31.6,4.3,179.7,6.5,MorumBIS,26847
São Paulo,2022,12,16/06/2022,16:00,Quinta,06,Botafogo,Derrota,0,1,Visitante,Wilton Pereira Sampaio,27.3,4.5,179.6,5.5,27.1,5.1,182.1,6.0,Estádio Nilton Santos,18677
São Paulo,2022,13,20/06/2022,20:00,Segunda,06,Palmeiras,Derrota,1,2,Mandante,Anderson Daronco,26.9,3.4,179.5,5.2,26.4,4.3,179.2,7.4,MorumBIS,31055
São Paulo,2022,14,26/06/2022,18:00,Domingo,06,Juventude,Empate,0,0,Mandante,Andre Luiz de Freitas Castro,29.0,5.7,179.4,4.9,28.8,3.2,177.6,7.4,MorumBIS,20466
São Paulo,2022,15,03/07/2022,16:00,Domingo,07,Atlético Goianiense,Vitória,2,1,Visitante,Wagner do Nascimento Magalhaes,26.9,4.6,179.6,5.2,27.1,2.8,181.4,5.6,Estádio Antônio Accioly,12089
São Paulo,2022,16,10/07/2022,18:00,Domingo,07,Atlético Mineiro,Empate,0,0,Visitante,Anderson Daronco,27.7,6.1,179.5,5.0,28.4,4.3,179.3,7.2,Governador Magalhães Pinto,52356
São Paulo,2022,17,17/07/2022,16:00,Domingo,07,Fluminense,Empate,2,2,Mandante,Wilton Pereira Sampaio,26.7,5.8,179.7,3.9,28.6,6.8,178.5,6.2,MorumBIS,47141
São Paulo,2022,18,20/07/2022,20:30,Quarta,07,Internacional,Empate,3,3,Visitante,Marcelo de Lima Henrique,25.2,5.1,177.6,6.3,28.9,4.7,179.3,5.5,Estádio Beira-Rio,32804
São Paulo,2022,19,23/07/2022,19:00,Sábado,07,Goiás,Empate,3,3,Mandante,Caio Max Augusto Vieira,25.3,5.0,179.4,5.6,26.9,2.2,178.6,7.2,MorumBIS,39283
São Paulo,2022,20,31/07/2022,16:00,Domingo,07,Athletico,Derrota,0,1,Visitante,Marcelo de Lima Henrique,26.1,7.2,179.2,5.7,25.3,5.5,180.1,5.1,Arena da Baixada,26492
São Paulo,2022,21,06/08/2022,20:30,Sábado,08,Flamengo,Derrota,0,2,Mandante,Ramon Abatti Abel,29.3,5.5,178.8,5.0,27.9,6.0,180.0,7.2,MorumBIS,45217
São Paulo,2022,22,14/08/2022,16:00,Domingo,08,Red Bull Bragantino,Vitória,3,0,Mandante,Paulo Cesar Zanovelli da Silva,28.6,4.7,179.5,5.2,25.2,3.4,181.2,6.8,MorumBIS,31358
São Paulo,2022,23,21/08/2022,19:00,Domingo,08,Santos,Derrota,0,1,Visitante,Wilton Pereira Sampaio,28.6,5.0,178.0,6.5,26.5,4.0,179.8,8.3,Estádio Urbano Caldeira,12598
São Paulo,2022,24,28/08/2022,16:00,Domingo,08,Fortaleza,Derrota,0,1,Mandante,Paulo Cesar Zanovelli da Silva,25.0,3.2,179.1,5.6,30.0,4.0,179.5,5.2,MorumBIS,30210
São Paulo,2022,25,04/09/2022,19:00,Domingo,09,Cuiabá,Empate,1,1,Visitante,Wagner do Nascimento Magalhaes,26.9,5.0,177.5,6.5,28.4,3.4,182.5,4.3,Arena Pantanal,33050
São Paulo,2022,26,11/09/2022,16:00,Domingo,09,Corinthians,Empate,1,1,Mandante,Marcelo de Lima Henrique,27.7,6.7,182.3,6.1,26.9,5.2,181.2,7.9,MorumBIS,46444
São Paulo,2022,27,18/09/2022,16:00,Domingo,09,Ceará,Vitória,2,0,Visitante,Maguielson Lima Barbosa,27.6,5.1,178.2,5.2,31.4,3.2,181.8,8.3,Estádio Governador Plácido Castelo,43000
São Paulo,2022,28,25/09/2022,20:00,Domingo,09,Avaí,Vitória,4,0,Mandante,Bruno Arleu de Araujo,28.6,4.9,178.9,4.5,29.3,5.5,180.7,7.2,MorumBIS,36510
São Paulo,2022,30,06/10/2022,20:00,Quinta,10,América Mineiro,Vitória,2,1,Visitante,Ramon Abatti Abel,29.7,5.4,179.0,4.8,31.5,3.1,181.5,7.2,Arena Independência,3916
São Paulo,2022,31,09/10/2022,16:00,Domingo,10,Botafogo,Derrota,0,1,Mandante,Jean Pierre Goncalves Lima,29.0,5.7,178.4,5.4,30.5,3.4,181.8,6.0,MorumBIS,23918
São Paulo,2022,32,16/10/2022,16:00,Domingo,10,Palmeiras,Empate,0,0,Visitante,Flavio Rodrigues De Souza,27.9,5.6,180.8,5.2,28.6,3.8,179.2,6.2,Nubank Parque,40795
São Paulo,2022,29,20/10/2022,20:00,Quinta,10,Coritiba,Vitória,3,1,Mandante,Braulio Da Silva Machado,27.4,5.9,179.3,4.8,26.9,3.9,180.3,8.4,MorumBIS,N.A
São Paulo,2022,33,23/10/2022,16:00,Domingo,10,Juventude,Vitória,2,1,Visitante,Paulo Roberto Alves Junior,27.0,6.0,178.8,4.8,27.1,3.9,178.5,6.7,Estádio Alfredo Jaconi,N.A
São Paulo,2022,34,27/10/2022,19:00,Quinta,10,Atlético Goianiense,Vitória,2,1,Mandante,Bruno Arleu de Araujo,27.8,5.7,180.6,6.2,27.5,3.7,180.6,5.2,MorumBIS,N.A
São Paulo,2022,35,01/11/2022,21:30,Terça,11,Atlético Mineiro,Empate,2,2,Mandante,Braulio Da Silva Machado,28.1,5.2,178.9,5.5,29.0,3.1,177.6,6.6,MorumBIS,N.A
São Paulo,2022,36,05/11/2022,16:30,Sábado,11,Fluminense,Derrota,1,3,Visitante,Anderson Daronco,28.2,5.1,179.6,5.3,29.6,6.0,178.0,6.7,Estádio do Maracanã,N.A
São Paulo,2022,37,08/11/2022,21:30,Terça,11,Internacional,Derrota,0,1,Mandante,Wagner do Nascimento Magalhaes,26.5,4.5,181.0,5.0,27.5,4.5,180.2,7.1,MorumBIS,19692
São Paulo,2022,38,13/11/2022,16:00,Domingo,11,Goiás,Vitória,4,0,Visitante,Marcelo de Lima Henrique,26.6,5.1,179.5,5.5,28.7,3.2,179.4,4.5,Estádio da Serrinha,N.A
São Paulo,2023,1,15/04/2023,18:30,Sábado,04,Botafogo,Derrota,1,2,Visitante,Ramon Abatti Abel,29.1,4.1,179.9,6.1,29.9,3.0,182.6,6.9,Estádio Nilton Santos,11708
São Paulo,2023,2,22/04/2023,18:30,Sábado,04,América Mineiro,Vitória,3,0,Mandante,Wagner do Nascimento Magalhaes,26.2,4.7,180.8,5.4,31.1,4.0,178.3,9.0,MorumBIS,41006
São Paulo,2023,3,29/04/2023,16:30,Sábado,04,Coritiba,Empate,1,1,Visitante,Rafael Rodrigo Klein,26.3,4.4,179.7,6.0,27.0,4.5,180.7,7.5,Estádio Major Antônio Couto Pereira,25210
São Paulo,2023,4,07/05/2023,16:00,Domingo,05,Internacional,Vitória,2,0,Mandante,Braulio Da Silva Machado,27.2,5.5,180.5,6.7,29.0,4.8,180.2,5.7,MorumBIS,46093
São Paulo,2023,5,11/05/2023,20:00,Quinta,05,Fortaleza,Empate,0,0,Visitante,Paulo Cesar Zanovelli da Silva,26.4,4.3,180.3,5.6,30.0,3.1,178.5,5.3,Estádio Governador Plácido Castelo,37775
São Paulo,2023,6,14/05/2023,16:00,Domingo,05,Corinthians,Empate,1,1,Visitante,Bruno Arleu de Araujo,28.3,5.1,180.2,6.5,27.2,6.1,179.9,7.7,Neo Química Arena,41118
São Paulo,2023,7,20/05/2023,18:30,Sábado,05,Vasco da Gama,Vitória,4,2,Mandante,Leandro Pedro Vuaden,26.8,5.2,180.4,6.6,24.5,3.1,181.5,4.9,MorumBIS,57399
São Paulo,2023,8,27/05/2023,21:00,Sábado,05,Goiás,Vitória,2,1,Mandante,Rafael Rodrigo Klein,27.4,5.2,180.7,6.2,28.5,3.2,179.8,5.7,MorumBIS,45429
São Paulo,2023,9,04/06/2023,16:00,Domingo,06,Grêmio,Derrota,1,2,Visitante,Wilton Pereira Sampaio,27.7,4.2,181.3,5.6,29.6,4.3,180.6,5.4,Arena do Grêmio,42207
São Paulo,2023,10,11/06/2023,16:00,Domingo,06,Palmeiras,Derrota,0,2,Mandante,Raphael Claus,28.3,5.1,180.4,6.3,28.0,4.0,177.4,7.6,MorumBIS,56871
São Paulo,2023,11,21/06/2023,19:00,Quarta,06,Athletico,Vitória,2,1,Mandante,Savio Pereira Sampaio,27.6,5.1,179.1,6.7,26.2,4.4,181.5,4.8,MorumBIS,22882
São Paulo,2023,12,24/06/2023,21:00,Sábado,06,Cruzeiro,Derrota,0,1,Visitante,Ramon Abatti Abel,28.1,5.3,179.5,6.6,27.8,2.9,179.5,4.7,Governador Magalhães Pinto,17478
São Paulo,2023,13,01/07/2023,16:00,Sábado,07,Fluminense,Vitória,1,0,Mandante,Anderson Daronco,26.5,5.9,179.9,6.2,31.8,6.7,176.3,6.2,MorumBIS,49153
São Paulo,2023,14,09/07/2023,16:00,Domingo,07,Red Bull Bragantino,Empate,0,0,Visitante,Raphael Claus,24.6,3.6,180.5,4.3,25.0,2.8,181.2,7.5,Estádio Nabi Abi Chedid,9411
São Paulo,2023,15,16/07/2023,16:00,Domingo,07,Santos,Vitória,4,1,Mandante,Braulio Da Silva Machado,28.6,4.8,179.1,6.4,27.0,3.9,179.5,7.1,MorumBIS,58127
São Paulo,2023,16,22/07/2023,18:30,Sábado,07,Cuiabá,Derrota,1,2,Visitante,Bruno Mota Correia,26.2,4.4,181.2,6.1,28.2,4.4,181.6,6.3,Arena Pantanal,34072
São Paulo,2023,17,30/07/2023,11:00,Domingo,07,Bahia,Empate,0,0,Mandante,Ramon Abatti Abel,27.9,5.4,179.8,6.4,27.0,3.0,181.9,6.0,MorumBIS,56078
São Paulo,2023,18,06/08/2023,16:00,Domingo,08,Atlético Mineiro,Derrota,0,2,Mandante,Rodrigo Jose Pereira de Lima,26.7,5.5,180.5,5.5,29.0,3.7,179.9,7.3,MorumBIS,53460
São Paulo,2023,19,13/08/2023,18:30,Domingo,08,Flamengo,Empate,1,1,Visitante,Rafael Rodrigo Klein,26.7,4.1,177.8,5.3,25.8,3.8,182.0,6.8,Estádio do Maracanã,62018
São Paulo,2023,20,19/08/2023,16:00,Sábado,08,Botafogo,Empate,0,0,Mandante,Ramon Abatti Abel,26.2,4.2,179.4,5.3,29.0,4.2,182.7,6.4,MorumBIS,51946
São Paulo,2023,21,27/08/2023,16:00,Domingo,08,América Mineiro,Derrota,1,2,Visitante,Rodrigo Jose Pereira de Lima,25.4,5.0,179.5,5.7,30.8,4.8,181.9,8.1,Arena Independência,5105
São Paulo,2023,23,13/09/2023,21:30,Quarta,09,Internacional,Derrota,1,2,Visitante,Paulo Cesar Zanovelli da Silva,28.7,5.2,179.6,6.4,29.4,4.6,176.8,6.4,Estádio Beira-Rio,20763
São Paulo,2023,24,20/09/2023,21:30,Quarta,09,Fortaleza,Derrota,1,2,Mandante,Yuri Elino Ferreira Da Cruz,26.1,3.6,178.5,5.2,30.7,3.1,178.3,5.2,MorumBIS,24777
São Paulo,2023,22,27/09/2023,19:00,Quarta,09,Coritiba,Vitória,2,1,Mandante,Savio Pereira Sampaio,26.1,3.6,178.5,5.2,31.8,3.0,181.6,6.2,MorumBIS,31720
São Paulo,2023,25,30/09/2023,18:30,Sábado,09,Corinthians,Vitória,2,1,Mandante,Flavio Rodrigues De Souza,28.1,5.4,179.0,6.5,28.3,5.2,180.5,8.0,MorumBIS,56735
São Paulo,2023,26,07/10/2023,18:30,Sábado,10,Vasco da Gama,Empate,0,0,Visitante,Braulio Da Silva Machado,27.4,4.4,179.5,6.0,26.5,4.8,182.2,5.7,Estádio São Januário,20690
São Paulo,2023,27,18/10/2023,21:30,Quarta,10,Goiás,Derrota,0,2,Visitante,Rodrigo Jose Pereira de Lima,28.2,5.4,179.0,6.5,29.1,2.7,181.2,6.1,Estádio da Serrinha,12685
São Paulo,2023,28,21/10/2023,18:30,Sábado,10,Grêmio,Vitória,3,0,Mandante,Andre Luiz Skettino Policarpo Bento,28.2,5.4,178.6,6.4,27.5,5.4,181.3,5.6,MorumBIS,47132
São Paulo,2023,29,25/10/2023,20:00,Quarta,10,Palmeiras,Derrota,0,5,Visitante,Raphael Claus,28.8,4.9,179.3,6.4,27.9,4.6,181.5,5.3,Nubank Parque,32618
São Paulo,2023,30,29/10/2023,16:00,Domingo,10,Athletico,Empate,1,1,Visitante,Rafael Rodrigo Klein,26.5,4.3,179.1,6.1,26.2,3.9,181.5,4.6,Arena da Baixada,27604
São Paulo,2023,31,02/11/2023,20:00,Quinta,11,Cruzeiro,Vitória,1,0,Mandante,Wilton Pereira Sampaio,28.8,5.4,179.8,6.4,29.1,2.8,180.3,5.3,MorumBIS,50570
São Paulo,2023,33,08/11/2023,20:00,Quarta,11,Red Bull Bragantino,Vitória,1,0,Mandante,Flavio Rodrigues De Souza,28.2,5.7,178.7,6.7,26.4,3.6,180.0,5.2,MorumBIS,11948
São Paulo,2023,34,12/11/2023,18:30,Domingo,11,Santos,Empate,0,0,Visitante,Raphael Claus,28.5,5.5,180.0,6.3,26.3,4.1,178.9,8.4,Estádio Urbano Caldeira,13442
São Paulo,2023,32,22/11/2023,21:30,Quarta,11,Fluminense,Derrota,0,1,Visitante,Andre Luiz Skettino Policarpo Bento,27.1,5.5,178.5,6.6,32.0,6.4,179.4,6.0,Estádio do Maracanã,44694
São Paulo,2023,35,26/11/2023,18:30,Domingo,11,Cuiabá,Empate,0,0,Mandante,Paulo Cesar Zanovelli da Silva,28.6,4.1,181.0,5.4,28.2,4.7,182.0,6.1,MorumBIS,34252
São Paulo,2023,36,29/11/2023,20:00,Quarta,11,Bahia,Vitória,1,0,Visitante,Braulio Da Silva Machado,28.3,5.7,177.9,7.0,27.6,2.8,179.8,6.4,Arena Fonte Nova,46288
São Paulo,2023,37,02/12/2023,21:00,Sábado,12,Atlético Mineiro,Derrota,1,2,Visitante,Savio Pereira Sampaio,29.2,5.2,179.8,6.6,30.9,5.3,180.4,7.5,Arena MRV,53856
São Paulo,2023,38,06/12/2023,21:30,Quarta,12,Flamengo,Vitória,1,0,Mandante,Caio Max Augusto Vieira,26.6,5.0,180.2,6.5,28.5,1.9,182.3,7.8,MorumBIS,36618
São Paulo,2024,1,13/04/2024,21:00,Sábado,04,Fortaleza,Derrota,1,2,Mandante,Alex Gomes Stefano,28.3,3.7,181.4,5.6,31.2,3.5,178.5,6.0,MorumBIS,35055
São Paulo,2024,2,17/04/2024,21:30,Quarta,04,Flamengo,Derrota,1,2,Visitante,Anderson Daronco,28.2,3.9,180.5,6.5,28.7,2.0,181.5,8.9,Estádio do Maracanã,45166
São Paulo,2024,3,21/04/2024,18:30,Domingo,04,Atlético Goianiense,Vitória,3,0,Visitante,Braulio Da Silva Machado,28.3,3.8,180.4,6.1,26.2,2.6,182.2,7.9,Estádio Antônio Accioly,8024
São Paulo,2024,4,29/04/2024,20:00,Segunda,04,Palmeiras,Empate,0,0,Mandante,Wilton Pereira Sampaio,28.4,3.7,180.6,6.0,26.5,5.9,181.5,5.6,MorumBIS,55694
São Paulo,2024,5,05/05/2024,16:00,Domingo,05,Vitória,Vitória,3,1,Visitante,Ramon Abatti Abel,28.5,3.6,180.7,5.6,28.6,3.7,180.3,8.1,Estádio Manoel Barradas,25739
São Paulo,2024,6,13/05/2024,20:00,Segunda,05,Fluminense,Vitória,2,1,Mandante,Anderson Daronco,27.4,4.3,180.2,5.6,28.4,7.3,179.5,5.8,MorumBIS,39515
São Paulo,2024,7,02/06/2024,18:30,Domingo,06,Cruzeiro,Vitória,2,0,Mandante,Lucas Paulo Torezin,27.4,4.8,178.6,6.5,27.4,3.1,179.0,6.7,MorumBIS,44928
São Paulo,2024,8,13/06/2024,20:00,Quinta,06,Internacional,Empate,0,0,Visitante,Braulio Da Silva Machado,29.1,3.9,178.6,5.9,30.6,5.4,178.5,6.7,Estádio Heriberto Hülse,17987
São Paulo,2024,9,16/06/2024,16:00,Domingo,06,Corinthians,Empate,2,2,Visitante,Ramon Abatti Abel,29.5,4.0,179.0,6.2,24.9,3.5,181.1,9.3,Neo Química Arena,46129
São Paulo,2024,10,19/06/2024,20:00,Quarta,06,Cuiabá,Derrota,0,1,Mandante,Gustavo Ervino Bauermann,28.8,3.1,178.6,5.5,28.1,4.4,181.9,6.7,MorumBIS,33586
São Paulo,2024,11,22/06/2024,21:30,Sábado,06,Vasco da Gama,Derrota,1,4,Visitante,Caio Max Augusto Vieira,28.0,4.2,180.0,4.9,27.1,4.9,181.5,6.2,Estádio São Januário,4897
São Paulo,2024,12,27/06/2024,20:00,Quinta,06,Criciúma,Vitória,2,1,Mandante,Bruno Pereira Vasconcelos,30.0,3.5,179.1,6.0,31.5,3.9,180.3,5.8,MorumBIS,28008
São Paulo,2024,13,30/06/2024,16:00,Domingo,06,Bahia,Vitória,3,1,Mandante,Marcelo de Lima Henrique,30.1,3.5,179.1,6.0,28.4,3.5,180.8,5.5,MorumBIS,28008
São Paulo,2024,14,03/07/2024,21:30,Quarta,07,Athletico,Vitória,2,1,Visitante,Alex Gomes Stefano,30.1,3.5,178.3,6.3,27.4,5.6,183.5,6.5,Arena da Baixada,28632
São Paulo,2024,15,06/07/2024,20:00,Sábado,07,Red Bull Bragantino,Vitória,2,0,Mandante,Bruno Pereira Vasconcelos,30.2,3.5,178.7,6.3,26.3,3.0,180.1,5.9,MorumBIS,46321
São Paulo,2024,16,11/07/2024,21:30,Quinta,07,Atlético Mineiro,Derrota,1,2,Visitante,Marcelo de Lima Henrique,30.4,3.7,179.6,6.9,29.6,4.2,179.8,6.6,Arena MRV,28772
São Paulo,2024,17,17/07/2024,20:00,Quarta,07,Grêmio,Vitória,1,0,Mandante,Gustavo Ervino Bauermann,29.0,3.8,179.5,6.9,28.9,3.6,177.2,8.0,MorumBIS,53168
São Paulo,2024,18,21/07/2024,18:30,Domingo,07,Juventude,Empate,0,0,Visitante,Wilton Pereira Sampaio,30.3,5.3,181.1,5.9,29.4,3.9,180.7,7.1,Arena BRB Mané Garrincha,26476
São Paulo,2024,19,24/07/2024,19:30,Quarta,07,Botafogo,Empate,2,2,Mandante,Felipe Fernandes de Lima,29.4,4.3,180.3,6.6,29.6,4.1,182.2,8.0,MorumBIS,53244
São Paulo,2024,20,27/07/2024,21:30,Sábado,07,Fortaleza,Derrota,0,1,Visitante,Davi de Oliveira Lacerda,28.1,4.8,179.7,7.0,30.5,3.5,179.4,5.5,Estádio Governador Plácido Castelo,41322
São Paulo,2024,21,03/08/2024,21:30,Sábado,08,Flamengo,Vitória,1,0,Mandante,Rafael Rodrigo Klein,30.9,5.0,179.4,7.1,27.9,4.8,183.6,7.4,MorumBIS,58065
São Paulo,2024,22,11/08/2024,16:00,Domingo,08,Atlético Goianiense,Vitória,1,0,Mandante,Davi de Oliveira Lacerda,26.2,3.5,178.2,6.3,27.3,2.6,182.1,7.1,MorumBIS,46600
São Paulo,2024,23,18/08/2024,16:00,Domingo,08,Palmeiras,Derrota,1,2,Visitante,Raphael Claus,27.5,4.2,180.8,6.2,27.0,6.1,181.9,5.1,Nubank Parque,37244
São Paulo,2024,24,25/08/2024,18:30,Domingo,08,Vitória,Vitória,2,1,Mandante,Wilton Pereira Sampaio,28.7,4.8,179.5,7.5,28.0,3.7,178.0,7.4,MorumBIS,32712
São Paulo,2024,25,01/09/2024,18:30,Domingo,09,Fluminense,Derrota,0,2,Visitante,Paulo Cesar Zanovelli da Silva,30.2,6.0,179.1,7.6,31.3,7.6,178.7,6.6,Estádio do Maracanã,45759
São Paulo,2024,26,15/09/2024,18:30,Domingo,09,Cruzeiro,Vitória,1,0,Visitante,Wilton Pereira Sampaio,26.3,3.0,178.6,7.0,27.6,4.2,180.3,7.9,Governador Magalhães Pinto,55000
São Paulo,2024,27,22/09/2024,18:30,Domingo,09,Internacional,Derrota,1,3,Mandante,Ramon Abatti Abel,27.6,2.9,178.7,6.7,28.5,5.6,178.7,5.5,MorumBIS,35111
São Paulo,2024,28,29/09/2024,16:00,Domingo,09,Corinthians,Vitória,3,1,Mandante,Rafael Rodrigo Klein,31.5,4.8,179.8,7.0,27.7,4.3,180.3,8.0,Arena BRB Mané Garrincha,25888
São Paulo,2024,29,05/10/2024,19:00,Sábado,10,Cuiabá,Derrota,0,2,Visitante,Anderson Daronco,31.4,4.6,180.7,6.5,29.6,3.8,180.9,6.2,Arena Pantanal,11883
São Paulo,2024,30,16/10/2024,21:45,Quarta,10,Vasco da Gama,Vitória,3,0,Mandante,Davi de Oliveira Lacerda,29.4,4.2,178.8,8.0,29.4,5.1,180.2,6.5,Estádio Brinco de Ouro da Princesa,15947
São Paulo,2024,31,26/10/2024,21:00,Sábado,10,Criciúma,Empate,1,1,Visitante,Rafael Rodrigo Klein,30.4,3.8,179.4,7.5,29.9,4.0,181.5,6.9,Estádio Heriberto Hülse,17422
São Paulo,2024,32,05/11/2024,21:30,Terça,11,Bahia,Vitória,3,0,Visitante,Alex Gomes Stefano,29.9,3.8,179.5,7.1,27.8,3.9,179.4,6.0,Arena Fonte Nova,29599
São Paulo,2024,33,09/11/2024,21:00,Sábado,11,Athletico,Vitória,2,1,Mandante,Rafael Rodrigo Klein,29.8,3.9,180.3,7.4,24.2,3.8,182.6,5.8,MorumBIS,34777
São Paulo,2024,34,20/11/2024,16:30,Quarta,11,Red Bull Bragantino,Empate,1,1,Visitante,Wilton Pereira Sampaio,29.5,3.9,180.3,7.4,26.5,3.3,181.3,6.9,Estádio Nabi Abi Chedid,9017
São Paulo,2024,35,23/11/2024,21:30,Sábado,11,Atlético Mineiro,Empate,2,2,Mandante,Alex Gomes Stefano,31.2,4.4,179.8,6.6,30.0,4.3,180.5,7.5,MorumBIS,36783
São Paulo,2024,36,01/12/2024,16:00,Domingo,12,Grêmio,Derrota,1,2,Visitante,Ramon Abatti Abel,31.2,4.4,179.8,6.6,30.8,4.7,177.7,8.1,Arena do Grêmio,39197
São Paulo,2024,37,04/12/2024,20:00,Quarta,12,Juventude,Derrota,1,2,Mandante,Savio Pereira Sampaio,30.3,4.2,180.3,6.4,28.7,5.3,180.1,7.6,MorumBIS,31442
São Paulo,2024,38,08/12/2024,16:00,Domingo,12,Botafogo,Derrota,1,2,Visitante,Anderson Daronco,25.9,3.3,178.5,6.5,27.7,4.1,180.9,7.0,Estádio Nilton Santos,41986
São Paulo,2025,1,29/03/2025,18:30,Sábado,03,Sport Recife,Empate,0,0,Mandante,Felipe Fernandes de Lima,31.2,3.5,180.5,7.2,29.1,3.4,181.3,5.2,MorumBIS,37856
São Paulo,2025,2,06/04/2025,16:00,Domingo,04,Atlético Mineiro,Empate,0,0,Visitante,Ramon Abatti Abel,30.3,3.3,179.6,7.4,29.3,4.4,178.5,7.0,Arena MRV,28415
São Paulo,2025,3,13/04/2025,17:30,Domingo,04,Cruzeiro,Empate,1,1,Mandante,Rodrigo Jose Pereira de Lima,28.7,4.4,179.5,7.3,29.6,4.7,178.5,8.5,MorumBIS,37566
São Paulo,2025,4,16/04/2025,18:30,Quarta,04,Botafogo,Empate,2,2,Visitante,Davi de Oliveira Lacerda,29.6,4.4,179.5,7.3,26.4,3.6,182.1,9.8,Estádio Nilton Santos,12014
São Paulo,2025,5,20/04/2025,16:00,Domingo,04,Santos,Vitória,2,1,Mandante,Wilton Pereira Sampaio,27.6,4.9,179.5,7.4,28.6,4.7,180.7,6.9,MorumBIS,52436
São Paulo,2025,6,26/04/2025,18:30,Sábado,04,Ceará,Empate,1,1,Visitante,Anderson Daronco,27.3,5.1,180.6,6.3,30.8,4.1,180.7,6.9,Estádio Governador Plácido Castelo,46929
São Paulo,2025,7,02/05/2025,21:30,Sexta,05,Fortaleza,Empate,0,0,Mandante,Wagner do Nascimento Magalhaes,27.2,4.8,182.2,5.5,30.6,4.3,179.0,6.2,MorumBIS,39502
São Paulo,2025,8,11/05/2025,17:30,Domingo,05,Palmeiras,Derrota,0,1,Visitante,Rafael Rodrigo Klein,28.6,4.2,179.5,7.3,25.7,5.1,182.1,5.5,Arena Barueri,29709
São Paulo,2025,9,17/05/2025,21:00,Sábado,05,Grêmio,Vitória,2,1,Mandante,Rodrigo Jose Pereira de Lima,29.4,4.6,181.4,7.2,27.6,4.8,179.8,5.4,MorumBIS,34579
São Paulo,2025,10,24/05/2025,18:30,Sábado,05,Mirassol,Derrota,0,2,Mandante,Alex Gomes Stefano,29.3,4.7,182.3,5.4,30.4,4.0,178.9,6.4,MorumBIS,30925
São Paulo,2025,11,31/05/2025,18:30,Sábado,05,Bahia,Derrota,1,2,Visitante,Anderson Daronco,28.2,5.8,180.8,6.0,29.0,3.8,180.2,7.4,Arena Fonte Nova,41041
São Paulo,2025,12,12/06/2025,21:30,Quinta,06,Vasco da Gama,Derrota,1,3,Mandante,Rafael Rodrigo Klein,28.6,5.7,180.5,6.0,28.2,4.7,179.9,6.0,MorumBIS,20332
São Paulo,2025,13,12/07/2025,16:30,Sábado,07,Flamengo,Derrota,0,2,Visitante,Wilton Pereira Sampaio,30.3,3.8,179.3,7.1,29.7,3.7,180.9,6.6,Estádio do Maracanã,67359
São Paulo,2025,14,16/07/2025,21:30,Quarta,07,Red Bull Bragantino,Empate,2,2,Visitante,Alex Gomes Stefano,30.2,3.8,180.5,7.1,26.4,3.8,180.6,6.9,Estádio Cícero de Souza Marques,6119
São Paulo,2025,15,19/07/2025,21:00,Sábado,07,Corinthians,Vitória,2,0,Mandante,Anderson Daronco,30.4,3.9,180.5,7.0,28.9,3.9,180.7,7.2,MorumBIS,37566
São Paulo,2025,16,24/07/2025,19:00,Quinta,07,Juventude,Vitória,1,0,Visitante,Savio Pereira Sampaio,30.2,3.7,180.3,7.4,29.0,4.5,178.4,5.6,Estádio Alfredo Jaconi,6095
São Paulo,2025,17,27/07/2025,16:00,Domingo,07,Fluminense,Vitória,3,1,Mandante,Davi de Oliveira Lacerda,30.0,3.7,179.5,7.4,30.2,7.2,179.9,4.9,MorumBIS,42529
São Paulo,2025,18,03/08/2025,20:30,Domingo,08,Internacional,Vitória,2,1,Visitante,Alex Gomes Stefano,30.1,3.7,180.2,7.4,29.2,5.3,178.7,6.5,Estádio Beira-Rio,11414
São Paulo,2025,19,09/08/2025,18:30,Sábado,08,Vitória,Vitória,2,0,Mandante,Bruno Arleu de Araujo,27.0,4.1,180.6,6.9,29.1,4.1,180.4,6.9,MorumBIS,39283
São Paulo,2025,20,16/08/2025,18:30,Sábado,08,Sport Recife,Empate,2,2,Visitante,Lucas Paulo Torezin,25.2,3.3,181.8,7.4,28.6,4.7,181.8,8.7,Ilha do Retiro,26104
São Paulo,2025,21,24/08/2025,20:30,Domingo,08,Atlético Mineiro,Vitória,2,0,Mandante,Lucas Casagrande,28.5,3.7,179.7,7.1,27.7,4.5,181.8,6.9,MorumBIS,26341
São Paulo,2025,22,30/08/2025,21:00,Sábado,08,Cruzeiro,Derrota,0,1,Visitante,Anderson Daronco,27.9,4.6,181.9,5.3,29.7,4.1,178.9,8.0,Governador Magalhães Pinto,36882
São Paulo,2025,23,14/09/2025,17:30,Domingo,09,Botafogo,Vitória,1,0,Mandante,Wilton Pereira Sampaio,29.5,4.7,181.2,5.9,29.0,4.6,181.5,7.4,MorumBIS,38713
São Paulo,2025,24,21/09/2025,20:30,Domingo,09,Santos,Derrota,0,1,Visitante,Rodrigo Jose Pereira de Lima,27.9,4.3,180.9,8.4,28.6,3.5,181.4,6.4,Estádio Urbano Caldeira,24873
São Paulo,2025,25,29/09/2025,20:00,Segunda,09,Ceará,Derrota,0,1,Mandante,Bruno Arleu de Araujo,30.6,4.4,181.0,5.9,28.0,2.9,180.3,8.6,MorumBIS,12342
São Paulo,2025,26,02/10/2025,19:30,Quinta,10,Fortaleza,Vitória,2,0,Visitante,Anderson Daronco,28.8,5.9,181.3,5.3,29.8,4.4,179.8,5.4,Estádio Governador Plácido Castelo,35544
São Paulo,2025,27,05/10/2025,16:00,Domingo,10,Palmeiras,Derrota,2,3,Mandante,Ramon Abatti Abel,29.2,4.4,179.8,6.9,28.4,4.8,181.1,5.4,MorumBIS,33928
São Paulo,2025,28,16/10/2025,19:00,Quinta,10,Grêmio,Derrota,0,2,Visitante,Davi de Oliveira Lacerda,29.4,4.4,179.6,7.5,28.1,4.8,179.1,8.1,Arena do Grêmio,21526
São Paulo,2025,29,19/10/2025,18:30,Domingo,10,Mirassol,Derrota,0,3,Visitante,Matheus Delgado Candançan,27.9,4.7,179.5,7.3,30.6,4.0,178.7,7.5,Estádio José Maria de Campos Maia,8981
São Paulo,2025,30,25/10/2025,21:30,Sábado,10,Bahia,Vitória,2,0,Mandante,Lucas Paulo Torezin,28.9,4.7,179.5,7.0,28.2,3.9,181.4,7.2,MorumBIS,15253
São Paulo,2025,31,02/11/2025,20:30,Domingo,11,Vasco da Gama,Vitória,2,0,Visitante,Wilton Pereira Sampaio,28.7,4.2,178.7,7.5,26.4,4.5,178.5,5.7,Estádio São Januário,20359
São Paulo,2025,32,05/11/2025,21:30,Quarta,11,Flamengo,Empate,2,2,Mandante,Rodrigo Jose Pereira de Lima,30.1,5.0,182.3,5.8,29.9,3.1,182.7,5.7,Estádio Urbano Caldeira,11228
São Paulo,2025,33,08/11/2025,21:00,Sábado,11,Red Bull Bragantino,Derrota,0,1,Mandante,Bruno Arleu de Araujo,30.5,4.9,181.3,6.0,26.2,3.3,182.4,8.3,Estádio Urbano Caldeira,10086
São Paulo,2025,34,20/11/2025,19:30,Quinta,11,Corinthians,Derrota,1,3,Visitante,Anderson Daronco,31.1,4.8,181.2,5.7,26.2,5.2,182.0,7.4,Neo Química Arena,46154
São Paulo,2025,35,23/11/2025,16:00,Domingo,11,Juventude,Vitória,2,1,Mandante,Andre Luis Skettino Policarpo Bento,28.5,5.2,182.2,5.1,28.6,3.6,179.7,6.3,Estádio Urbano Caldeira,6468
São Paulo,2025,36,27/11/2025,20:30,Quinta,11,Fluminense,Derrota,0,6,Visitante,Lucas Paulo Torezin,26.2,5.3,181.2,8.5,31.9,6.5,176.5,7.5,Estádio do Maracanã,30427
São Paulo,2025,37,03/12/2025,20:00,Quarta,12,Internacional,Vitória,3,0,Mandante,Bruno Arleu de Araujo,29.4,5.4,180.8,6.7,29.0,4.4,178.7,6.3,Estádio Urbano Caldeira,7309
São Paulo,2025,38,07/12/2025,16:00,Domingo,12,Vitória,Derrota,0,1,Visitante,Wilton Pereira Sampaio,31.8,4.4,180.3,7.4,29.7,2.9,181.5,5.7,Estádio Manoel Barradas,29538
Vasco da Gama,2015,1,10/05/2015,18:30,Domingo,05,Goiás,Empate,0,0,Mandante,Braulio Da Silva Machado,28.7,4.9,180.8,5.1,25.1,3.3,181.2,3.5,Estádio São Januário,7424
Vasco da Gama,2015,2,17/05/2015,11:00,Domingo,05,Figueirense,Empate,0,0,Visitante,Thiago Duarte Peixoto,28.7,4.9,180.8,5.1,25.8,4.0,180.5,6.9,Orlando Scarpelli,11004
Vasco da Gama,2015,3,23/05/2015,18:30,Sábado,05,Internacional,Empate,1,1,Mandante,Dewson Fernando Freitas da Silva,N.A,N.A,N.A,N.A,N.A,N.A,N.A,N.A,Estádio São Januário,5143
Vasco da Gama,2015,4,31/05/2015,16:00,Domingo,05,Atlético Mineiro,Derrota,0,3,Visitante,Alisson Sidnei Furtado,N.A,N.A,N.A,N.A,N.A,N.A,N.A,N.A,Arena Independência,17958
Vasco da Gama,2015,5,03/06/2015,19:30,Quarta,06,Ponte Preta,Derrota,0,3,Mandante,Heber Roberto Lopes,28.1,5.3,180.5,6.3,27.0,3.2,178.7,6.7,Estádio São Januário,2449
Vasco da Gama,2015,6,06/06/2015,22:00,Sábado,06,Athletico,Derrota,0,2,Visitante,Marcelo Aparecido Ribeiro de Souza,26.7,4.7,181.3,4.6,25.1,3.9,179.3,7.7,Arena da Baixada,15177
Vasco da Gama,2015,7,13/06/2015,21:00,Sábado,06,Cruzeiro,Derrota,1,3,Mandante,Leandro Pedro Vuaden,27.8,5.4,179.2,5.1,26.6,4.4,178.5,6.7,Estádio São Januário,5505
Vasco da Gama,2015,8,20/06/2015,16:30,Sábado,06,Sport Recife,Derrota,1,2,Visitante,Anderson Daronco,26.8,5.0,180.8,4.1,26.7,4.6,180.6,7.6,Ilha do Retiro,17206
Vasco da Gama,2015,9,28/06/2015,18:30,Domingo,06,Flamengo,Vitória,1,0,Mandante,Heber Roberto Lopes,27.8,5.1,180.1,4.3,27.2,4.4,178.9,7.6,Estádio São Januário,14010
Vasco da Gama,2015,10,01/07/2015,19:30,Quarta,07,Avaí,Vitória,1,0,Mandante,Marcos Andre Gomes da Penha,27.6,5.1,180.4,4.2,25.5,4.1,179.5,7.7,Estádio São Januário,7333
Vasco da Gama,2015,11,04/07/2015,21:00,Sábado,07,Chapecoense,Derrota,0,1,Visitante,Ricardo Marques Ribeiro,N.A,N.A,N.A,N.A,N.A,N.A,N.A,N.A,Arena Condá,4349
Vasco da Gama,2015,12,08/07/2015,22:00,Quarta,07,São Paulo,Derrota,0,4,Mandante,Leandro Pedro Vuaden,29.1,4.5,179.3,3.9,26.5,6.0,181.0,4.1,Estádio São Januário,15812
Vasco da Gama,2015,13,11/07/2015,18:30,Sábado,07,Grêmio,Derrota,0,2,Visitante,Luiz Flávio de Oliveira,N.A,N.A,N.A,N.A,N.A,N.A,N.A,N.A,Arena do Grêmio,34464
Vasco da Gama,2015,14,19/07/2015,16:00,Domingo,07,Fluminense,Vitória,2,1,Visitante,Luiz Flávio de Oliveira,27.8,4.5,182.7,5.1,26.8,4.6,180.8,6.9,Estádio do Maracanã,37687
Vasco da Gama,2015,15,26/07/2015,18:30,Domingo,07,Palmeiras,Derrota,1,4,Mandante,Anderson Daronco,30.3,4.6,180.7,5.8,27.7,3.9,179.8,9.3,Estádio São Januário,15101
Vasco da Gama,2015,16,29/07/2015,22:00,Quarta,07,Corinthians,Derrota,0,3,Visitante,Leandro Pedro Vuaden,27.4,5.2,181.1,5.4,27.3,3.4,178.7,8.5,Neo Química Arena,30340
Vasco da Gama,2015,17,09/08/2015,11:00,Domingo,08,Joinville,Empate,0,0,Mandante,Luiz Flávio de Oliveira,N.A,N.A,N.A,N.A,N.A,N.A,N.A,N.A,Estádio São Januário,48751
Vasco da Gama,2015,18,12/08/2015,21:00,Quarta,08,Santos,Derrota,0,1,Visitante,Emerson Luiz Sobral,29.1,5.1,181.4,5.0,26.2,5.9,181.1,7.7,Estádio Urbano Caldeira,12038
Vasco da Gama,2015,19,15/08/2015,18:30,Sábado,08,Coritiba,Derrota,0,1,Mandante,Raphael Claus,28.4,4.6,180.8,5.4,28.4,4.7,178.8,5.9,Estádio São Januário,10657
Vasco da Gama,2015,20,22/08/2015,18:30,Sábado,08,Goiás,Derrota,0,3,Visitante,Luiz Flávio de Oliveira,30.7,4.2,180.5,5.5,25.4,4.1,179.5,4.8,Serra Dourada,12154
Vasco da Gama,2015,21,29/08/2015,18:30,Sábado,08,Figueirense,Derrota,0,1,Mandante,Francisco Carlos Do Nascimento,28.7,4.6,180.6,5.4,24.9,2.8,180.4,4.6,Estádio São Januário,14857
Vasco da Gama,2015,22,02/09/2015,19:30,Quarta,09,Internacional,Derrota,0,6,Visitante,Ricardo Marques Ribeiro,29.6,5.2,180.5,6.4,25.1,4.2,180.8,5.6,Estádio Beira-Rio,15021
Vasco da Gama,2015,23,05/09/2015,19:30,Sábado,09,Atlético Mineiro,Derrota,1,2,Mandante,Elmo Alves Resende Cunha,28.7,5.2,181.9,6.5,29.5,3.4,182.5,6.9,Estádio do Maracanã,8768
Vasco da Gama,2015,24,09/09/2015,19:30,Quarta,09,Ponte Preta,Vitória,1,0,Visitante,Diego Almeida Real,29.7,4.7,182.2,5.7,27.3,3.6,179.1,6.3,Moisés Lucarelli,3961
Vasco da Gama,2015,25,13/09/2015,16:00,Domingo,09,Athletico,Vitória,2,0,Mandante,Andre Luiz de Freitas Castro,30.5,4.1,181.4,5.8,24.8,4.0,177.5,6.1,Estádio São Januário,10805
Vasco da Gama,2015,26,16/09/2015,22:00,Quarta,09,Cruzeiro,Empate,2,2,Visitante,Thiago Duarte Peixoto,28.8,4.7,181.8,4.9,28.3,4.5,178.2,6.6,Governador Magalhães Pinto,19888
Vasco da Gama,2015,27,20/09/2015,16:00,Domingo,09,Sport Recife,Vitória,2,1,Mandante,Heber Roberto Lopes,29.0,4.0,181.5,4.7,26.0,4.1,179.2,7.1,Estádio do Maracanã,22227
Vasco da Gama,2015,28,27/09/2015,16:00,Domingo,09,Flamengo,Vitória,2,1,Visitante,Leandro Pedro Vuaden,30.8,4.1,181.4,5.8,27.2,5.0,180.0,6.6,Estádio do Maracanã,44361
Vasco da Gama,2015,29,04/10/2015,11:00,Domingo,10,Avaí,Empate,1,1,Visitante,Luis Teixeira Rocha,31.2,3.4,181.5,5.8,25.6,4.3,181.3,8.5,Estádio da Ressacada,14582
Vasco da Gama,2015,30,15/10/2015,19:30,Quinta,10,Chapecoense,Empate,1,1,Mandante,Ricardo Marques Ribeiro,29.5,5.0,182.6,4.8,29.1,2.6,180.3,8.4,Estádio do Maracanã,25983
Vasco da Gama,2015,31,18/10/2015,15:00,Domingo,10,São Paulo,Empate,2,2,Visitante,Dewson Fernando Freitas da Silva,30.9,4.1,181.4,5.8,27.2,6.5,183.5,5.1,MorumBIS,18349
Vasco da Gama,2015,32,25/10/2015,16:00,Domingo,10,Grêmio,Empate,0,0,Mandante,Marcelo Aparecido Ribeiro de Souza,30.0,4.4,182.5,5.2,26.6,4.1,183.5,6.0,Estádio do Maracanã,20207
Vasco da Gama,2015,33,01/11/2015,17:00,Domingo,11,Fluminense,Derrota,0,1,Mandante,Luiz Flávio de Oliveira,30.9,4.1,181.4,5.8,27.1,4.9,178.9,6.5,Estádio Nilton Santos,11957
Vasco da Gama,2015,34,08/11/2015,16:00,Domingo,11,Palmeiras,Vitória,2,0,Visitante,Anderson Daronco,30.0,4.2,179.5,4.7,28.5,6.6,181.9,6.7,Nubank Parque,28800
Vasco da Gama,2015,35,19/11/2015,21:00,Quinta,11,Corinthians,Empate,1,1,Mandante,Anderson Daronco,30.1,4.2,179.5,4.7,27.6,4.5,180.3,8.9,Estádio São Januário,19225
Vasco da Gama,2015,36,22/11/2015,16:00,Domingo,11,Joinville,Vitória,2,1,Visitante,Marcelo Aparecido Ribeiro de Souza,30.1,3.9,179.3,6.0,24.6,3.8,182.7,5.6,Arena Joinville,7026
Vasco da Gama,2015,37,29/11/2015,17:00,Domingo,11,Santos,Vitória,1,0,Mandante,Leandro Pedro Vuaden,31.3,3.3,178.9,5.7,26.2,3.8,180.2,7.1,Estádio São Januário,11618
Vasco da Gama,2015,38,06/12/2015,16:00,Domingo,12,Coritiba,Empate,0,0,Visitante,Anderson Daronco,30.5,4.1,179.2,5.6,27.5,4.0,177.7,7.0,Estádio Major Antônio Couto Pereira,10323
Vasco da Gama,2017,1,14/05/2017,16:00,Domingo,05,Palmeiras,Derrota,0,4,Visitante,Rodolpho Toski Marques,27.1,6.3,180.0,5.5,31.1,6.2,179.1,8.8,Nubank Parque,3325
Vasco da Gama,2017,2,21/05/2017,11:00,Domingo,05,Bahia,Vitória,2,1,Mandante,Leandro Bizzio Marinho,26.6,5.9,179.6,5.9,26.4,3.5,180.3,6.8,Estádio São Januário,19030
Vasco da Gama,2017,3,27/05/2017,16:00,Sábado,05,Fluminense,Vitória,3,2,Mandante,Raphael Claus,26.1,5.5,180.2,6.6,24.8,4.7,181.9,5.0,Estádio São Januário,20442
Vasco da Gama,2017,4,04/06/2017,16:00,Domingo,06,Grêmio,Derrota,0,2,Visitante,Sandro Meira Ricci,25.3,4.4,178.9,7.0,28.1,5.0,179.7,7.0,Arena do Grêmio,22578
Vasco da Gama,2017,5,07/06/2017,21:45,Quarta,06,Corinthians,Derrota,2,5,Mandante,Reway Wagner,26.1,5.5,180.2,6.6,26.0,4.4,178.7,9.2,Estádio São Januário,16288
Vasco da Gama,2017,6,10/06/2017,19:00,Sábado,06,Sport Recife,Vitória,2,1,Mandante,Caio Max Augusto Vieira,26.4,5.4,179.8,7.0,28.5,5.3,178.8,6.6,Estádio São Januário,10273
Vasco da Gama,2017,7,14/06/2017,21:45,Quarta,06,Chapecoense,Derrota,1,2,Visitante,Jailson Macedo Freitas,25.8,5.7,181.1,6.0,27.4,3.1,181.5,7.3,Arena Condá,10003
Vasco da Gama,2017,8,17/06/2017,19:00,Sábado,06,Avaí,Vitória,1,0,Mandante,Rafael Traci,27.2,6.1,180.7,6.4,28.6,4.7,178.2,7.5,Estádio São Januário,10993
Vasco da Gama,2017,9,21/06/2017,21:00,Quarta,06,Botafogo,Derrota,1,3,Visitante,Leandro Pedro Vuaden,27.2,6.1,180.7,6.4,27.1,4.0,181.8,7.1,Estádio Nilton Santos,15048
Vasco da Gama,2017,10,25/06/2017,11:00,Domingo,06,Atlético Goianiense,Vitória,1,0,Mandante,Dyorgines Jose Padovani de Andrade,27.2,6.1,180.7,6.4,25.2,3.1,182.4,5.4,Estádio São Januário,20658
Vasco da Gama,2017,11,02/07/2017,19:00,Domingo,07,Coritiba,Empate,2,2,Visitante,Emerson De Almeida Ferreira,25.9,5.5,180.7,6.4,27.9,3.0,179.5,5.8,Estádio Major Antônio Couto Pereira,8020
Vasco da Gama,2017,12,08/07/2017,18:00,Sábado,07,Flamengo,Derrota,0,1,Mandante,Anderson Daronco,28.4,5.9,180.5,6.4,28.3,3.8,179.2,7.1,Estádio São Januário,19622
Vasco da Gama,2017,13,12/07/2017,21:45,Quarta,07,Vitória,Vitória,4,1,Visitante,Antonio Dib Moraes de Sousa,27.9,4.1,179.5,5.8,27.7,4.7,181.0,6.3,Estádio Manoel Barradas,5548
Vasco da Gama,2017,14,16/07/2017,16:00,Domingo,07,Santos,Empate,0,0,Mandante,Dewson Fernando Freitas da Silva,29.0,4.6,180.1,5.9,26.5,4.0,181.6,5.1,Estádio Nilton Santos,N.A
Vasco da Gama,2017,15,19/07/2017,21:45,Quarta,07,São Paulo,Derrota,0,1,Visitante,Reway Wagner,28.1,4.5,181.1,6.2,27.8,2.4,181.3,8.5,MorumBIS,22574
Vasco da Gama,2017,16,23/07/2017,19:00,Domingo,07,Atlético Mineiro,Vitória,2,1,Visitante,Raphael Claus,25.7,6.1,180.1,6.2,27.2,4.3,180.6,6.9,Arena Independência,12497
Vasco da Gama,2017,17,31/07/2017,20:00,Segunda,07,Athletico,Derrota,0,1,Mandante,Claudio Francisco Lima E. Silva,24.5,5.6,179.9,6.1,26.4,5.1,182.0,5.3,Estádio Raulino de Oliveira,8330
Vasco da Gama,2017,18,03/08/2017,20:00,Quinta,08,Cruzeiro,Derrota,0,3,Mandante,Vinicius Goncalves Dias Araujo,25.9,5.8,178.5,5.6,27.9,5.1,178.0,7.4,Estádio Raulino de Oliveira,5780
Vasco da Gama,2017,19,06/08/2017,19:00,Domingo,08,Ponte Preta,Empate,0,0,Visitante,Sandro Meira Ricci,23.5,4.7,180.2,7.0,29.7,5.4,178.7,7.1,Moisés Lucarelli,6310
Vasco da Gama,2017,20,13/08/2017,16:00,Domingo,08,Palmeiras,Empate,1,1,Mandante,Paulo Roberto Alves Junior,27.7,6.1,180.3,6.0,29.5,5.3,180.7,6.2,Estádio Raulino de Oliveira,5323
Vasco da Gama,2017,21,20/08/2017,16:00,Domingo,08,Bahia,Derrota,0,3,Visitante,Raphael Claus,28.1,6.1,181.3,5.7,25.8,3.4,180.2,7.3,Arena Fonte Nova,21691
Vasco da Gama,2017,22,26/08/2017,16:00,Sábado,08,Fluminense,Vitória,1,0,Visitante,Ricardo Marques Ribeiro,28.4,4.7,180.2,5.6,25.7,3.6,181.7,5.7,Estádio Giulite Coutinho,23460
Vasco da Gama,2017,23,09/09/2017,18:00,Sábado,09,Grêmio,Vitória,1,0,Mandante,Heber Roberto Lopes,29.2,4.3,179.6,5.7,29.1,4.7,178.4,6.8,Estádio São Januário,N.A
Vasco da Gama,2017,24,17/09/2017,16:00,Domingo,09,Corinthians,Derrota,0,1,Visitante,Elmo Alves Resende Cunha,28.3,4.8,181.0,5.1,27.1,4.0,180.1,8.4,Neo Química Arena,41235
Vasco da Gama,2017,25,25/09/2017,20:00,Segunda,09,Sport Recife,Empate,1,1,Visitante,Sandro Meira Ricci,27.9,4.5,179.8,6.2,29.8,3.7,180.5,5.2,Ilha do Retiro,15701
Vasco da Gama,2017,26,30/09/2017,16:00,Sábado,09,Chapecoense,Empate,1,1,Mandante,Wilton Pereira Sampaio,27.9,4.5,179.8,6.2,27.4,3.9,181.5,6.1,Estádio São Januário,N.A
Vasco da Gama,2017,27,11/10/2017,21:45,Quarta,10,Avaí,Vitória,2,1,Visitante,Reway Wagner,28.9,4.7,179.9,5.0,26.7,4.2,180.2,6.8,Estádio da Ressacada,8952
Vasco da Gama,2017,28,14/10/2017,19:00,Sábado,10,Botafogo,Vitória,1,0,Mandante,Vinicius Goncalves Dias Araujo,28.1,5.0,180.8,5.8,26.9,3.2,181.1,7.1,Estádio São Januário,31406
Vasco da Gama,2017,29,18/10/2017,18:30,Quarta,10,Atlético Goianiense,Vitória,1,0,Visitante,Claudio Francisco Lima E. Silva,27.8,4.6,180.4,6.7,25.3,2.5,179.7,5.3,Serra Dourada,9046
Vasco da Gama,2017,30,21/10/2017,16:00,Sábado,10,Coritiba,Empate,1,1,Mandante,Raphael Claus,27.9,4.5,179.8,6.2,27.7,2.2,179.3,4.1,Estádio do Maracanã,30351
Vasco da Gama,2017,31,28/10/2017,18:00,Sábado,10,Flamengo,Empate,0,0,Visitante,Ricardo Marques Ribeiro,28.3,4.6,179.5,5.6,29.9,4.7,178.5,6.5,Estádio do Maracanã,24813
Vasco da Gama,2017,32,05/11/2017,18:00,Domingo,11,Vitória,Empate,1,1,Mandante,Heber Roberto Lopes,28.2,5.4,180.4,6.4,26.7,4.0,179.5,7.7,Estádio São Januário,15811
Vasco da Gama,2017,33,08/11/2017,20:45,Quarta,11,Santos,Vitória,2,1,Visitante,Rafael Traci,26.2,4.8,180.3,6.8,28.5,6.0,182.5,5.8,Estádio Urbano Caldeira,7841
Vasco da Gama,2017,34,12/11/2017,16:00,Domingo,11,São Paulo,Empate,1,1,Mandante,Leandro Pedro Vuaden,26.6,5.3,180.5,5.7,28.2,4.4,182.9,4.7,Estádio São Januário,17447
Vasco da Gama,2017,35,15/11/2017,20:45,Quarta,11,Atlético Mineiro,Empate,1,1,Mandante,Flavio Rodrigues De Souza,26.0,5.1,180.0,6.7,30.4,5.2,180.0,8.5,Estádio São Januário,12059
Vasco da Gama,2017,36,19/11/2017,18:00,Domingo,11,Athletico,Derrota,1,3,Visitante,Leandro Bizzio Marinho,28.0,5.4,180.5,5.9,28.4,4.1,180.2,6.4,Arena da Baixada,9252
Vasco da Gama,2017,37,26/11/2017,16:00,Domingo,11,Cruzeiro,Vitória,1,0,Visitante,Raphael Claus,27.3,5.6,179.1,5.5,28.6,3.6,178.2,7.9,Governador Magalhães Pinto,14930
Vasco da Gama,2017,38,03/12/2017,16:00,Domingo,12,Ponte Preta,Vitória,2,1,Mandante,Rafael Traci,27.4,5.5,179.8,5.2,28.3,5.0,181.6,7.6,Estádio São Januário,22076
Vasco da Gama,2018,1,15/04/2018,16:00,Domingo,04,Atlético Mineiro,Vitória,2,1,Mandante,Andre Luiz de Freitas Castro,28.5,4.3,178.7,5.6,28.6,5.2,177.3,8.2,Estádio São Januário,7197
Vasco da Gama,2018,2,22/04/2018,16:00,Domingo,04,Chapecoense,Empate,1,1,Visitante,Luiz Flávio de Oliveira,29.0,3.2,178.8,5.6,28.7,3.3,181.8,5.4,Arena Condá,8675
Vasco da Gama,2018,4,05/05/2018,19:00,Sábado,05,América Mineiro,Vitória,4,1,Mandante,Flavio Rodrigues De Souza,28.0,3.6,179.1,5.5,29.0,3.5,180.6,7.6,Estádio São Januário,3683
Vasco da Gama,2018,5,13/05/2018,16:00,Domingo,05,Vitória,Derrota,2,3,Mandante,Jean Pierre Goncalves Lima,28.3,3.7,179.7,6.0,27.7,4.0,179.5,9.0,Estádio São Januário,3542
Vasco da Gama,2018,6,19/05/2018,19:00,Sábado,05,Flamengo,Empate,1,1,Visitante,Ricardo Marques Ribeiro,29.0,3.0,180.2,6.0,26.8,5.0,179.4,6.0,Estádio do Maracanã,35208
Vasco da Gama,2018,7,27/05/2018,16:00,Domingo,05,Bahia,Derrota,0,3,Visitante,Rodolpho Toski Marques,27.9,4.1,180.7,6.6,26.9,4.3,181.5,7.2,Arena Fonte Nova,15031
Vasco da Gama,2018,8,30/05/2018,19:30,Quarta,05,Paraná Clube,Vitória,1,0,Mandante,Leandro Pedro Vuaden,25.7,4.4,179.5,5.6,25.2,3.5,179.7,6.0,Estádio São Januário,4584
Vasco da Gama,2018,9,02/06/2018,19:00,Sábado,06,Botafogo,Derrota,1,2,Mandante,Raphael Claus,27.8,4.2,180.0,6.5,26.7,4.3,182.6,6.6,Estádio São Januário,9454
Vasco da Gama,2018,10,06/06/2018,21:45,Quarta,06,Cruzeiro,Empate,1,1,Visitante,Luiz Flávio de Oliveira,26.7,4.6,179.2,6.1,30.8,4.0,180.7,5.8,Governador Magalhães Pinto,23725
Vasco da Gama,2018,11,09/06/2018,19:00,Sábado,06,Sport Recife,Vitória,3,2,Mandante,Savio Pereira Sampaio,26.3,4.2,179.4,6.0,30.3,4.1,180.5,5.1,Estádio São Januário,8418
Vasco da Gama,2018,12,13/06/2018,21:45,Quarta,06,Internacional,Derrota,1,3,Visitante,Raphael Claus,25.8,4.4,179.8,6.7,26.9,3.0,183.5,4.3,Estádio Beira-Rio,19733
Vasco da Gama,2018,13,19/07/2018,20:00,Quinta,07,Fluminense,Empate,1,1,Mandante,Marcelo Aparecido Ribeiro de Souza,27.3,4.4,178.5,5.8,25.9,3.9,178.9,9.7,Estádio São Januário,11901
Vasco da Gama,2018,14,22/07/2018,16:00,Domingo,07,Grêmio,Vitória,1,0,Mandante,Igor Junio Benevenuto,26.6,4.0,178.5,5.8,28.9,5.1,181.4,6.5,Estádio São Januário,8242
Vasco da Gama,2018,16,29/07/2018,11:00,Domingo,07,Corinthians,Derrota,1,4,Mandante,Dewson Fernando Freitas da Silva,26.3,4.4,178.6,5.8,26.9,4.4,177.0,9.1,Arena BRB Mané Garrincha,33516
Vasco da Gama,2018,17,05/08/2018,16:00,Domingo,08,São Paulo,Derrota,1,2,Visitante,Braulio Da Silva Machado,27.5,4.0,178.5,4.8,29.0,5.0,181.0,5.5,MorumBIS,53437
Vasco da Gama,2018,18,12/08/2018,19:00,Domingo,08,Palmeiras,Derrota,0,1,Visitante,Wilton Pereira Sampaio,28.0,4.1,179.0,4.9,27.4,2.4,180.6,5.2,Nubank Parque,30012
Vasco da Gama,2018,19,20/08/2018,20:00,Segunda,08,Ceará,Empate,1,1,Mandante,Vinicius Goncalves Dias Araujo,30.3,3.2,179.4,5.7,28.4,4.4,180.1,8.2,Estádio São Januário,15539
Vasco da Gama,2018,20,23/08/2018,20:00,Quinta,08,Atlético Mineiro,Empate,0,0,Visitante,Leandro Pedro Vuaden,28.0,4.8,178.4,5.4,29.5,6.4,181.0,8.7,Arena Independência,22452
Vasco da Gama,2018,21,26/08/2018,19:00,Domingo,08,Chapecoense,Vitória,3,1,Mandante,Igor Junio Benevenuto,28.0,4.8,178.4,5.4,27.5,4.2,179.6,7.7,Estádio São Januário,8782
Vasco da Gama,2018,15,29/08/2018,19:30,Quarta,08,Athletico,Derrota,0,1,Visitante,Rodrigo D'alonso Ferreira,26.8,4.0,177.6,4.4,26.1,5.0,179.8,6.4,Arena da Baixada,11119
Vasco da Gama,2018,22,01/09/2018,19:00,Sábado,09,Santos,Derrota,0,3,Mandante,Braulio Da Silva Machado,27.8,4.9,178.3,5.4,26.3,4.9,180.0,8.0,Estádio do Maracanã,33646
Vasco da Gama,2018,23,06/09/2018,20:00,Quinta,09,América Mineiro,Derrota,1,2,Visitante,Heber Roberto Lopes,28.8,4.2,178.9,5.4,31.2,3.5,181.0,7.2,Arena Independência,5061
Vasco da Gama,2018,24,09/09/2018,19:00,Domingo,09,Vitória,Derrota,0,1,Visitante,Paulo Roberto Alves Junior,29.0,4.3,179.5,4.6,23.0,2.4,179.0,7.9,Estádio Manoel Barradas,10092
Vasco da Gama,2018,25,15/09/2018,19:00,Sábado,09,Flamengo,Empate,1,1,Mandante,Luiz Flávio de Oliveira,29.2,4.2,181.2,4.5,28.3,4.6,179.5,5.9,Estádio São Januário,54288
Vasco da Gama,2018,26,24/09/2018,20:00,Segunda,09,Bahia,Vitória,2,1,Mandante,Leandro Pedro Vuaden,29.5,3.7,180.2,5.5,26.2,4.4,180.4,7.7,Estádio São Januário,13293
Vasco da Gama,2018,3,27/09/2018,20:00,Quinta,09,Santos,Empate,1,1,Visitante,Reway Wagner,26.9,4.5,179.8,5.3,26.5,5.0,181.0,7.7,Mercado Livre Arena Pacaembu,12985
Vasco da Gama,2018,27,01/10/2018,20:00,Segunda,10,Paraná Clube,Empate,1,1,Visitante,Flavio Rodrigues De Souza,28.4,4.3,180.2,5.5,27.2,3.1,180.4,4.5,Durival Britto e Silva,3210
Vasco da Gama,2018,28,09/10/2018,21:00,Terça,10,Botafogo,Empate,1,1,Visitante,Ricardo Marques Ribeiro,28.0,4.3,179.6,6.5,25.0,3.9,182.1,6.5,Estadio Nilton Santos,10059
Vasco da Gama,2018,29,14/10/2018,16:00,Domingo,10,Cruzeiro,Vitória,2,0,Mandante,Marcelo Aparecido Ribeiro de Souza,27.8,5.2,181.8,6.4,26.9,5.1,181.5,5.2,Estádio São Januário,11376
Vasco da Gama,2018,30,20/10/2018,19:00,Sábado,10,Sport Recife,Derrota,1,2,Visitante,Wilton Pereira Sampaio,28.8,4.4,181.7,6.2,27.1,4.3,182.0,6.4,Ilha do Retiro,13860
Vasco da Gama,2018,31,26/10/2018,21:30,Sexta,10,Internacional,Empate,1,1,Mandante,Igor Junio Benevenuto,28.1,5.3,181.1,6.1,28.1,4.2,181.0,6.3,Estádio São Januário,8648
Vasco da Gama,2018,32,03/11/2018,17:00,Sábado,11,Fluminense,Vitória,1,0,Visitante,Luiz Flávio de Oliveira,28.1,5.3,181.1,6.1,25.3,3.5,180.0,8.5,Estádio do Maracanã,14275
Vasco da Gama,2018,33,11/11/2018,16:00,Domingo,11,Grêmio,Derrota,1,2,Visitante,Raphael Claus,26.9,5.2,180.6,5.9,31.0,4.4,180.9,5.5,Arena do Grêmio,20763
Vasco da Gama,2018,34,14/11/2018,18:30,Quarta,11,Athletico,Empate,1,1,Mandante,Leandro Pedro Vuaden,27.8,4.1,180.5,4.9,27.6,4.6,180.0,6.6,Estádio São Januário,20917
Vasco da Gama,2018,35,17/11/2018,18:00,Sábado,11,Corinthians,Derrota,0,1,Visitante,Wilton Pereira Sampaio,27.5,3.8,179.3,5.8,28.6,6.5,180.3,8.1,Neo Química Arena,38605
Vasco da Gama,2018,36,22/11/2018,19:00,Quinta,11,São Paulo,Vitória,2,0,Mandante,Anderson Daronco,28.2,4.1,179.7,6.4,28.1,4.6,181.1,4.4,Estádio São Januário,1123
Vasco da Gama,2018,37,25/11/2018,16:00,Domingo,11,Palmeiras,Derrota,0,1,Mandante,Rafael Traci,28.3,4.1,179.7,6.4,28.4,3.1,179.8,6.2,Estádio São Januário,22957
Vasco da Gama,2018,38,02/12/2018,16:00,Domingo,12,Ceará,Empate,0,0,Visitante,Raphael Claus,27.1,4.8,181.3,5.0,27.8,4.0,178.7,7.8,Estádio Governador Plácido Castelo,55445
Vasco da Gama,2019,1,28/04/2019,16:00,Domingo,04,Athletico,Derrota,1,4,Visitante,Luiz Flávio de Oliveira,25.0,4.8,183.5,5.4,26.7,4.3,178.3,7.0,Arena da Baixada,12275
Vasco da Gama,2019,2,01/05/2019,21:30,Quarta,05,Atlético Mineiro,Derrota,1,2,Mandante,Raphael Claus,25.4,4.5,181.5,6.7,30.0,5.5,179.5,8.5,Estádio São Januário,6745
Vasco da Gama,2019,3,04/05/2019,19:00,Sábado,05,Corinthians,Empate,1,1,Mandante,Rodrigo D'alonso Ferreira,26.6,4.7,180.5,6.8,27.8,5.5,181.5,7.9,Estádio São Januário,25779
Vasco da Gama,2019,4,12/05/2019,16:00,Domingo,05,Santos,Derrota,0,3,Visitante,Paulo Roberto Alves Junior,27.0,5.0,181.9,6.7,26.3,5.2,179.3,10.2,Estádio Urbano Caldeira,12952
Vasco da Gama,2019,5,19/05/2019,19:00,Domingo,05,Avaí,Empate,1,1,Mandante,Ricardo Marques Ribeiro,27.1,5.2,180.5,7.2,26.5,3.8,179.8,6.8,Estádio São Januário,13924
Vasco da Gama,2019,6,26/05/2019,19:00,Domingo,05,Fortaleza,Empate,1,1,Visitante,Anderson Daronco,25.7,4.5,180.9,6.8,27.8,3.7,178.6,9.1,Estádio Governador Plácido Castelo,28148
Vasco da Gama,2019,7,02/06/2019,11:00,Domingo,06,Botafogo,Derrota,0,1,Visitante,Vinicius Goncalves Dias Araujo,26.1,4.7,181.6,6.4,28.1,5.0,180.4,7.0,Estadio Nilton Santos,19503
Vasco da Gama,2019,8,07/06/2019,20:30,Sexta,06,Internacional,Vitória,2,1,Mandante,Heber Roberto Lopes,25.1,4.3,181.0,6.5,27.9,3.9,178.8,5.4,Estádio São Januário,11046
Vasco da Gama,2019,9,13/06/2019,19:15,Quinta,06,Ceará,Vitória,1,0,Mandante,Flavio Rodrigues De Souza,25.1,4.3,181.0,6.5,29.2,3.0,180.2,7.0,Estádio São Januário,19584
Vasco da Gama,2019,10,13/07/2019,17:00,Sábado,07,Grêmio,Derrota,1,2,Visitante,Rodolpho Toski Marques,27.2,3.8,181.0,7.0,26.7,6.0,181.4,5.0,Arena do Grêmio,9701
Vasco da Gama,2019,11,20/07/2019,11:00,Sábado,07,Fluminense,Vitória,2,1,Mandante,Bruno Arleu de Araujo,27.3,4.9,180.9,7.0,26.4,5.6,182.3,4.4,Estádio São Januário,20904
Vasco da Gama,2019,12,27/07/2019,17:00,Sábado,07,Palmeiras,Empate,1,1,Visitante,Ricardo Marques Ribeiro,28.0,4.4,181.5,6.9,28.7,4.3,180.2,7.4,Nubank Parque,37754
Vasco da Gama,2019,13,04/08/2019,19:00,Domingo,08,CSA,Empate,0,0,Mandante,Marielson Alves Silva,27.3,5.3,182.5,6.6,31.6,2.5,179.7,8.1,Estádio São Januário,9631
Vasco da Gama,2019,14,11/08/2019,19:00,Domingo,08,Goiás,Vitória,1,0,Visitante,Jean Pierre Goncalves Lima,26.2,4.9,182.6,6.5,27.0,2.8,178.8,5.5,Serra Dourada,14529
Vasco da Gama,2019,15,17/08/2019,19:00,Sábado,08,Flamengo,Derrota,1,4,Mandante,Leandro Pedro Vuaden,27.3,4.9,182.8,6.5,26.9,4.2,181.4,5.4,Arena BRB Mané Garrincha,65418
Vasco da Gama,2019,16,25/08/2019,16:00,Domingo,08,São Paulo,Vitória,2,0,Mandante,Anderson Daronco,25.7,5.0,182.3,6.7,27.7,5.2,179.3,5.8,Estádio São Januário,20404
Vasco da Gama,2019,17,01/09/2019,19:00,Domingo,09,Cruzeiro,Derrota,0,1,Visitante,Heber Roberto Lopes,25.5,4.5,182.6,6.9,29.9,5.0,181.1,6.7,Governador Magalhães Pinto,26052
Vasco da Gama,2019,18,07/09/2019,11:00,Sábado,09,Bahia,Derrota,0,2,Mandante,Caio Max Augusto Vieira,27.1,4.1,179.4,7.0,27.9,3.8,180.0,7.4,Estádio São Januário,20282
Vasco da Gama,2019,19,14/09/2019,19:00,Sábado,09,Chapecoense,Vitória,2,1,Visitante,Flavio Rodrigues De Souza,26.6,4.7,183.5,5.6,29.9,4.0,179.4,3.7,Arena Condá,8808
Vasco da Gama,2019,20,22/09/2019,16:00,Domingo,09,Athletico,Empate,1,1,Mandante,Anderson Daronco,26.6,4.7,182.5,6.8,26.0,3.7,180.6,6.3,Estádio São Januário,17427
Vasco da Gama,2019,22,29/09/2019,11:00,Domingo,09,Corinthians,Derrota,0,1,Visitante,Ricardo Marques Ribeiro,26.0,5.3,181.0,6.5,29.3,4.1,177.8,10.0,Neo Química Arena,37091
Vasco da Gama,2019,21,02/10/2019,19:15,Quarta,10,Atlético Mineiro,Vitória,2,1,Visitante,Heber Roberto Lopes,25.6,5.1,182.6,6.7,27.9,4.0,179.5,9.8,Arena Independência,10485
Vasco da Gama,2019,23,05/10/2019,17:00,Sábado,10,Santos,Derrota,0,1,Mandante,Savio Pereira Sampaio,26.3,5.0,182.5,7.2,26.7,3.6,181.2,9.9,Estádio São Januário,17083
Vasco da Gama,2019,24,10/10/2019,19:15,Quinta,10,Avaí,Empate,0,0,Visitante,Paulo Roberto Alves Junior,25.7,4.4,182.3,6.8,28.4,4.9,179.1,6.5,Estádio da Ressacada,7401
Vasco da Gama,2019,25,13/10/2019,16:00,Domingo,10,Fortaleza,Vitória,1,0,Mandante,Daniel Nobre Bins,25.9,5.1,181.7,7.6,30.2,4.5,178.5,9.5,Estádio São Januário,12285
Vasco da Gama,2019,26,16/10/2019,21:30,Quarta,10,Botafogo,Vitória,2,1,Mandante,Flavio Rodrigues De Souza,26.4,4.7,181.3,7.6,28.1,5.2,178.5,5.3,Estádio São Januário,16604
Vasco da Gama,2019,27,20/10/2019,16:00,Domingo,10,Internacional,Vitória,1,0,Visitante,Vinicius Goncalves Dias Araujo,26.4,4.7,181.3,7.6,29.0,5.8,179.6,6.3,Estádio Beira-Rio,24435
Vasco da Gama,2019,28,26/10/2019,17:00,Sábado,10,Ceará,Empate,1,1,Visitante,Jean Pierre Goncalves Lima,26.4,5.1,181.1,7.5,29.8,2.9,180.4,7.2,Estádio Governador Plácido Castelo,35178
Vasco da Gama,2019,29,30/10/2019,21:30,Quarta,10,Grêmio,Derrota,1,3,Mandante,Wilton Pereira Sampaio,26.1,5.2,182.0,6.7,30.7,4.7,181.1,4.6,Estádio São Januário,15708
Vasco da Gama,2019,30,02/11/2019,19:00,Sábado,11,Fluminense,Empate,0,0,Visitante,Raphael Claus,27.2,5.1,181.4,7.6,25.6,4.1,182.2,5.6,Estádio do Maracanã,16056
Vasco da Gama,2019,31,06/11/2019,21:30,Quarta,11,Palmeiras,Derrota,1,2,Mandante,Rafael Traci,29.0,4.1,181.2,6.6,28.8,4.8,181.0,5.5,Estádio São Januário,8492
Vasco da Gama,2019,32,10/11/2019,19:00,Domingo,11,CSA,Vitória,3,0,Visitante,Rodrigo D'alonso Ferreira,26.5,3.5,181.9,6.7,29.8,3.0,180.5,7.2,Estádio Rei Pelé,14690
Vasco da Gama,2019,34,13/11/2019,21:30,Quarta,11,Flamengo,Empate,4,4,Visitante,Wilton Pereira Sampaio,27.1,4.2,182.4,6.9,27.8,5.1,181.9,5.3,Estádio do Maracanã,52757
Vasco da Gama,2019,33,18/11/2019,19:30,Segunda,11,Goiás,Empate,1,1,Mandante,Paulo Roberto Alves Junior,27.2,4.2,183.3,5.7,27.6,4.0,181.2,5.0,Estádio São Januário,18620
Vasco da Gama,2019,35,28/11/2019,20:30,Quinta,11,São Paulo,Derrota,0,1,Visitante,Savio Pereira Sampaio,28.2,4.4,182.1,6.6,28.0,4.8,180.6,5.5,MorumBIS,11970
Vasco da Gama,2019,36,02/12/2019,20:00,Segunda,12,Cruzeiro,Vitória,1,0,Mandante,Wilton Pereira Sampaio,27.5,4.7,181.5,7.5,28.3,5.9,181.7,3.7,Estádio São Januário,19796
Vasco da Gama,2019,37,05/12/2019,19:15,Quinta,12,Bahia,Empate,1,1,Visitante,Felipe Fernandes de Lima,25.9,4.1,181.7,6.6,27.4,4.2,179.5,8.1,Arena Fonte Nova,25148
Vasco da Gama,2019,38,08/12/2019,16:00,Domingo,12,Chapecoense,Empate,1,1,Mandante,Pablo Ramon Goncalves Pinheiro,28.0,4.5,180.6,6.8,30.2,4.7,178.3,6.5,Estádio São Januário,61021
Vasco da Gama,2020,2,13/08/2020,20:00,Quinta,08,Sport Recife,Vitória,2,0,Mandante,Rodolpho Toski Marques,27.0,5.5,178.8,6.1,27.2,4.8,180.8,8.4,Estádio São Januário,0
Vasco da Gama,2020,3,16/08/2020,16:00,Domingo,08,São Paulo,Vitória,2,1,Mandante,Wilton Pereira Sampaio,26.4,5.7,179.1,5.8,28.5,4.9,179.8,5.8,Estádio São Januário,0
Vasco da Gama,2020,4,20/08/2020,20:00,Quinta,08,Ceará,Vitória,3,0,Visitante,Thiago Duarte Peixoto,27.2,5.1,180.5,5.5,29.2,5.3,181.8,9.1,Estádio Governador Plácido Castelo,0
Vasco da Gama,2020,5,23/08/2020,16:00,Domingo,08,Grêmio,Empate,0,0,Mandante,Savio Pereira Sampaio,26.8,5.5,179.8,5.7,27.4,4.3,180.3,4.4,Estádio São Januário,0
Vasco da Gama,2020,6,29/08/2020,19:00,Sábado,08,Fluminense,Derrota,1,2,Visitante,Braulio Da Silva Machado,27.8,4.8,178.9,6.2,25.8,5.9,180.5,6.1,Estádio do Maracanã,0
Vasco da Gama,2020,7,02/09/2020,21:30,Quarta,09,Santos,Empate,2,2,Visitante,Rodrigo Dalonso Ferreira,26.4,4.8,179.3,7.3,27.4,4.2,177.0,8.4,Estádio Urbano Caldeira,0
Vasco da Gama,2020,8,06/09/2020,18:00,Domingo,09,Athletico,Vitória,1,0,Mandante,Raphael Claus,26.0,5.1,181.3,6.9,25.2,4.4,180.7,6.3,Estádio São Januário,0
Vasco da Gama,2020,9,10/09/2020,21:00,Quinta,09,Atlético Goianiense,Derrota,1,2,Mandante,Heber Roberto Lopes,26.9,5.2,180.0,6.7,24.9,2.4,179.2,7.2,Estádio São Januário,0
Vasco da Gama,2020,10,13/09/2020,20:30,Domingo,09,Botafogo,Vitória,3,2,Visitante,Wilton Pereira Sampaio,27.6,5.0,179.8,6.2,26.5,5.2,180.5,6.2,Estadio Nilton Santos,0
Vasco da Gama,2020,11,20/09/2020,16:00,Domingo,09,Coritiba,Derrota,0,1,Visitante,Luiz Flávio de Oliveira,25.8,5.4,181.7,6.6,26.3,4.9,180.2,4.3,Estádio Major Antônio Couto Pereira,0
Vasco da Gama,2020,12,27/09/2020,11:00,Domingo,09,Red Bull Bragantino,Empate,1,1,Mandante,Rodolpho Toski Marques,25.5,6.1,178.4,6.6,27.3,4.9,180.0,5.7,Estádio São Januário,0
Vasco da Gama,2020,13,04/10/2020,20:30,Domingo,10,Atlético Mineiro,Derrota,1,4,Visitante,Leandro Pedro Vuaden,26.0,5.6,179.4,6.2,26.9,4.1,178.5,7.6,Arena Independência,0
Vasco da Gama,2020,14,07/10/2020,19:15,Quarta,10,Bahia,Derrota,0,3,Visitante,Jean Pierre Goncalves Lima,26.8,5.8,178.7,6.5,29.0,4.1,179.1,8.1,Arena Fonte Nova,0
Vasco da Gama,2020,15,10/10/2020,17:00,Sábado,10,Flamengo,Derrota,1,2,Mandante,Flavio Rodrigues De Souza,26.4,5.4,179.5,5.7,26.7,5.0,183.9,8.0,Estádio São Januário,0
Vasco da Gama,2020,17,18/10/2020,18:15,Domingo,10,Internacional,Derrota,0,2,Visitante,Braulio Da Silva Machado,27.0,5.2,179.2,6.1,29.6,3.3,180.4,5.0,Estádio Beira-Rio,0
Vasco da Gama,2020,18,21/10/2020,21:30,Quarta,10,Corinthians,Derrota,1,2,Mandante,Caio Max Augusto Vieira,25.0,5.3,179.9,6.2,27.4,5.4,178.6,8.6,Estádio São Januário,0
Vasco da Gama,2020,19,01/11/2020,20:30,Domingo,11,Goiás,Empate,1,1,Visitante,Igor Junio Benevenuto,25.6,5.5,179.6,6.3,26.8,5.0,181.0,9.1,Serra Dourada,0
Vasco da Gama,2020,20,08/11/2020,16:00,Domingo,11,Palmeiras,Derrota,0,1,Mandante,Anderson Daronco,27.5,5.8,180.6,5.7,27.1,5.5,179.6,6.0,Estádio São Januário,0
Vasco da Gama,2020,21,14/11/2020,16:30,Sábado,11,Sport Recife,Vitória,2,0,Visitante,Heber Roberto Lopes,27.6,5.5,181.5,6.6,29.5,4.2,180.3,8.7,Ilha do Retiro,0
Vasco da Gama,2020,16,19/11/2020,19:00,Quinta,11,Fortaleza,Empate,0,0,Mandante,Jean Pierre Goncalves Lima,27.8,5.5,181.2,7.0,30.0,4.2,177.5,6.6,Estádio São Januário,0
Vasco da Gama,2020,22,22/11/2020,16:00,Domingo,11,São Paulo,Empate,1,1,Visitante,Braulio Da Silva Machado,25.5,4.1,178.3,6.5,27.4,5.7,179.6,4.7,MorumBIS,0
Vasco da Gama,2020,23,30/11/2020,18:00,Segunda,11,Ceará,Derrota,1,4,Mandante,Vinicius Goncalves Dias Araujo,25.8,4.7,181.4,4.7,27.6,4.0,181.1,7.7,Estádio São Januário,0
Vasco da Gama,2020,24,06/12/2020,16:00,Domingo,12,Grêmio,Derrota,0,4,Visitante,Raphael Claus,27.0,5.5,182.4,6.1,30.3,4.9,181.2,5.4,Arena do Grêmio,0
Vasco da Gama,2020,25,13/12/2020,20:30,Domingo,12,Fluminense,Empate,1,1,Mandante,Rodolpho Toski Marques,28.8,4.9,179.8,6.3,29.2,5.6,180.9,5.7,Estádio São Januário,0
Vasco da Gama,2020,26,20/12/2020,16:00,Domingo,12,Santos,Vitória,1,0,Mandante,Ricardo Marques Ribeiro,28.0,5.6,179.3,6.0,24.0,3.6,181.5,7.5,Estádio São Januário,0
Vasco da Gama,2020,27,27/12/2020,18:15,Domingo,12,Athletico,Derrota,0,3,Visitante,Jean Pierre Goncalves Lima,28.1,5.8,180.0,5.6,26.8,4.4,180.4,6.5,Arena da Baixada,0
Vasco da Gama,2020,28,07/01/2021,21:00,Quinta,01,Atlético Goianiense,Empate,0,0,Visitante,Savio Pereira Sampaio,28.5,6.1,178.8,6.7,26.8,2.0,179.4,6.9,Serra Dourada,0
Vasco da Gama,2020,29,10/01/2021,20:30,Domingo,01,Botafogo,Vitória,3,0,Mandante,Raphael Claus,27.3,6.1,178.0,6.8,25.2,5.5,181.2,8.1,Estádio São Januário,0
Vasco da Gama,2020,30,16/01/2021,21:00,Sábado,01,Coritiba,Derrota,0,1,Mandante,Flavio Rodrigues De Souza,28.5,6.1,178.8,6.7,24.8,4.9,180.0,6.3,Estádio São Januário,0
Vasco da Gama,2020,31,20/01/2021,21:30,Quarta,01,Red Bull Bragantino,Derrota,1,4,Visitante,Leandro Pedro Vuaden,27.8,6.4,180.7,5.7,25.8,4.5,179.4,7.4,Estádio Nabi Abi Chedid,0
Vasco da Gama,2020,32,23/01/2021,21:00,Sábado,01,Atlético Mineiro,Vitória,3,2,Mandante,Vinicius Goncalves Dias Araujo,28.3,5.7,179.5,7.7,26.8,3.0,177.3,6.5,Estádio São Januário,0
Vasco da Gama,2020,1,26/01/2021,20:00,Terça,01,Palmeiras,Empate,1,1,Visitante,Anderson Daronco,27.4,5.5,179.2,7.5,27.1,6.5,180.1,4.7,Nubank Parque,0
Vasco da Gama,2020,33,31/01/2021,16:00,Domingo,01,Bahia,Empate,0,0,Mandante,Wilton Pereira Sampaio,28.3,5.7,179.5,7.7,27.6,4.5,179.8,6.6,Estádio São Januário,0
Vasco da Gama,2020,34,04/02/2021,21:00,Quinta,02,Flamengo,Derrota,0,2,Visitante,Raphael Claus,27.5,5.3,178.4,7.2,29.1,4.4,181.8,8.2,Estádio do Maracanã,0
Vasco da Gama,2020,35,10/02/2021,19:15,Quarta,02,Fortaleza,Derrota,0,3,Visitante,Braulio Da Silva Machado,26.2,5.1,179.9,7.4,28.8,5.3,181.9,4.1,Estádio Governador Plácido Castelo,0
Vasco da Gama,2020,36,14/02/2021,16:00,Domingo,02,Internacional,Derrota,0,2,Mandante,Flavio Rodrigues De Souza,28.2,5.7,179.4,6.1,25.5,5.3,181.9,5.9,Estádio São Januário,0
Vasco da Gama,2020,37,21/02/2021,16:00,Domingo,02,Corinthians,Empate,0,0,Visitante,Anderson Daronco,27.8,5.8,179.5,6.0,28.5,4.4,177.5,8.9,Neo Química Arena,0
Vasco da Gama,2020,38,25/02/2021,21:30,Quinta,02,Goiás,Vitória,3,2,Mandante,Leandro Pedro Vuaden,27.8,5.8,179.5,6.0,26.2,5.6,182.9,6.9,Estádio São Januário,0
Vasco da Gama,2023,1,15/04/2023,21:00,Sábado,04,Atlético Mineiro,Vitória,2,1,Visitante,Raphael Claus,25.4,3.9,180.8,5.3,28.5,4.1,178.3,6.8,Governador Magalhães Pinto,34980
Vasco da Gama,2023,2,23/04/2023,16:00,Domingo,04,Palmeiras,Empate,2,2,Mandante,Rafael Rodrigo Klein,25.4,3.9,180.8,5.3,26.6,4.2,179.5,7.3,Estádio São Januário,59867
Vasco da Gama,2023,3,01/05/2023,20:00,Segunda,05,Bahia,Derrota,0,1,Mandante,Flavio Rodrigues De Souza,25.3,4.1,181.5,5.1,27.0,2.4,181.4,6.2,Estádio São Januário,19223
Vasco da Gama,2023,4,06/05/2023,21:00,Sábado,05,Fluminense,Empate,1,1,Visitante,Wilton Pereira Sampaio,25.5,3.9,180.8,5.3,30.8,7.0,178.5,6.7,Estádio do Maracanã,39850
Vasco da Gama,2023,5,11/05/2023,19:00,Quinta,05,Coritiba,Empate,1,1,Visitante,Ramon Abatti Abel,25.5,3.9,180.8,5.3,27.6,4.7,181.2,6.8,Estádio Major Antônio Couto Pereira,20880
Vasco da Gama,2023,6,14/05/2023,16:00,Domingo,05,Santos,Derrota,0,1,Mandante,Rodrigo Jose Pereira de Lima,24.5,3.1,181.5,4.9,25.6,4.4,181.3,6.9,Estádio São Januário,18476
Vasco da Gama,2023,7,20/05/2023,18:30,Sábado,05,São Paulo,Derrota,2,4,Visitante,Leandro Pedro Vuaden,24.5,3.1,181.5,4.9,26.8,5.2,180.4,6.6,MorumBIS,57399
Vasco da Gama,2023,8,27/05/2023,16:00,Sábado,05,Fortaleza,Derrota,0,2,Visitante,Edina Alves Batista,25.3,4.0,179.5,5.0,29.5,4.4,179.0,4.7,Estádio Governador Plácido Castelo,37625
Vasco da Gama,2023,9,05/06/2023,20:00,Segunda,06,Flamengo,Derrota,1,4,Mandante,Braulio Da Silva Machado,26.2,3.3,180.6,6.5,26.1,4.5,184.1,5.9,Estádio do Maracanã,46423
Vasco da Gama,2023,10,11/06/2023,16:00,Domingo,06,Internacional,Derrota,1,2,Visitante,Edina Alves Batista,25.1,4.5,182.0,4.6,28.9,3.9,179.7,7.2,Estádio Beira-Rio,18044
Vasco da Gama,2023,11,22/06/2023,20:00,Quinta,06,Goiás,Derrota,0,1,Mandante,Jean Pierre Goncalves Lima,23.9,4.5,181.6,4.0,28.2,3.2,181.2,5.1,Estádio São Januário,17647
Vasco da Gama,2023,12,26/06/2023,21:00,Segunda,06,Cuiabá,Vitória,1,0,Mandante,Rafael Rodrigo Klein,24.8,4.5,180.8,4.4,28.9,4.3,181.5,5.1,Estádio São Januário,N.A
Vasco da Gama,2023,13,02/07/2023,16:00,Domingo,07,Botafogo,Derrota,0,2,Visitante,Raphael Claus,25.4,3.6,181.3,6.0,28.7,4.5,183.1,6.6,Estádio Nilton Santos,38798
Vasco da Gama,2023,14,08/07/2023,16:00,Sábado,07,Cruzeiro,Derrota,0,1,Mandante,Savio Pereira Sampaio,25.3,4.4,181.5,6.3,27.1,4.3,179.5,5.8,Estádio São Januário,N.A
Vasco da Gama,2023,16,23/07/2023,18:30,Domingo,07,Athletico,Derrota,0,2,Mandante,Paulo Cesar Zanovelli da Silva,25.4,4.1,179.9,6.4,25.7,5.8,181.0,6.4,Estádio São Januário,N.A
Vasco da Gama,2023,17,29/07/2023,18:30,Sábado,07,Corinthians,Derrota,1,3,Visitante,Leandro Pedro Vuaden,26.3,3.9,181.3,5.0,28.6,6.0,182.1,6.6,Neo Química Arena,N.A
Vasco da Gama,2023,18,06/08/2023,16:00,Domingo,08,Grêmio,Vitória,1,0,Mandante,Luiz Flávio de Oliveira,25.8,3.8,179.4,6.0,28.6,4.2,180.8,4.8,Estádio São Januário,N.A
Vasco da Gama,2023,19,14/08/2023,21:00,Segunda,08,Red Bull Bragantino,Empate,1,1,Visitante,Anderson Daronco,26.5,4.8,179.7,6.2,24.6,3.8,182.0,5.6,Estádio Nabi Abi Chedid,5553
Vasco da Gama,2023,20,20/08/2023,11:00,Domingo,08,Atlético Mineiro,Vitória,1,0,Mandante,Braulio Da Silva Machado,27.2,4.5,180.8,5.5,29.8,4.0,180.8,5.9,Estádio São Januário,53540
Vasco da Gama,2023,21,27/08/2023,18:30,Domingo,08,Palmeiras,Derrota,0,1,Visitante,Wilton Pereira Sampaio,27.9,5.0,181.5,6.3,28.0,3.7,178.4,7.9,Nubank Parque,40292
Vasco da Gama,2023,22,03/09/2023,18:30,Domingo,09,Bahia,Empate,1,1,Visitante,Ramon Abatti Abel,28.2,4.9,181.5,6.2,29.1,1.8,181.6,5.1,Arena Fonte Nova,46705
Vasco da Gama,2023,23,16/09/2023,16:00,Sábado,09,Fluminense,Vitória,4,2,Mandante,Raphael Claus,27.1,4.7,182.3,6.2,28.8,6.9,177.5,5.8,Estádio Nilton Santos,35850
Vasco da Gama,2023,24,21/09/2023,19:00,Quinta,09,Coritiba,Vitória,5,1,Mandante,Flavio Rodrigues De Souza,28.8,4.9,179.6,6.4,29.4,4.0,183.0,6.7,Estádio São Januário,20321
Vasco da Gama,2023,15,25/09/2023,20:00,Segunda,09,América Mineiro,Vitória,1,0,Visitante,Ramon Abatti Abel,28.8,4.9,179.6,6.4,29.7,5.6,183.0,7.3,Arena Independência,8498
Vasco da Gama,2023,25,01/10/2023,16:00,Domingo,10,Santos,Derrota,1,4,Visitante,Anderson Daronco,26.6,4.9,181.1,5.6,27.2,4.7,178.9,7.9,Estádio Urbano Caldeira,N.A
Vasco da Gama,2023,26,07/10/2023,18:30,Sábado,10,São Paulo,Empate,0,0,Mandante,Braulio Da Silva Machado,26.5,4.8,182.2,5.7,27.4,4.4,179.5,6.0,Estádio São Januário,20690
Vasco da Gama,2023,27,18/10/2023,21:30,Quarta,10,Fortaleza,Vitória,1,0,Mandante,Leandro Pedro Vuaden,27.5,5.6,182.4,5.4,29.4,3.7,177.5,6.0,Estádio São Januário,20255
Vasco da Gama,2023,28,22/10/2023,16:00,Domingo,10,Flamengo,Derrota,0,1,Visitante,Raphael Claus,28.2,5.2,179.5,5.9,27.4,3.0,184.3,6.2,Estádio do Maracanã,69473
Vasco da Gama,2023,29,26/10/2023,19:00,Quinta,10,Internacional,Derrota,1,2,Mandante,Luiz Flávio de Oliveira,28.2,5.2,179.5,5.9,29.5,4.8,177.8,6.6,Estádio São Januário,20098
Vasco da Gama,2023,30,29/10/2023,16:00,Domingo,10,Goiás,Empate,1,1,Visitante,Flavio Rodrigues De Souza,29.8,4.3,181.4,6.1,28.5,3.0,181.4,6.3,Estádio da Serrinha,12904
Vasco da Gama,2023,31,02/11/2023,17:00,Quinta,11,Cuiabá,Vitória,2,0,Visitante,Ramon Abatti Abel,26.5,5.0,179.5,6.6,27.6,4.3,183.5,6.1,Arena Pantanal,27604
Vasco da Gama,2023,32,06/11/2023,19:00,Segunda,11,Botafogo,Vitória,1,0,Mandante,Leandro Pedro Vuaden,27.4,5.5,180.0,6.9,30.6,2.6,183.3,6.7,Estádio São Januário,21043
Vasco da Gama,2023,34,12/11/2023,18:30,Domingo,11,América Mineiro,Vitória,2,1,Mandante,Savio Pereira Sampaio,28.7,5.2,180.1,6.8,29.9,4.2,180.0,6.5,Estádio São Januário,19478
Vasco da Gama,2023,33,22/11/2023,19:00,Quarta,11,Cruzeiro,Empate,2,2,Visitante,Leandro Pedro Vuaden,28.4,5.0,180.5,7.0,28.0,3.7,180.0,5.8,Governador Magalhães Pinto,N.A
Vasco da Gama,2023,35,25/11/2023,19:30,Sábado,11,Athletico,Empate,0,0,Visitante,Anderson Daronco,28.0,5.2,180.8,6.4,28.1,5.7,180.1,5.3,Arena da Baixada,22056
Vasco da Gama,2023,36,28/11/2023,21:30,Terça,11,Corinthians,Derrota,2,4,Mandante,Savio Pereira Sampaio,28.9,4.8,180.0,5.9,30.0,6.2,180.8,7.3,Estádio São Januário,20220
Vasco da Gama,2023,37,03/12/2023,18:30,Domingo,12,Grêmio,Derrota,0,1,Visitante,Ramon Abatti Abel,27.0,4.5,182.7,5.2,28.9,4.9,181.1,6.9,Arena do Grêmio,50481
Vasco da Gama,2023,38,06/12/2023,21:30,Quarta,12,Red Bull Bragantino,Vitória,2,1,Mandante,Wilton Pereira Sampaio,28.8,6.0,180.7,6.3,25.4,2.9,181.0,5.7,Estádio São Januário,20037
Vasco da Gama,2024,1,14/04/2024,16:00,Domingo,04,Grêmio,Vitória,2,1,Mandante,Flavio Rodrigues De Souza,28.3,4.6,178.6,5.5,28.9,4.3,178.0,8.3,Estádio São Januário,17722
Vasco da Gama,2024,2,17/04/2024,19:00,Quarta,04,Red Bull Bragantino,Derrota,1,2,Visitante,Paulo Cesar Zanovelli da Silva,27.3,3.8,180.1,5.4,24.1,3.5,179.9,5.7,Estádio Nabi Abi Chedid,5448
Vasco da Gama,2024,3,20/04/2024,16:00,Sábado,04,Fluminense,Derrota,1,2,Visitante,Wilton Pereira Sampaio,28.2,4.4,180.5,6.0,32.0,7.3,177.3,6.2,Estádio do Maracanã,25842
Vasco da Gama,2024,4,27/04/2024,16:00,Sábado,04,Criciúma,Derrota,0,4,Mandante,Caio Max Augusto Vieira,28.4,5.9,179.5,5.2,31.3,3.5,181.7,5.2,Estádio São Januário,17124
Vasco da Gama,2024,5,05/05/2024,16:00,Domingo,05,Athletico,Derrota,0,1,Visitante,Anderson Daronco,28.7,4.0,180.3,6.0,26.6,4.8,181.7,6.4,Arena da Baixada,31192
Vasco da Gama,2024,6,12/05/2024,18:30,Domingo,05,Vitória,Vitória,2,1,Mandante,Raphael Claus,29.5,4.7,181.1,6.3,26.7,1.9,181.2,7.6,Estádio São Januário,11084
Vasco da Gama,2024,7,02/06/2024,16:00,Domingo,06,Flamengo,Derrota,1,6,Mandante,Braulio Da Silva Machado,28.2,5.7,182.8,5.1,28.9,2.9,180.4,9.1,Estádio São Januário,62228
Vasco da Gama,2024,8,13/06/2024,21:30,Quinta,06,Palmeiras,Derrota,0,2,Visitante,Ramon Abatti Abel,29.1,3.6,181.3,6.0,27.3,5.5,179.5,6.3,Nubank Parque,37641
Vasco da Gama,2024,9,16/06/2024,18:30,Domingo,06,Cruzeiro,Empate,0,0,Mandante,Rafael Rodrigo Klein,28.6,4.7,180.7,6.6,27.2,4.0,178.5,7.4,Estádio São Januário,11275
Vasco da Gama,2024,10,19/06/2024,20:00,Quarta,06,Juventude,Derrota,0,2,Visitante,Paulo Cesar Zanovelli da Silva,27.7,4.2,180.5,6.3,29.3,5.7,180.5,8.5,Estádio Alfredo Jaconi,4838
Vasco da Gama,2024,11,22/06/2024,21:30,Sábado,06,São Paulo,Vitória,4,1,Mandante,Caio Max Augusto Vieira,27.1,4.9,181.5,6.2,28.0,4.2,180.0,4.9,Estádio São Januário,4897
Vasco da Gama,2024,12,26/06/2024,21:30,Quarta,06,Bahia,Derrota,1,2,Visitante,Joao Vitor Gobi,27.2,4.9,181.5,6.2,28.4,3.5,180.8,5.5,Arena Fonte Nova,38318
Vasco da Gama,2024,13,29/06/2024,18:30,Sábado,06,Botafogo,Empate,1,1,Mandante,Ramon Abatti Abel,27.1,5.4,181.7,6.1,29.7,4.7,183.0,6.3,Estádio São Januário,15593
Vasco da Gama,2024,14,03/07/2024,20:00,Quarta,07,Fortaleza,Vitória,2,0,Mandante,Matheus Delgado Candançan,29.0,4.9,180.2,6.0,31.1,3.7,179.7,4.0,Estádio São Januário,14384
Vasco da Gama,2024,15,07/07/2024,18:00,Domingo,07,Internacional,Vitória,2,1,Visitante,Gustavo Ervino Bauermann,26.2,4.9,178.3,6.2,29.6,5.8,180.2,7.5,Estádio Beira-Rio,41693
Vasco da Gama,2024,16,10/07/2024,19:00,Quarta,07,Corinthians,Vitória,2,0,Mandante,Rafael Rodrigo Klein,27.7,4.5,181.2,6.0,25.2,4.1,179.5,6.0,Estádio São Januário,23307
Vasco da Gama,2024,17,17/07/2024,19:00,Quarta,07,Atlético Goianiense,Vitória,1,0,Visitante,Matheus Delgado Candançan,27.7,4.5,181.2,6.0,27.1,2.1,182.4,9.4,Estádio Antônio Accioly,12089
Vasco da Gama,2024,18,21/07/2024,16:00,Domingo,07,Atlético Mineiro,Derrota,0,2,Visitante,Raphael Claus,27.7,4.5,181.2,6.0,29.1,4.2,179.9,8.1,Arena MRV,42353
Vasco da Gama,2024,20,28/07/2024,19:00,Domingo,07,Grêmio,Derrota,0,1,Visitante,Paulo Cesar Zanovelli da Silva,28.6,4.3,180.2,6.0,30.4,3.1,177.4,8.3,Arena do Grêmio,17621
Vasco da Gama,2024,21,03/08/2024,19:00,Sábado,08,Red Bull Bragantino,Empate,2,2,Mandante,Gustavo Ervino Bauermann,28.9,5.5,182.3,6.2,23.5,2.5,181.6,5.7,Estádio São Januário,17938
Vasco da Gama,2024,22,10/08/2024,21:30,Sábado,08,Fluminense,Vitória,2,0,Mandante,Anderson Daronco,29.8,4.7,180.5,5.9,30.1,7.2,179.0,7.2,Estádio São Januário,20003
Vasco da Gama,2024,23,18/08/2024,16:00,Domingo,08,Criciúma,Empate,2,2,Visitante,Paulo Cesar Zanovelli da Silva,26.6,4.7,179.6,5.2,31.2,4.0,182.8,5.1,Estádio Heriberto Hülse,18403
Vasco da Gama,2024,24,26/08/2024,21:00,Segunda,08,Athletico,Vitória,2,1,Mandante,Jonathan Benkenstein Pinheiro,28.5,5.2,180.1,6.6,26.9,5.0,180.3,7.9,Estádio São Januário,16433
Vasco da Gama,2024,25,01/09/2024,18:30,Domingo,09,Vitória,Vitória,1,0,Visitante,Luiz Flávio de Oliveira,27.2,5.1,181.6,5.8,28.7,4.1,178.7,7.0,Estádio Manoel Barradas,20923
Vasco da Gama,2024,26,15/09/2024,18:30,Domingo,09,Flamengo,Empate,1,1,Visitante,Raphael Claus,29.9,4.7,179.4,7.4,29.5,2.7,183.7,6.8,Estádio do Maracanã,65200
Vasco da Gama,2024,27,22/09/2024,16:00,Domingo,09,Palmeiras,Derrota,0,1,Mandante,Rafael Rodrigo Klein,28.7,5.7,181.4,5.4,26.9,4.7,181.8,5.4,Estádio São Januário,25755
Vasco da Gama,2024,28,29/09/2024,18:30,Domingo,09,Cruzeiro,Empate,1,1,Visitante,Matheus Delgado Candançan,27.9,3.7,180.5,5.2,27.9,3.9,178.8,6.8,Governador Magalhães Pinto,56331
Vasco da Gama,2024,29,05/10/2024,21:00,Sábado,10,Juventude,Empate,1,1,Mandante,Caio Max Augusto Vieira,29.0,5.0,180.8,6.3,28.8,4.1,181.5,7.0,Estádio São Januário,18036
Vasco da Gama,2024,30,16/10/2024,21:45,Quarta,10,São Paulo,Derrota,0,3,Visitante,Davi de Oliveira Lacerda,29.4,5.1,180.2,6.5,29.4,4.2,178.8,8.0,Estádio Brinco de Ouro da Princesa,15947
Vasco da Gama,2024,19,24/10/2024,19:00,Quinta,10,Cuiabá,Vitória,1,0,Mandante,Savio Pereira Sampaio,27.4,4.3,179.6,6.1,29.7,3.8,180.5,6.1,Estádio São Januário,16696
Vasco da Gama,2024,31,28/10/2024,21:00,Segunda,10,Bahia,Vitória,3,2,Mandante,Raphael Claus,27.5,5.4,181.0,5.8,28.8,3.6,180.5,5.6,Estádio São Januário,17213
Vasco da Gama,2024,32,05/11/2024,21:30,Terça,11,Botafogo,Derrota,0,3,Visitante,Bruno Arleu de Araujo,29.0,4.4,179.5,7.0,27.4,2.9,181.5,8.0,Estádio Nilton Santos,32007
Vasco da Gama,2024,33,09/11/2024,19:00,Sábado,11,Fortaleza,Derrota,0,3,Visitante,Lucas Paulo Torezin,28.4,4.2,181.0,5.5,30.6,3.9,179.1,5.7,Estádio Governador Plácido Castelo,45271
Vasco da Gama,2024,34,21/11/2024,20:00,Quinta,11,Internacional,Derrota,0,1,Mandante,Rodrigo Jose Pereira de Lima,28.2,5.0,179.1,6.0,28.7,3.7,179.6,6.0,Estádio São Januário,17339
Vasco da Gama,2024,35,24/11/2024,16:00,Domingo,11,Corinthians,Derrota,1,3,Visitante,Davi de Oliveira Lacerda,28.5,4.7,179.8,5.7,27.5,4.4,181.7,8.5,Neo Química Arena,46083
Vasco da Gama,2024,36,30/11/2024,21:30,Sábado,11,Atlético Goianiense,Empate,2,2,Mandante,Lucas Paulo Torezin,26.7,4.9,180.6,6.1,27.1,1.3,183.6,7.0,Estádio São Januário,18270
Vasco da Gama,2024,37,04/12/2024,19:00,Quarta,12,Atlético Mineiro,Vitória,2,0,Mandante,Lucas Paulo Torezin,29.2,4.0,179.6,5.5,30.5,4.3,181.3,5.4,Estádio São Januário,17074
Vasco da Gama,2024,38,08/12/2024,16:00,Domingo,12,Cuiabá,Vitória,2,1,Visitante,Tiago Gomes da Silva,28.7,4.6,179.8,6.1,25.9,4.4,183.1,6.9,Arena Pantanal,7030
Vasco da Gama,2025,1,30/03/2025,18:30,Domingo,03,Santos,Vitória,2,1,Mandante,Rafael Rodrigo Klein,28.6,3.4,178.6,6.5,27.6,5.4,181.4,6.6,Estádio São Januário,19550
Vasco da Gama,2025,2,05/04/2025,18:30,Sábado,04,Corinthians,Derrota,0,3,Visitante,Anderson Daronco,27.4,5.0,181.3,4.5,27.7,4.4,179.2,5.9,Neo Química Arena,43250
Vasco da Gama,2025,3,12/04/2025,21:00,Sábado,04,Sport Recife,Vitória,3,1,Mandante,Savio Pereira Sampaio,28.6,3.8,178.6,6.2,28.7,3.4,181.9,5.0,Estádio São Januário,15969
Vasco da Gama,2025,4,15/04/2025,21:30,Terça,04,Ceará,Derrota,1,2,Visitante,Denis da Silva Ribeiro Serafim,28.6,4.4,178.7,6.1,29.4,3.0,181.7,7.4,Estádio Governador Plácido Castelo,22693
Vasco da Gama,2025,5,19/04/2025,18:30,Sábado,04,Flamengo,Empate,0,0,Mandante,Raphael Claus,27.8,4.5,180.2,5.8,29.0,3.0,180.7,8.6,Estádio São Januário,39027
Vasco da Gama,2025,6,27/04/2025,18:30,Domingo,04,Cruzeiro,Derrota,0,1,Visitante,Rafael Rodrigo Klein,28.5,4.5,180.5,5.6,28.9,5.3,178.0,7.9,Parque do Sabiá,15398
Vasco da Gama,2025,7,04/05/2025,16:00,Domingo,05,Palmeiras,Derrota,0,1,Mandante,Davi de Oliveira Lacerda,26.1,3.5,180.3,5.1,26.3,5.4,181.6,5.3,Arena BRB Mané Garrincha,30318
Vasco da Gama,2025,8,10/05/2025,18:30,Sábado,05,Vitória,Derrota,1,2,Visitante,Wilton Pereira Sampaio,26.8,5.1,181.0,6.2,29.1,4.0,178.6,8.4,Estádio Manoel Barradas,15759
Vasco da Gama,2025,9,17/05/2025,18:30,Sábado,05,Fortaleza,Vitória,3,0,Mandante,Anderson Daronco,27.6,5.3,180.3,6.3,29.6,4.6,179.8,6.0,Estádio São Januário,12451
Vasco da Gama,2025,10,24/05/2025,18:30,Sábado,05,Fluminense,Derrota,1,2,Visitante,Rodrigo Jose Pereira de Lima,26.8,5.1,181.0,5.8,30.6,6.5,178.6,4.8,Estádio do Maracanã,42422
Vasco da Gama,2025,11,31/05/2025,21:00,Sábado,05,Red Bull Bragantino,Derrota,0,2,Mandante,Paulo Cesar Zanovelli da Silva,28.4,4.7,180.0,5.9,26.4,3.8,179.0,7.5,Estádio São Januário,14507
Vasco da Gama,2025,12,12/06/2025,21:30,Quinta,06,São Paulo,Vitória,3,1,Visitante,Rafael Rodrigo Klein,28.2,4.7,179.9,6.0,28.6,5.7,180.5,6.0,MorumBIS,20332
Vasco da Gama,2025,13,12/07/2025,18:30,Sábado,07,Botafogo,Derrota,0,2,Mandante,Anderson Daronco,28.2,4.7,179.9,6.0,28.3,3.7,180.9,9.3,Arena BRB Mané Garrincha,31468
Vasco da Gama,2025,15,19/07/2025,17:30,Sábado,07,Grêmio,Empate,1,1,Mandante,Felipe Fernandes de Lima,28.0,4.5,180.5,5.4,28.9,5.3,180.6,6.8,Estádio São Januário,15556
Vasco da Gama,2025,17,27/07/2025,18:30,Domingo,07,Internacional,Empate,1,1,Visitante,Flavio Rodrigues De Souza,28.2,4.5,180.5,5.3,27.6,4.8,179.2,6.2,Estádio Beira-Rio,15031
Vasco da Gama,2025,18,02/08/2025,18:30,Sábado,08,Mirassol,Derrota,2,3,Visitante,Wilton Pereira Sampaio,28.5,4.5,181.0,6.2,29.8,3.7,179.6,6.4,Estádio José Maria de Campos Maia,5010
Vasco da Gama,2025,19,10/08/2025,16:00,Domingo,08,Atlético Mineiro,Empate,1,1,Mandante,Davi de Oliveira Lacerda,28.7,4.6,180.5,5.9,28.5,3.4,178.6,7.1,Estádio São Januário,16157
Vasco da Gama,2025,20,17/08/2025,16:00,Domingo,08,Santos,Vitória,6,0,Visitante,Ramon Abatti Abel,28.1,4.0,178.4,4.9,27.8,5.4,181.6,6.8,Estádio Urbano Caldeira,54428
Vasco da Gama,2025,14,20/08/2025,19:00,Quarta,08,Juventude,Derrota,0,2,Visitante,Matheus Delgado Candançan,28.9,4.9,179.6,5.6,30.6,6.0,179.0,6.4,Estádio Alfredo Jaconi,8210
Vasco da Gama,2025,21,24/08/2025,16:00,Domingo,08,Corinthians,Derrota,2,3,Mandante,Rodrigo Jose Pereira de Lima,28.0,4.0,179.1,5.0,26.4,4.5,182.0,8.4,Estádio São Januário,20329
Vasco da Gama,2025,22,31/08/2025,20:30,Domingo,08,Sport Recife,Vitória,3,2,Visitante,Raphael Claus,27.6,4.9,180.5,5.3,28.4,4.9,181.3,8.5,Ilha do Retiro,15434
Vasco da Gama,2025,23,14/09/2025,20:30,Domingo,09,Ceará,Empate,2,2,Mandante,Matheus Delgado Candançan,26.8,5.2,181.5,5.4,28.0,2.9,180.3,8.6,Estádio São Januário,17497
Vasco da Gama,2025,24,21/09/2025,17:30,Domingo,09,Flamengo,Empate,1,1,Visitante,Rafael Rodrigo Klein,27.4,5.0,180.7,5.5,29.5,2.8,181.6,5.9,Estádio do Maracanã,62156
Vasco da Gama,2025,16,24/09/2025,19:30,Quarta,09,Bahia,Vitória,3,1,Mandante,Joao Vitor Gobi,28.0,4.3,179.4,5.7,28.6,4.4,182.8,5.9,Estádio São Januário,16188
Vasco da Gama,2025,25,27/09/2025,18:30,Sábado,09,Cruzeiro,Vitória,2,0,Mandante,Rodrigo Jose Pereira de Lima,27.4,5.0,180.7,5.5,28.7,4.8,180.1,8.1,Estádio São Januário,19685
Vasco da Gama,2025,26,01/10/2025,19:00,Quarta,10,Palmeiras,Derrota,0,3,Visitante,Murilo Ugolini Klein,28.8,4.8,180.7,6.0,28.3,4.8,181.1,5.4,Nubank Parque,34355
Vasco da Gama,2025,27,05/10/2025,16:00,Domingo,10,Vitória,Vitória,4,3,Mandante,Fernando Antonio Mendes de Salles Nascimento Filho,28.0,5.3,180.4,5.7,28.0,3.5,181.2,6.2,Estádio São Januário,19850
Vasco da Gama,2025,28,15/10/2025,21:30,Quarta,10,Fortaleza,Vitória,2,0,Visitante,Wilton Pereira Sampaio,26.2,4.5,178.7,5.6,29.2,3.6,178.5,5.2,Estádio Governador Plácido Castelo,27658
Vasco da Gama,2025,29,20/10/2025,19:30,Segunda,10,Fluminense,Vitória,2,0,Mandante,Wagner do Nascimento Magalhaes,26.4,4.5,178.5,5.7,32.1,6.7,176.1,7.4,Estádio do Maracanã,53746
Vasco da Gama,2025,30,26/10/2025,18:30,Domingo,10,Red Bull Bragantino,Vitória,3,0,Visitante,Savio Pereira Sampaio,28.0,4.9,178.7,5.9,26.8,3.1,183.1,7.3,Estádio Cícero de Souza Marques,6247
Vasco da Gama,2025,31,02/11/2025,20:30,Domingo,11,São Paulo,Derrota,0,2,Mandante,Wilton Pereira Sampaio,26.4,4.5,178.5,5.7,28.7,4.2,178.7,7.5,Estádio São Januário,20359
Vasco da Gama,2025,32,05/11/2025,19:30,Quarta,11,Botafogo,Derrota,0,3,Visitante,Bruno Arleu de Araujo,27.3,5.5,180.5,5.7,27.8,3.1,182.5,8.0,Estádio Nilton Santos,25506
Vasco da Gama,2025,33,08/11/2025,18:00,Sábado,11,Juventude,Derrota,1,3,Mandante,Fernando Antonio Mendes de Salles Nascimento Filho,25.9,4.1,178.7,5.6,30.5,5.0,180.6,4.9,Estádio São Januário,20000
Vasco da Gama,2025,34,19/11/2025,21:30,Quarta,11,Grêmio,Derrota,0,2,Visitante,Raphael Claus,27.8,5.3,180.5,5.7,29.5,3.7,178.6,8.4,Arena do Grêmio,33807
Vasco da Gama,2025,35,23/11/2025,16:00,Domingo,11,Bahia,Derrota,0,1,Visitante,Jefferson Ferreira de Moraes,24.9,3.5,179.8,5.3,29.3,3.9,179.5,7.4,Arena Fonte Nova,43074
Vasco da Gama,2025,36,28/11/2025,19:30,Sexta,11,Internacional,Vitória,5,1,Mandante,Rodrigo Jose Pereira de Lima,26.5,4.6,178.6,5.6,28.6,4.4,177.3,6.3,Estádio São Januário,19330
Vasco da Gama,2025,37,02/12/2025,19:00,Terça,12,Mirassol,Derrota,0,2,Mandante,Paulo Cesar Zanovelli da Silva,26.5,4.6,178.6,5.6,28.7,3.9,178.8,6.5,Estádio São Januário,19496
Vasco da Gama,2025,38,07/12/2025,16:00,Domingo,12,Atlético Mineiro,Derrota,0,5,Visitante,Lucas Paulo Torezin,28.9,4.2,181.5,5.1,32.3,3.6,177.5,8.7,Arena MRV,20622
